"D:/game_develop/github/Orka2026-1/Orka/Orka.uproject" 1
"../../../Engine/Plugins/AudioGameplayVolume/AudioGameplayVolume.uplugin" 2
"../../../Engine/Plugins/AudioInsights/AudioInsights.uplugin" 3
"../../../Engine/Plugins/AudioGameplay/AudioGameplay.uplugin" 4
"../../../Engine/Plugins/BaseMaterial/BaseMaterial.uplugin" 5
"../../../Engine/Plugins/BlueprintFileUtils/BlueprintFileUtils.uplugin" 6
"../../../Engine/Plugins/Bridge/Bridge.uplugin" 7
"../../../Engine/Plugins/ChaosClothAsset/ChaosClothAsset.uplugin" 8
"../../../Engine/Plugins/ChaosCloth/ChaosCloth.uplugin" 9
"../../../Engine/Plugins/ChaosClothAssetEditor/ChaosClothAssetEditor.uplugin" 10
"../../../Engine/Plugins/DiscoveryBeaconReceiver/DiscoveryBeaconReceiver.uplugin" 11
"../../../Engine/Plugins/ChaosInsights/ChaosInsights.uplugin" 12
"../../../Engine/Plugins/Chooser/Chooser.uplugin" 13
"../../../Engine/Plugins/CmdLinkServer/CmdLinkServer.uplugin" 14
"../../../Engine/Plugins/EnhancedInput/EnhancedInput.uplugin" 15
"../../../Engine/Plugins/ChaosVD/ChaosVD.uplugin" 16
"../../../Engine/Plugins/Fab/Fab.uplugin" 17
"../../../Engine/Plugins/FastBuildController/FastBuildController.uplugin" 18
"../../../Engine/Plugins/LightWeightInstancesEditor/LightWeightInstancesEditor.uplugin" 19
"../../../Engine/Plugins/IoStoreInsights/IoStoreInsights.uplugin" 20
"../../../Engine/Plugins/JsonBlueprintUtilities/JsonBlueprintUtilities.uplugin" 21
"../../../Engine/Plugins/MemoryUsageQueries/MemoryUsageQueries.uplugin" 22
"../../../Engine/Plugins/MassInsights/MassInsights.uplugin" 23
"../../../Engine/Plugins/ScriptPlugin/ScriptPlugin.uplugin" 24
"../../../Engine/Plugins/MeshPainting/MeshPainting.uplugin" 25
"../../../Engine/Plugins/RenderGraphInsights/RenderGraphInsights.uplugin" 26
"../../../Engine/Plugins/Mutable/Mutable.uplugin" 27
"../../../Engine/Plugins/PCG/PCG.uplugin" 28
"../../../Engine/Plugins/UbaController/UbaController.uplugin" 29
"../../../Engine/Plugins/TextureGraph/TextureGraph.uplugin" 30
"../../../Engine/Plugins/AI/AISupport/AISupport.uplugin" 31
"../../../Engine/Plugins/TraceUtilities/TraceUtilities.uplugin" 32
"../../../Engine/Plugins/AI/EnvironmentQueryEditor/EnvironmentQueryEditor.uplugin" 33
"../../../Engine/Plugins/WorldMetrics/WorldMetrics.uplugin" 34
"../../../Engine/Plugins/XGEController/XGEController.uplugin" 35
"../../../Engine/Plugins/Editor/AssetManagerEditor/AssetManagerEditor.uplugin" 36
"../../../Engine/Plugins/AI/MassAI/MassAI.uplugin" 37
"../../../Engine/Plugins/Editor/AssetRegistryExport/AssetRegistryExport.uplugin" 38
"../../../Engine/Plugins/AI/HTNPlanner/HTNPlanner.uplugin" 39
"../../../Engine/Plugins/Compression/OodleNetwork/OodleNetwork.uplugin" 40
"../../../Engine/Plugins/AI/MassCrowd/MassCrowd.uplugin" 41
"../../../Engine/Plugins/Editor/AssetReferenceRestrictions/AssetReferenceRestrictions.uplugin" 42
"../../../Engine/Plugins/AI/MLAdapter/MLAdapter.uplugin" 43
"../../../Engine/Plugins/Editor/BlueprintHeaderView/BlueprintHeaderView.uplugin" 44
"../../../Engine/Plugins/Editor/ColorGrading/ColorGrading.uplugin" 45
"../../../Engine/Plugins/Editor/AssetSearch/AssetSearch.uplugin" 46
"../../../Engine/Plugins/Editor/ChangelistReview/ChangelistReview.uplugin" 47
"../../../Engine/Plugins/Editor/ConsoleVariablesEditor/ConsoleVariables.uplugin" 48
"../../../Engine/Plugins/Editor/CurveEditorTools/CurveEditorTools.uplugin" 49
"../../../Engine/Plugins/Editor/CryptoKeys/CryptoKeys.uplugin" 50
"../../../Engine/Plugins/Editor/FacialAnimation/FacialAnimation.uplugin" 51
"../../../Engine/Plugins/Editor/EditorDebugTools/EditorDebugTools.uplugin" 52
"../../../Engine/Plugins/Editor/BlueprintMaterialTextureNodes/BlueprintMaterialTextureNodes.uplugin" 53
"../../../Engine/Plugins/Editor/DataValidation/DataValidation.uplugin" 54
"../../../Engine/Plugins/Editor/GuidedTutorials/GuidedTutorials.uplugin" 55
"../../../Engine/Plugins/Editor/GeometryMode/GeometryMode.uplugin" 56
"../../../Engine/Plugins/Editor/DisplayClusterLaunch/DisplayClusterLaunch.uplugin" 57
"../../../Engine/Plugins/Editor/GameplayTagsEditor/GameplayTagsEditor.uplugin" 58
"../../../Engine/Plugins/Editor/EditorScriptingUtilities/EditorScriptingUtilities.uplugin" 59
"../../../Engine/Plugins/Editor/MacGraphicsSwitching/MacGraphicsSwitching.uplugin" 60
"../../../Engine/Plugins/Editor/MobileLauncherProfileWizard/MobileLauncherProfileWizard.uplugin" 61
"../../../Engine/Plugins/Editor/LiveUpdateForSlate/LiveUpdateForSlate.uplugin" 62
"../../../Engine/Plugins/Editor/ModelViewViewModelPreview/ModelViewViewModelPreview.uplugin" 63
"../../../Engine/Plugins/Editor/EditorSysConfigAssistant/EditorSysConfigAssistant.uplugin" 64
"../../../Engine/Plugins/Editor/ProxyLODPlugin/ProxyLODPlugin.uplugin" 65
"../../../Engine/Plugins/Editor/PluginBrowser/PluginBrowser.uplugin" 66
"../../../Engine/Plugins/Editor/EngineAssetDefinitions/EngineAssetDefinitions.uplugin" 67
"../../../Engine/Plugins/Editor/ModelingToolsEditorMode/ModelingToolsEditorMode.uplugin" 68
"../../../Engine/Plugins/Editor/StylusInput/StylusInput.uplugin" 69
"../../../Engine/Plugins/Editor/SpeedTreeImporter/SpeedTreeImporter.uplugin" 70
"../../../Engine/Plugins/Editor/StaticMeshEditorModeling/StaticMeshEditorModeling.uplugin" 71
"../../../Engine/Plugins/Editor/SequencerAnimTools/SequencerAnimTools.uplugin" 72
"../../../Engine/Plugins/Editor/UMGWidgetPreview/UMGWidgetPreview.uplugin" 73
"../../../Engine/Plugins/Editor/LandscapePatch/LandscapePatch.uplugin" 74
"../../../Engine/Plugins/Editor/SampleToolsEditorMode/SampleToolsEditorMode.uplugin" 75
"../../../Engine/Plugins/Editor/WorldPartitionHLODUtilities/WorldPartitionHLODUtilities.uplugin" 76
"../../../Engine/Plugins/Editor/UVEditor/UVEditor.uplugin" 77
"../../../Engine/Plugins/Editor/WaveformEditor/WaveformEditor.uplugin" 78
"../../../Engine/Plugins/Experimental/ActorPalette/ActorPalette.uplugin" 79
"../../../Engine/Plugins/Experimental/AbilitySystemGameFeatureActions/AbilitySystemGameFeatureActions.uplugin" 80
"../../../Engine/Plugins/Editor/MaterialAnalyzer/MaterialAnalyzer.uplugin" 81
"../../../Engine/Plugins/Experimental/AIAssistant/AIAssistant.uplugin" 82
"../../../Engine/Plugins/Experimental/AsyncMessageSystemTests/AsyncMessageSystemTests.uplugin" 83
"../../../Engine/Plugins/Experimental/AutomationUtils/AutomationUtils.uplugin" 84
"../../../Engine/Plugins/Experimental/AvalancheDisplayCluster/AvalancheDisplayCluster.uplugin" 85
"../../../Engine/Plugins/Experimental/AnimToTexture/AnimToTexture.uplugin" 86
"../../../Engine/Plugins/Experimental/AvalancheSequenceNavigator/AvalancheSequenceNavigator.uplugin" 87
"../../../Engine/Plugins/Editor/MakeCookedEditorAsDLC/MakeCookedEditorAsDLC.uplugin" 88
"../../../Engine/Plugins/Experimental/BackChannel/BackChannel.uplugin" 89
"../../../Engine/Plugins/Experimental/BlueprintStats/BlueprintStats.uplugin" 90
"../../../Engine/Plugins/Editor/MeshLODToolset/MeshLODToolset.uplugin" 91
"../../../Engine/Plugins/Experimental/AsyncMessageSystem/AsyncMessageSystem.uplugin" 92
"../../../Engine/Plugins/Experimental/ChaosEditor/ChaosEditor.uplugin" 93
"../../../Engine/Plugins/Experimental/ChaosCachingUSD/ChaosCachingUSD.uplugin" 94
"../../../Engine/Plugins/Experimental/Buoyancy/Buoyancy.uplugin" 95
"../../../Engine/Plugins/Experimental/ChaosModularVehicleExamples/ChaosModularVehicleExamples.uplugin" 96
"../../../Engine/Plugins/Experimental/ChaosNiagara/ChaosNiagara.uplugin" 97
"../../../Engine/Plugins/Experimental/ChaosCaching/ChaosCaching.uplugin" 98
"../../../Engine/Plugins/Experimental/ChaosSolverPlugin/ChaosSolverPlugin.uplugin" 99
"../../../Engine/Plugins/Experimental/ChaosFlesh/ChaosFlesh.uplugin" 100
"../../../Engine/Plugins/Experimental/BlueprintSnapNodes/BlueprintSnapNodes.uplugin" 101
"../../../Engine/Plugins/Experimental/ChaosRigidAsset/ChaosRigidAsset.uplugin" 102
"../../../Engine/Plugins/Experimental/CelestialVault/CelestialVault.uplugin" 103
"../../../Engine/Plugins/Experimental/CharacterAI/CharacterAI.uplugin" 104
"../../../Engine/Plugins/Experimental/ChaosOutfitAsset/ChaosOutfitAsset.uplugin" 105
"../../../Engine/Plugins/Experimental/ChaosVehiclesPlugin/ChaosVehiclesPlugin.uplugin" 106
"../../../Engine/Plugins/Experimental/ChaosUserDataPT/ChaosUserDataPT.uplugin" 107
"../../../Engine/Plugins/Experimental/ChaosClothEditor/ChaosClothEditor.uplugin" 108
"../../../Engine/Plugins/Experimental/CineCameraRigs/CineCameraRigs.uplugin" 109
"../../../Engine/Plugins/Experimental/CodeView/CodeView.uplugin" 110
"../../../Engine/Plugins/Experimental/ColorCorrectRegions/ColorCorrectRegions.uplugin" 111
"../../../Engine/Plugins/Experimental/AdvancedRenamer/AdvancedRenamer.uplugin" 112
"../../../Engine/Plugins/Experimental/CineCameraSceneCapture/CineCameraSceneCapture.uplugin" 113
"../../../Engine/Plugins/Experimental/ChaosModularVehicle/ChaosModularVehicle.uplugin" 114
"../../../Engine/Plugins/Experimental/ControlFlows/ControlFlows.uplugin" 115
"../../../Engine/Plugins/Experimental/CommonConversation/CommonConversation.uplugin" 116
"../../../Engine/Plugins/Experimental/ChaosMover/ChaosMover.uplugin" 117
"../../../Engine/Plugins/Experimental/DefaultInstallBundleManager/DefaultInstallBundleManager.uplugin" 118
"../../../Engine/Plugins/Experimental/DynamicWind/DynamicWind.uplugin" 119
"../../../Engine/Plugins/Experimental/DynamicMaterialMediaStreamBridge/DynamicMaterialMediaStreamBridge.uplugin" 120
"../../../Engine/Plugins/Experimental/CinematicPrestreaming/CinematicPrestreaming.uplugin" 121
"../../../Engine/Plugins/Experimental/DrawDebugLibrary/DrawDebugLibrary.uplugin" 122
"../../../Engine/Plugins/Editor/ScriptableToolsEditorMode/ScriptableToolsEditorMode.uplugin" 123
"../../../Engine/Plugins/Experimental/EditorTelemetry/EditorTelemetry.uplugin" 124
"../../../Engine/Plugins/Experimental/DaySequence/DaySequence.uplugin" 125
"../../../Engine/Plugins/Experimental/EditorDataStorage/EditorDataStorage.uplugin" 126
"../../../Engine/Plugins/Experimental/FastGeoStreaming/FastGeoStreaming.uplugin" 127
"../../../Engine/Plugins/Experimental/CinematicSequenceNavigator/CinematicSequenceNavigator.uplugin" 128
"../../../Engine/Plugins/Experimental/GameInputWindows/GameInputWindows.uplugin" 129
"../../../Engine/Plugins/Experimental/EvaluationNotifies/EvaluationNotifies.uplugin" 130
"../../../Engine/Plugins/Experimental/FieldSystemPlugin/FieldSystemPlugin.uplugin" 131
"../../../Engine/Plugins/Experimental/FullBodyIK/FullBodyIK.uplugin" 132
"../../../Engine/Plugins/Experimental/ControlRigPhysics/ControlRigPhysics.uplugin" 133
"../../../Engine/Plugins/Experimental/GameplayGraph/GameplayGraph.uplugin" 134
"../../../Engine/Plugins/Experimental/Fracture/Fracture.uplugin" 135
"../../../Engine/Plugins/Experimental/GameplayBehaviors/GameplayBehaviors.uplugin" 136
"../../../Engine/Plugins/Experimental/FloatingProperties/FloatingProperties.uplugin" 137
"../../../Engine/Plugins/Experimental/GameplayTargetingSystem/TargetingSystem.uplugin" 138
"../../../Engine/Plugins/Experimental/EditorDataStorageFeatures/EditorDataStorageFeatures.uplugin" 139
"../../../Engine/Plugins/Experimental/GeometryCacheAbcFile/GeometryCacheAbcFile.uplugin" 140
"../../../Engine/Plugins/Experimental/Gauntlet/Gauntlet.uplugin" 141
"../../../Engine/Plugins/Experimental/Dataflow/Dataflow.uplugin" 142
"../../../Engine/Plugins/Experimental/GeometryDataflow/GeometryDataflow.uplugin" 143
"../../../Engine/Plugins/Experimental/GeometryFlow/GeometryFlow.uplugin" 144
"../../../Engine/Plugins/Experimental/CodeEditor/CodeEditor.uplugin" 145
"../../../Engine/Plugins/Experimental/GizmoEdMode/GizmoEdMode.uplugin" 146
"../../../Engine/Plugins/Experimental/GizmoFramework/GizmoFramework.uplugin" 147
"../../../Engine/Plugins/Experimental/EditorPerformance/EditorPerformance.uplugin" 148
"../../../Engine/Plugins/Experimental/GPULightmass/GPULightmass.uplugin" 149
"../../../Engine/Plugins/Experimental/GlobalConfigurationData/GlobalConfigurationData.uplugin" 150
"../../../Engine/Plugins/Experimental/HairCardGenerator/HairCardGenerator.uplugin" 151
"../../../Engine/Plugins/Experimental/GeometryCollectionPlugin/GeometryCollectionPlugin.uplugin" 152
"../../../Engine/Plugins/Experimental/ImagePlate/ImagePlate.uplugin" 153
"../../../Engine/Plugins/Experimental/GeometryCacheLevelSequenceBaker/GeometryCacheLevelSequenceBaker.uplugin" 154
"../../../Engine/Plugins/Experimental/HairStrandsMutable/HairStrandsMutable.uplugin" 155
"../../../Engine/Plugins/Experimental/HairModelingToolset/HairModelingToolset.uplugin" 156
"../../../Engine/Plugins/Experimental/InstanceDataObjectFixupTool/InstanceDataObjectFixupTool.uplugin" 157
"../../../Engine/Plugins/Experimental/InEditorDocumentation/InEditorDocumentation.uplugin" 158
"../../../Engine/Plugins/Experimental/ImageWidgets/ImageWidgets.uplugin" 159
"../../../Engine/Plugins/Experimental/InteractionInterface/InteractionInterface.uplugin" 160
"../../../Engine/Plugins/Experimental/InlineMaterialInstance/InlineMaterialInstance.uplugin" 161
"../../../Engine/Plugins/Experimental/JWT/JWT.uplugin" 162
"../../../Engine/Plugins/Experimental/ImpostorBaker/ImpostorBaker.uplugin" 163
"../../../Engine/Plugins/Experimental/LiveLinkControlRig/LiveLinkControlRig.uplugin" 164
"../../../Engine/Plugins/Experimental/LowLevelNetTrace/LowLevelNetTrace.uplugin" 165
"../../../Engine/Plugins/Experimental/Landmass/Landmass.uplugin" 166
"../../../Engine/Plugins/Experimental/LearningAgents/LearningAgents.uplugin" 167
"../../../Engine/Plugins/Experimental/LevelSequenceNavigatorBridge/LevelSequenceNavigatorBridge.uplugin" 168
"../../../Engine/Plugins/Experimental/LiveLinkOpenVR/LiveLinkOpenVR.uplugin" 169
"../../../Engine/Plugins/Experimental/MediaStream/MediaStream.uplugin" 170
"../../../Engine/Plugins/Experimental/LiveLinkFaceImporter/LiveLinkFaceImporter.uplugin" 171
"../../../Engine/Plugins/Experimental/Iris/Iris.uplugin" 172
"../../../Engine/Plugins/Experimental/MoverExamples/MoverExamples.uplugin" 173
"../../../Engine/Plugins/Experimental/MLflow/MLflow.uplugin" 174
"../../../Engine/Plugins/Experimental/MoverIntegrations/MoverIntegrations.uplugin" 175
"../../../Engine/Plugins/Experimental/MotorSimOutputMotoSynth/MotorSimOutputMotoSynth.uplugin" 176
"../../../Engine/Plugins/Experimental/LocalizableMessage/LocalizableMessage.uplugin" 177
"../../../Engine/Plugins/Experimental/MotoSynth/MotoSynth.uplugin" 178
"../../../Engine/Plugins/Experimental/Mover/Mover.uplugin" 179
"../../../Engine/Plugins/Experimental/MeshModelingToolsetExp/MeshModelingToolsetExp.uplugin" 180
"../../../Engine/Plugins/Experimental/MovieSceneAnimMixer/MovieSceneAnimMixer.uplugin" 181
"../../../Engine/Plugins/Experimental/MutableDataflow/MutableDataflow.uplugin" 182
"../../../Engine/Plugins/Experimental/MeshResizing/MeshResizing.uplugin" 183
"../../../Engine/Plugins/Experimental/MovieScenePoseSearchTracks/MovieScenePoseSearchTracks.uplugin" 184
"../../../Engine/Plugins/Experimental/MutablePopulation/MutablePopulation.uplugin" 185
"../../../Engine/Plugins/Experimental/MetasoundExperimental/MetasoundExperimental.uplugin" 186
"../../../Engine/Plugins/Experimental/NeuralRendering/NeuralRendering.uplugin" 187
"../../../Engine/Plugins/Experimental/NFORDenoise/NFORDenoise.uplugin" 188
"../../../Engine/Plugins/Experimental/MoverAnimNext/MoverAnimNext.uplugin" 189
"../../../Engine/Plugins/Experimental/NNERuntimeCoreML/NNERuntimeCoreML.uplugin" 190
"../../../Engine/Plugins/Experimental/NaniteAssemblyEditorUtils/NaniteAssemblyEditorUtils.uplugin" 191
"../../../Engine/Plugins/Experimental/MutableClothing/MutableClothing.uplugin" 192
"../../../Engine/Plugins/Experimental/NNERuntimeBasicCpu/NNERuntimeBasicCpu.uplugin" 193
"../../../Engine/Plugins/Experimental/NNERuntimeIREE/NNERuntimeIREE.uplugin" 194
"../../../Engine/Plugins/Experimental/OptiXDenoise/OptiXDenoise.uplugin" 195
"../../../Engine/Plugins/Experimental/NaniteDisplacedMesh/NaniteDisplacedMesh.uplugin" 196
"../../../Engine/Plugins/Experimental/PCGBiomeCore/PCGBiomeCore.uplugin" 197
"../../../Engine/Plugins/Experimental/MoverTests/MoverTests.uplugin" 198
"../../../Engine/Plugins/Experimental/NNERuntimeRDG/NNERuntimeRDG.uplugin" 199
"../../../Engine/Plugins/Experimental/PixelStreamingPlayer/PixelStreamingPlayer.uplugin" 200
"../../../Engine/Plugins/Experimental/PanoramicCapture/PanoramicCapture.uplugin" 201
"../../../Engine/Plugins/Experimental/PlainProps/PlainProps.uplugin" 202
"../../../Engine/Plugins/Experimental/PlainPropsUObject/PlainPropsUObject.uplugin" 203
"../../../Engine/Plugins/Experimental/PlainPropsEngine/PlainPropsEngine.uplugin" 204
"../../../Engine/Plugins/Experimental/PostProcessMaterialChainGraph/PostProcessMaterialChainGraph.uplugin" 205
"../../../Engine/Plugins/Experimental/ProceduralVegetationEditor/ProceduralVegetationEditor.uplugin" 206
"../../../Engine/Plugins/Experimental/PythonFoundationPackages/PythonFoundationPackages.uplugin" 207
"../../../Engine/Plugins/Experimental/OpenImageDenoise/OpenImageDenoise.uplugin" 208
"../../../Engine/Plugins/Experimental/PSDImporterMaterialDesignerBridge/PSDImporterMaterialDesignerBridge.uplugin" 209
"../../../Engine/Plugins/Experimental/PSDImporter/PSDImporter.uplugin" 210
"../../../Engine/Plugins/Experimental/QuicMessaging/QuicMessaging.uplugin" 211
"../../../Engine/Plugins/Experimental/PythonScriptPlugin/PythonScriptPlugin.uplugin" 212
"../../../Engine/Plugins/Experimental/RawInput/RawInput.uplugin" 213
"../../../Engine/Plugins/Experimental/PythonMLPackages/PythonMLPackages.uplugin" 214
"../../../Engine/Plugins/Experimental/PCGBiomeSample/PCGBiomeSample.uplugin" 215
"../../../Engine/Plugins/Experimental/RazerChromaDevices/RazerChromaDevices.uplugin" 216
"../../../Engine/Plugins/Experimental/RemoteControlComponents/RemoteControlComponents.uplugin" 217
"../../../Engine/Plugins/Experimental/PhysicsControl/PhysicsControl.uplugin" 218
"../../../Engine/Plugins/Experimental/PluginAudit/PluginAudit.uplugin" 219
"../../../Engine/Plugins/Experimental/RenderGrid/RenderGrid.uplugin" 220
"../../../Engine/Plugins/Experimental/PlanarCutPlugin/PlanarCut.uplugin" 221
"../../../Engine/Plugins/Experimental/RemoteControlActorModifierBridge/RemoteControlActorModifierBridge.uplugin" 222
"../../../Engine/Plugins/Experimental/PluginReferenceViewer/PluginReferenceViewer.uplugin" 223
"../../../Engine/Plugins/Experimental/RigLogicMutable/RigLogicMutable.uplugin" 224
"../../../Engine/Plugins/Experimental/SimpleHMD/SimpleHMD.uplugin" 225
"../../../Engine/Plugins/Experimental/PlatformCrypto/PlatformCrypto.uplugin" 226
"../../../Engine/Plugins/Experimental/Shotgrid/Shotgrid.uplugin" 227
"../../../Engine/Plugins/Experimental/RuntimeTelemetry/RuntimeTelemetry.uplugin" 228
"../../../Engine/Plugins/Experimental/SlateModelViewViewModel/SlateModelViewViewModel.uplugin" 229
"../../../Engine/Plugins/Experimental/RigLogicUAF/RigLogicUAF.uplugin" 230
"../../../Engine/Plugins/Experimental/SecuritySandbox/SecuritySandbox.uplugin" 231
"../../../Engine/Plugins/Experimental/SlateIM/SlateIM.uplugin" 232
"../../../Engine/Plugins/Experimental/SerializationUtils/SerializationUtils.uplugin" 233
"../../../Engine/Plugins/Experimental/PluginTemplateTool/PluginTemplateTool.uplugin" 234
"../../../Engine/Plugins/Experimental/SlateScreenReader/SlateScreenReader.uplugin" 235
"../../../Engine/Plugins/Experimental/SequenceNavigator/SequenceNavigator.uplugin" 236
"../../../Engine/Plugins/Experimental/SubmitToolEditor/SubmitToolEditor.uplugin" 237
"../../../Engine/Plugins/Experimental/SpatialReadiness/SpatialReadiness.uplugin" 238
"../../../Engine/Plugins/Experimental/SurfaceEffects/SurfaceEffects.uplugin" 239
"../../../Engine/Plugins/Experimental/StructUtils/StructUtils.uplugin" 240
"../../../Engine/Plugins/Experimental/TechAudioTools/TechAudioTools.uplugin" 241
"../../../Engine/Plugins/Experimental/ScreenReader/ScreenReader.uplugin" 242
"../../../Engine/Plugins/Experimental/TextToSpeech/TextToSpeech.uplugin" 243
"../../../Engine/Plugins/Experimental/VirtualHeightfieldMesh/VirtualHeightfieldMesh.uplugin" 244
"../../../Engine/Plugins/Experimental/UserToolBoxCore/UserToolBoxCore.uplugin" 245
"../../../Engine/Plugins/Experimental/WaterAdvanced/WaterAdvanced.uplugin" 246
"../../../Engine/Plugins/Experimental/Water/Water.uplugin" 247
"../../../Engine/Plugins/Experimental/Volumetrics/Volumetrics.uplugin" 248
"../../../Engine/Plugins/Experimental/SkeletalReduction/SkeletalReduction.uplugin" 249
"../../../Engine/Plugins/Experimental/WaterExtras/WaterExtras.uplugin" 250
"../../../Engine/Plugins/Experimental/Tensorboard/Tensorboard.uplugin" 251
"../../../Engine/Plugins/Experimental/WebSocketMessaging/WebSocketMessaging.uplugin" 252
"../../../Engine/Plugins/Experimental/TetMeshing/TetMeshing.uplugin" 253
"../../../Engine/Plugins/Experimental/WebSocketNetworking/WebSocketNetworking.uplugin" 254
"../../../Engine/Plugins/Experimental/WaveFunctionCollapse/WaveFunctionCollapse.uplugin" 255
"../../../Engine/Plugins/Experimental/WidgetEditorToolPalette/WidgetEditorToolPalette.uplugin" 256
"../../../Engine/Plugins/Experimental/RemoteSession/RemoteSession.uplugin" 257
"../../../Engine/Plugins/MetaHuman/MetaHumanAnimator/MetaHuman.uplugin" 258
"../../../Engine/Plugins/Experimental/XRCreativeFramework/XRCreativeFramework.uplugin" 259
"../../../Engine/Plugins/Experimental/Workspace/Workspace.uplugin" 260
"../../../Engine/Plugins/Experimental/ToolPresets/ToolPresets.uplugin" 261
"../../../Engine/Plugins/NNE/NNERuntimeORT/NNERuntimeORT.uplugin" 262
"../../../Engine/Plugins/MetaHuman/MetaHumanCoreTechLib/MetaHumanCoreTech.uplugin" 263
"../../../Engine/Plugins/MetaHuman/MetaHumanSDK/MetaHumanSDK.uplugin" 264
"../../../Engine/Plugins/PCGInterops/PCGExternalDataInterop/PCGExternalDataInterop.uplugin" 265
"../../../Engine/Plugins/MetaHuman/MetaHumanLiveLink/MetaHumanLiveLink.uplugin" 266
"../../../Engine/Plugins/Experimental/TargetDeviceServicesScripting/TargetDeviceServicesScripting.uplugin" 267
"../../../Engine/Plugins/PCGInterops/PCGGeometryScriptInterop/PCGGeometryScriptInterop.uplugin" 268
"../../../Engine/Plugins/MetaHuman/MetaHumanCharacter/MetaHumanCharacter.uplugin" 269
"../../../Engine/Plugins/Runtime/ActorLayerUtilities/ActorLayerUtilities.uplugin" 270
"../../../Engine/Plugins/Runtime/ADM/ADM.uplugin" 271
"../../../Engine/Plugins/Experimental/VirtualProductionUtilities/VirtualProductionUtilities.uplugin" 272
"../../../Engine/Plugins/Portal/LauncherChunkInstaller/LauncherChunkInstaller.uplugin" 273
"../../../Engine/Plugins/Experimental/UIFramework/UIFramework.uplugin" 274
"../../../Engine/Plugins/Runtime/AndroidBackgroundService/AndroidBackgroundService.uplugin" 275
"../../../Engine/Plugins/Experimental/UserToolBoxBasicCommand/UserToolBoxBasicCommand.uplugin" 276
"../../../Engine/Plugins/NNE/NNEDenoiser/NNEDenoiser.uplugin" 277
"../../../Engine/Plugins/Runtime/AndroidFileServer/AndroidFileServer.uplugin" 278
"../../../Engine/Plugins/Experimental/StateGraph/StateGraph.uplugin" 279
"../../../Engine/Plugins/MetaHuman/MetaHumanCalibrationProcessing/MetaHumanCalibrationProcessing.uplugin" 280
"../../../Engine/Plugins/Runtime/AndroidMoviePlayer/AndroidMoviePlayer.uplugin" 281
"../../../Engine/Plugins/Runtime/AndroidPermission/AndroidPermission.uplugin" 282
"../../../Engine/Plugins/Runtime/AppleMoviePlayer/AppleMoviePlayer.uplugin" 283
"../../../Engine/Plugins/Runtime/AudioCapture/AudioCapture.uplugin" 284
"../../../Engine/Plugins/Runtime/AssetTags/AssetTags.uplugin" 285
"../../../Engine/Plugins/Runtime/AudioMotorSim/AudioMotorSim.uplugin" 286
"../../../Engine/Plugins/Runtime/AudioModulation/AudioModulation.uplugin" 287
"../../../Engine/Plugins/Runtime/ArchVisCharacter/ArchVisCharacter.uplugin" 288
"../../../Engine/Plugins/Runtime/AudioSynesthesia/AudioSynesthesia.uplugin" 289
"../../../Engine/Plugins/Runtime/AppleImageUtils/AppleImageUtils.uplugin" 290
"../../../Engine/Plugins/Runtime/CableComponent/CableComponent.uplugin" 291
"../../../Engine/Plugins/Runtime/Firebase/Firebase.uplugin" 292
"../../../Engine/Plugins/Experimental/SubtitlesAndClosedCaptions/SubtitlesAndClosedCaptions.uplugin" 293
"../../../Engine/Plugins/Runtime/AndroidDeviceProfileSelector/AndroidDeviceProfileSelector.uplugin" 294
"../../../Engine/Plugins/Runtime/ComputeFramework/ComputeFramework.uplugin" 295
"../../../Engine/Plugins/Runtime/CustomMeshComponent/CustomMeshComponent.uplugin" 296
"../../../Engine/Plugins/Runtime/CommonUI/CommonUI.uplugin" 297
"../../../Engine/Plugins/Runtime/GameFeatures/GameFeatures.uplugin" 298
"../../../Engine/Plugins/PCGInterops/PCGPythonInterop/PCGPythonInterop.uplugin" 299
"../../../Engine/Plugins/Runtime/GameplayAbilities/GameplayAbilities.uplugin" 300
"../../../Engine/Plugins/Runtime/GameplayBehaviorSmartObjects/GameplayBehaviorSmartObjects.uplugin" 301
"../../../Engine/Plugins/Runtime/GameplayInteractions/GameplayInteractions.uplugin" 302
"../../../Engine/Plugins/Runtime/GeometryCache/GeometryCache.uplugin" 303
"../../../Engine/Plugins/Runtime/ChunkDownloader/ChunkDownloader.uplugin" 304
"../../../Engine/Plugins/Runtime/AudioWidgets/AudioWidgets.uplugin" 305
"../../../Engine/Plugins/Runtime/GameInput/GameInput.uplugin" 306
"../../../Engine/Plugins/Runtime/GeometryScripting/GeometryScripting.uplugin" 307
"../../../Engine/Plugins/Runtime/GooglePAD/GooglePAD.uplugin" 308
"../../../Engine/Plugins/Runtime/AnimationBudgetAllocator/AnimationBudgetAllocator.uplugin" 309
"../../../Engine/Plugins/Runtime/ApexDestruction/ApexDestruction.uplugin" 310
"../../../Engine/Plugins/Runtime/Harmonix/Harmonix.uplugin" 311
"../../../Engine/Plugins/Runtime/GoogleCloudMessaging/GoogleCloudMessaging.uplugin" 312
"../../../Engine/Plugins/Runtime/GameplayStateTree/GameplayStateTree.uplugin" 313
"../../../Engine/Plugins/Runtime/ExternalGPUStatistics/ExternalGPUStatistics.uplugin" 314
"../../../Engine/Plugins/Runtime/HDRIBackdrop/HDRIBackdrop.uplugin" 315
"../../../Engine/Plugins/Runtime/GeoReferencing/GeoReferencing.uplugin" 316
"../../../Engine/Plugins/Runtime/HTTPChunkInstaller/HTTPChunkInstaller.uplugin" 317
"../../../Engine/Plugins/Runtime/HPMotionController/HPMotionController.uplugin" 318
"../../../Engine/Plugins/Runtime/InstancedActors/InstancedActors.uplugin" 319
"../../../Engine/Plugins/Runtime/HairStrands/HairStrands.uplugin" 320
"../../../Engine/Plugins/Runtime/DataRegistry/DataRegistry.uplugin" 321
"../../../Engine/Plugins/Runtime/IOSReplayKit/IOSReplayKit.uplugin" 322
"../../../Engine/Plugins/Runtime/LinuxDeviceProfileSelector/LinuxDeviceProfileSelector.uplugin" 323
"../../../Engine/Plugins/Runtime/LocationServicesBPLibrary/LocationServicesBPLibrary.uplugin" 324
"../../../Engine/Plugins/Runtime/LiveLinkOvernDisplay/LiveLinkOverNDisplay.uplugin" 325
"../../../Engine/Plugins/Runtime/Metasound/Metasound.uplugin" 326
"../../../Engine/Plugins/Runtime/GeometryProcessing/GeometryProcessing.uplugin" 327
"../../../Engine/Plugins/Runtime/LevelStreamingPersistence/LevelStreamingPersistence.uplugin" 328
"../../../Engine/Plugins/Runtime/LocationServicesAndroidImpl/LocationServicesAndroidImpl.uplugin" 329
"../../../Engine/Plugins/Runtime/InputDebugging/InputDebugging.uplugin" 330
"../../../Engine/Plugins/Runtime/MassEntity/MassEntity.uplugin" 331
"../../../Engine/Plugins/Runtime/ExampleDeviceProfileSelector/ExampleDeviceProfileSelector.uplugin" 332
"../../../Engine/Plugins/Runtime/MassGameplay/MassGameplay.uplugin" 333
"../../../Engine/Plugins/Runtime/MIDIDevice/MIDIDevice.uplugin" 334
"../../../Engine/Plugins/Runtime/OpenCV/OpenCV.uplugin" 335
"../../../Engine/Plugins/Runtime/LocationServicesIOSImpl/LocationServicesIOSImpl.uplugin" 336
"../../../Engine/Plugins/Runtime/OpenXR/OpenXR.uplugin" 337
"../../../Engine/Plugins/Runtime/OpenXREyeTracker/OpenXREyeTracker.uplugin" 338
"../../../Engine/Plugins/Runtime/NetworkPrediction/NetworkPrediction.uplugin" 339
"../../../Engine/Plugins/Runtime/IOSDeviceProfileSelector/IOSDeviceProfileSelector.uplugin" 340
"../../../Engine/Plugins/Runtime/MobilePatchingUtils/MobilePatchingUtils.uplugin" 341
"../../../Engine/Plugins/Runtime/OpenXRMsftHandInteraction/OpenXRMsftHandInteraction.uplugin" 342
"../../../Engine/Plugins/Runtime/OpenXRViveTracker/OpenXRViveTracker.uplugin" 343
"../../../Engine/Plugins/Runtime/PreLoadScreenMoviePlayer/PreLoadScreenMoviePlayer.uplugin" 344
"../../../Engine/Plugins/Runtime/OSC/OSC.uplugin" 345
"../../../Engine/Plugins/Runtime/MixedRealityCaptureFramework/MixedRealityCaptureFramework.uplugin" 346
"../../../Engine/Plugins/Runtime/OpenXRHandTracking/OpenXRHandTracking.uplugin" 347
"../../../Engine/Plugins/Runtime/OptionalMobileFeaturesBPLibrary/OptionalMobileFeaturesBPLibrary.uplugin" 348
"../../../Engine/Plugins/Runtime/PropertyAccess/PropertyAccessEditor.uplugin" 349
"../../../Engine/Plugins/Runtime/RenderTrace/RenderTrace.uplugin" 350
"../../../Engine/Plugins/Runtime/ReplicationGraph/ReplicationGraph.uplugin" 351
"../../../Engine/Plugins/Runtime/ReplicationSystemTestPlugin/ReplicationSystemTestPlugin.uplugin" 352
"../../../Engine/Plugins/Runtime/PropertyBindingUtils/PropertyBindingUtils.uplugin" 353
"../../../Engine/Plugins/Runtime/SignificanceManager/SignificanceManager.uplugin" 354
"../../../Engine/Plugins/Runtime/RigVM/RigVM.uplugin" 355
"../../../Engine/Plugins/Runtime/SoundFields/SoundFields.uplugin" 356
"../../../Engine/Plugins/Runtime/SoundCueTemplates/SoundCueTemplates.uplugin" 357
"../../../Engine/Plugins/Runtime/ScriptableToolsFramework/ScriptableToolsFramework.uplugin" 358
"../../../Engine/Plugins/Runtime/SoundMod/SoundMod.uplugin" 359
"../../../Engine/Plugins/Runtime/SkeletalMerging/SkeletalMerging.uplugin" 360
"../../../Engine/Plugins/Runtime/Soundscape/Soundscape.uplugin" 361
"../../../Engine/Plugins/Runtime/SmartObjects/SmartObjects.uplugin" 362
"../../../Engine/Plugins/Runtime/SoundUtilities/SoundUtilities.uplugin" 363
"../../../Engine/Plugins/Runtime/ModelViewViewModel/ModelViewViewModel.uplugin" 364
"../../../Engine/Plugins/Runtime/WarpUtils/WarpUtils.uplugin" 365
"../../../Engine/Plugins/Runtime/StateTree/StateTree.uplugin" 366
"../../../Engine/Plugins/Runtime/ModularGameplay/ModularGameplay.uplugin" 367
"../../../Engine/Plugins/Runtime/Synthesis/Synthesis.uplugin" 368
"../../../Engine/Plugins/Runtime/WaveTable/WaveTable.uplugin" 369
"../../../Engine/Plugins/Runtime/Spatialization/Spatialization.uplugin" 370
"../../../Engine/Plugins/Runtime/MsQuic/MsQuic.uplugin" 371
"../../../Engine/Plugins/Runtime/WebBrowserNativeProxy/WebBrowserNativeProxy.uplugin" 372
"../../../Engine/Plugins/Runtime/USDCore/USDCore.uplugin" 373
"../../../Engine/Plugins/Runtime/WebMMoviePlayer/WebMMoviePlayer.uplugin" 374
"../../../Engine/Plugins/Runtime/MultiServerReplication/MultiServerReplication.uplugin" 375
"../../../Engine/Plugins/Runtime/MicrosoftSpatialAudio/MicroSoftSpatialSound.uplugin" 376
"../../../Engine/Plugins/Runtime/XRBase/XRBase.uplugin" 377
"../../../Engine/Plugins/Runtime/NavCorridor/NavCorridor.uplugin" 378
"../../../Engine/Plugins/Runtime/nDisplayModularFeatures/nDisplayModularFeatures.uplugin" 379
"../../../Engine/Plugins/Runtime/nDisplay/nDisplay.uplugin" 380
"../../../Engine/Plugins/Runtime/NetworkPredictionExtras/NetworkPredictionExtras.uplugin" 381
"../../../Engine/Plugins/Interchange/Editor/InterchangeEditor.uplugin" 382
"../../../Engine/Plugins/Runtime/ZoneGraphAnnotations/ZoneGraphAnnotations.uplugin" 383
"../../../Engine/Plugins/Interchange/Assets/InterchangeAssets.uplugin" 384
"../../../Engine/Plugins/Runtime/WindowsMoviePlayer/WindowsMoviePlayer.uplugin" 385
"../../../Engine/Plugins/Runtime/NetworkPredictionInsights/NetworkPredictionInsights.uplugin" 386
"../../../Engine/Plugins/Runtime/WorldConditions/WorldConditions.uplugin" 387
"../../../Engine/Plugins/Online/EOSOverlayInputProvider/EOSOverlayInputProvider.uplugin" 388
"../../../Engine/Plugins/Online/OnlineServicesEOS/OnlineServicesEOS.uplugin" 389
"../../../Engine/Plugins/Online/EOSShared/EOSShared.uplugin" 390
"../../../Engine/Plugins/Online/OnlineFrameworkCommon/OnlineFrameworkCommon.uplugin" 391
"../../../Engine/Plugins/Runtime/WebBrowserWidget/WebBrowserWidget.uplugin" 392
"../../../Engine/Plugins/Online/OnlineServicesEpicCommon/OnlineServicesEpicCommon.uplugin" 393
"../../../Engine/Plugins/Online/OnlineBase/OnlineBase.uplugin" 394
"../../../Engine/Plugins/Runtime/ResonanceAudio/ResonanceAudio.uplugin" 395
"../../../Engine/Plugins/Interchange/Runtime/Interchange.uplugin" 396
"../../../Engine/Plugins/Runtime/ProceduralMeshComponent/ProceduralMeshComponent.uplugin" 397
"../../../Engine/Plugins/Online/OnlineServices/OnlineServices.uplugin" 398
"../../../Engine/Plugins/Runtime/MusicEnvironment/MusicEnvironment.uplugin" 399
"../../../Engine/Plugins/Online/OnlineSubsystemApple/OnlineSubsystemApple.uplugin" 400
"../../../Engine/Plugins/Online/OnlineSubsystemEOS/OnlineSubsystemEOS.uplugin" 401
"../../../Engine/Plugins/Online/OnlineSubsystemSteam/OnlineSubsystemSteam.uplugin" 402
"../../../Engine/Plugins/Online/OnlineSubsystemAmazon/OnlineSubsystemAmazon.uplugin" 403
"../../../Engine/Plugins/Online/OnlineSubsystemNull/OnlineSubsystemNull.uplugin" 404
"../../../Engine/Plugins/Online/OnlineServicesNull/OnlineServicesNull.uplugin" 405
"../../../Engine/Plugins/Online/OnlineSubsystemGoogle/OnlineSubsystemGoogle.uplugin" 406
"../../../Engine/Plugins/Slate/SlateInsights/SlateInsights.uplugin" 407
"../../../Engine/Plugins/Online/SocketSubsystemEOS/SocketSubsystemEOS.uplugin" 408
"../../../Engine/Plugins/Online/WebAuth/WebAuth.uplugin" 409
"../../../Engine/Plugins/Slate/SlateScripting/SlateScripting.uplugin" 410
"../../../Engine/Plugins/Tests/EditorTests/EditorTests.uplugin" 411
"../../../Engine/Plugins/Tests/InterchangeTests/InterchangeTests.uplugin" 412
"../../../Engine/Plugins/Tests/PythonAutomationTest/PythonAutomationTest.uplugin" 413
"../../../Engine/Plugins/Online/OnlineServicesEOSGS/OnlineServicesEOSGS.uplugin" 414
"../../../Engine/Plugins/Tests/CQTest/CQTest.uplugin" 415
"../../../Engine/Plugins/Online/OnlineServicesOSSAdapter/OnlineServicesOSSAdapter.uplugin" 416
"../../../Engine/Plugins/Tests/FbxAutomationTestBuilder/FbxAutomationTestBuilder.uplugin" 417
"../../../Engine/Plugins/Runtime/MeshModelingToolset/MeshModelingToolset.uplugin" 418
"../../../Engine/Plugins/Tests/FunctionalTestingEditor/FunctionalTestingEditor.uplugin" 419
"../../../Engine/Plugins/Tests/RHITests/RHITests.uplugin" 420
"../../../Engine/Plugins/Runtime/ZoneGraph/ZoneGraph.uplugin" 421
"../../../Engine/Plugins/Tests/CQTestExperimental/CQTestExperimental.uplugin" 422
"../../../Engine/Plugins/Tests/TestFramework/TestFramework.uplugin" 423
"../../../Engine/Plugins/VirtualProduction/ActorModifier/ActorModifier.uplugin" 424
"../../../Engine/Plugins/Tests/RuntimeTests/RuntimeTests.uplugin" 425
"../../../Engine/Plugins/VirtualProduction/Avalanche/Avalanche.uplugin" 426
"../../../Engine/Plugins/Online/OnlineSubsystemUtils/OnlineSubsystemUtils.uplugin" 427
"../../../Engine/Plugins/Online/OnlineSubsystemFacebook/OnlineSubsystemFacebook.uplugin" 428
"../../../Engine/Plugins/Tests/TestSamples/TestSamples.uplugin" 429
"../../../Engine/Plugins/VirtualProduction/CameraCalibrationCore/CameraCalibrationCore.uplugin" 430
"../../../Engine/Plugins/VirtualProduction/AvalancheSceneState/AvalancheSceneState.uplugin" 431
"../../../Engine/Plugins/Tests/CQTestEnhancedInput/CQTestEnhancedInput.uplugin" 432
"../../../Engine/Plugins/VirtualProduction/AvalancheDataLink/AvalancheDataLink.uplugin" 433
"../../../Engine/Plugins/VirtualProduction/CameraCalibrationML/CameraCalibrationML.uplugin" 434
"../../../Engine/Plugins/VirtualProduction/ClonerEffector/ClonerEffector.uplugin" 435
"../../../Engine/Plugins/VirtualProduction/CinematicAssemblyTools/CinematicAssemblyTools.uplugin" 436
"../../../Engine/Plugins/Online/OnlineFramework/OnlineFramework.uplugin" 437
"../../../Engine/Plugins/VirtualProduction/CompositePlane/CompositePlane.uplugin" 438
"../../../Engine/Plugins/Online/OnlineSubsystem/OnlineSubsystem.uplugin" 439
"../../../Engine/Plugins/VirtualProduction/CustomDetailsView/CustomDetailsView.uplugin" 440
"../../../Engine/Plugins/VirtualProduction/DataCharts/DataCharts.uplugin" 441
"../../../Engine/Plugins/VirtualProduction/CameraCalibration/CameraCalibration.uplugin" 442
"../../../Engine/Plugins/VirtualProduction/DynamicMaterial/DynamicMaterial.uplugin" 443
"../../../Engine/Plugins/VirtualProduction/ActorModifierCore/ActorModifierCore.uplugin" 444
"../../../Engine/Plugins/VirtualProduction/GeometryMask/GeometryMask.uplugin" 445
"../../../Engine/Plugins/Online/OnlineSubsystemTencent/OnlineSubsystemTencent.uplugin" 446
"../../../Engine/Plugins/VirtualProduction/ICVFXTesting/ICVFXTesting.uplugin" 447
"../../../Engine/Plugins/VirtualProduction/LiveLinkInputDevice/LiveLinkInputDevice.uplugin" 448
"../../../Engine/Plugins/VirtualProduction/DataLink/DataLink.uplugin" 449
"../../../Engine/Plugins/VirtualProduction/DataLinkOAuth/DataLinkOAuth.uplugin" 450
"../../../Engine/Plugins/VirtualProduction/LiveLinkCamera/LiveLinkCamera.uplugin" 451
"../../../Engine/Plugins/VirtualProduction/LiveLinkFreeD/LiveLinkFreeD.uplugin" 452
"../../../Engine/Plugins/VirtualProduction/LevelSnapshots/LevelSnapshots.uplugin" 453
"../../../Engine/Plugins/Online/SocketSubsystemSteamIP/SocketSubsystemSteamIP.uplugin" 454
"../../../Engine/Plugins/VirtualProduction/LiveLinkMasterLockit/LiveLinkMasterLockit.uplugin" 455
"../../../Engine/Plugins/Tests/WidgetAutomationTests/WidgetAutomationTests.uplugin" 456
"../../../Engine/Plugins/VirtualProduction/LiveLinkOpenTrackIO/LiveLinkOpenTrackIO.uplugin" 457
"../../../Engine/Plugins/VirtualProduction/LiveLinkXR/LiveLinkXR.uplugin" 458
"../../../Engine/Plugins/VirtualProduction/LiveLinkVRPN/LiveLinkVRPN.uplugin" 459
"../../../Engine/Plugins/VirtualProduction/ICVFX/ICVFX.uplugin" 460
"../../../Engine/Plugins/VirtualProduction/MultiUserTakes/MultiUserTakes.uplugin" 461
"../../../Engine/Plugins/VirtualProduction/CaptureData/CaptureData.uplugin" 462
"../../../Engine/Plugins/VirtualProduction/PerformanceCaptureWorkflow/PerformanceCaptureWorkflow.uplugin" 463
"../../../Engine/Plugins/VirtualProduction/LiveLinkLens/LiveLinkLens.uplugin" 464
"../../../Engine/Plugins/VirtualProduction/OperatorStack/OperatorStack.uplugin" 465
"../../../Engine/Plugins/VirtualProduction/RemoteControlProtocolMIDI/RemoteControlProtocolMIDI.uplugin" 466
"../../../Engine/Plugins/VirtualProduction/EpicStageApp/EpicStageApp.uplugin" 467
"../../../Engine/Plugins/VirtualProduction/PropertyAnimator/PropertyAnimator.uplugin" 468
"../../../Engine/Plugins/VirtualProduction/LiveLinkPrestonMDR/LiveLinkPrestonMDR.uplugin" 469
"../../../Engine/Plugins/VirtualProduction/RemoteControlWebInterface/RemoteControlWebInterface.uplugin" 470
"../../../Engine/Plugins/VirtualProduction/SceneStateDataLink/SceneStateDataLink.uplugin" 471
"../../../Engine/Plugins/Runtime/SunPosition/SunPosition.uplugin" 472
"../../../Engine/Plugins/VirtualProduction/StageMonitoring/StageMonitoring.uplugin" 473
"../../../Engine/Plugins/Tests/AudioCQTests/AudioCQTests.uplugin" 474
"../../../Engine/Plugins/VirtualProduction/RemoteControlProtocolOSC/RemoteControlProtocolOSC.uplugin" 475
"../../../Engine/Plugins/VirtualProduction/StormSyncAvalancheBridge/StormSyncAvalancheBridge.uplugin" 476
"../../../Engine/Plugins/VirtualProduction/Switchboard/Switchboard.uplugin" 477
"../../../Engine/Plugins/VirtualProduction/StormSync/StormSync.uplugin" 478
"../../../Engine/Plugins/VirtualProduction/TimedDataMonitor/TimedDataMonitor.uplugin" 479
"../../../Engine/Plugins/Tests/AutomationDriverTests/AutomationDriverTests.uplugin" 480
"../../../Engine/Plugins/VirtualProduction/LensComponent/LensComponent.uplugin" 481
"../../../Engine/Plugins/VirtualProduction/TextureShare/TextureShare.uplugin" 482
"../../../Engine/Plugins/VirtualProduction/VirtualCamera/VirtualCamera.uplugin" 483
"../../../Engine/Plugins/VirtualProduction/Takes/Takes.uplugin" 484
"../../../Engine/Plugins/VirtualProduction/VirtualScouting/VirtualScouting.uplugin" 485
"../../../Engine/Plugins/2D/Paper2D/Paper2D.uplugin" 486
"../../../Engine/Plugins/Animation/AnimationModifierLibrary/AnimationModifierLibrary.uplugin" 487
"../../../Engine/Plugins/Animation/AnimationData/AnimationData.uplugin" 488
"../../../Engine/Plugins/VirtualProduction/SVGImporter/SVGImporter.uplugin" 489
"../../../Engine/Plugins/Animation/ACLPlugin/ACLPlugin.uplugin" 490
"../../../Engine/Plugins/Animation/AnimationWarping/AnimationWarping.uplugin" 491
"../../../Engine/Plugins/Animation/BlendStack/BlendStack.uplugin" 492
"../../../Engine/Plugins/Animation/AnimationLocomotionLibrary/AnimationLocomotionLibrary.uplugin" 493
"../../../Engine/Plugins/VirtualProduction/RemoteControlInterception/RemoteControlInterception.uplugin" 494
"../../../Engine/Plugins/Animation/ControlRigSpline/ControlRigSpline.uplugin" 495
"../../../Engine/Plugins/Animation/BlendSpaceMotionAnalysis/BlendSpaceMotionAnalysis.uplugin" 496
"../../../Engine/Plugins/Runtime/WindowsDeviceProfileSelector/WindowsDeviceProfileSelector.uplugin" 497
"../../../Engine/Plugins/Animation/EaseCurveTool/EaseCurveTool.uplugin" 498
"../../../Engine/Plugins/Animation/SkeletalMeshModelingTools/SkeletalMeshModelingTools.uplugin" 499
"../../../Engine/Plugins/VirtualProduction/RemoteControlProtocolDMX/RemoteControlProtocolDMX.uplugin" 500
"../../../Engine/Plugins/VirtualProduction/VirtualCameraCore/VirtualCameraCore.uplugin" 501
"../../../Engine/Plugins/Cameras/GameplayCameras/GameplayCameras.uplugin" 502
"../../../Engine/Plugins/VirtualProduction/Text3D/Text3D.uplugin" 503
"../../../Engine/Plugins/Animation/AnimatorKit/AnimatorKit.uplugin" 504
"../../../Engine/Plugins/Animation/ControlRigModules/ControlRigModules.uplugin" 505
"../../../Engine/Plugins/Compositing/Composure/Composure.uplugin" 506
"../../../Engine/Plugins/Animation/DeformerGraph/DeformerGraph.uplugin" 507
"../../../Engine/Plugins/Animation/GameplayInsights/GameplayInsights.uplugin" 508
"../../../Engine/Plugins/Cameras/EngineCameras/EngineCameras.uplugin" 509
"../../../Engine/Plugins/VirtualProduction/SceneState/SceneState.uplugin" 510
"../../../Engine/Plugins/Animation/ControlRig/ControlRig.uplugin" 511
"../../../Engine/Plugins/Compositing/Composite/Composite.uplugin" 512
"../../../Engine/Plugins/Animation/DNACalib/DNACalib.uplugin" 513
"../../../Engine/Plugins/Compositing/CompositeCore/CompositeCore.uplugin" 514
"../../../Engine/Plugins/Compositing/OpenCVLensDistortion/OpenCVLensDistortion.uplugin" 515
"../../../Engine/Plugins/VirtualProduction/PropertyAnimatorCore/PropertyAnimatorCore.uplugin" 516
"../../../Engine/Plugins/Developer/AnimationSharing/AnimationSharing.uplugin" 517
"../../../Engine/Plugins/Developer/CLionSourceCodeAccess/CLionSourceCodeAccess.uplugin" 518
"../../../Engine/Plugins/Compositing/OpenColorIO/OpenColorIO.uplugin" 519
"../../../Engine/Plugins/Animation/IKRig/IKRig.uplugin" 520
"../../../Engine/Plugins/Compositing/LensDistortion/LensDistortion.uplugin" 521
"../../../Engine/Plugins/Compositing/HoldoutComposite/HoldoutComposite.uplugin" 522
"../../../Engine/Plugins/Developer/FieldNotificationTrace/FieldNotificationTrace.uplugin" 523
"../../../Engine/Plugins/Developer/CodeLiteSourceCodeAccess/CodeLiteSourceCodeAccess.uplugin" 524
"../../../Engine/Plugins/Animation/LiveLink/LiveLink.uplugin" 525
"../../../Engine/Plugins/Developer/DumpGPUServices/DumpGPUServices.uplugin" 526
"../../../Engine/Plugins/Animation/PoseSearch/PoseSearch.uplugin" 527
"../../../Engine/Plugins/Developer/GPUReshape/GPUReshape.uplugin" 528
"../../../Engine/Plugins/Developer/PixWinPlugin/PixWinPlugin.uplugin" 529
"../../../Engine/Plugins/Developer/DirectoryPlaceholder/DirectoryPlaceholder.uplugin" 530
"../../../Engine/Plugins/Developer/KDevelopSourceCodeAccess/KDevelopSourceCodeAccess.uplugin" 531
"../../../Engine/Plugins/Developer/GitSourceControl/GitSourceControl.uplugin" 532
"../../../Engine/Plugins/Developer/N10XSourceCodeAccess/N10XSourceCodeAccess.uplugin" 533
"../../../Engine/Plugins/Developer/PluginUtils/PluginUtils.uplugin" 534
"../../../Engine/Plugins/Developer/OneSkyLocalizationService/OneSkyLocalizationService.uplugin" 535
"../../../Engine/Plugins/Developer/NamingTokens/NamingTokens.uplugin" 536
"../../../Engine/Plugins/Developer/SubversionSourceControl/SubversionSourceControl.uplugin" 537
"../../../Engine/Plugins/Animation/LiveLinkExampleDevice/LiveLinkExampleDevice.uplugin" 538
"../../../Engine/Plugins/Developer/RiderSourceCodeAccess/RiderSourceCodeAccess.uplugin" 539
"../../../Engine/Plugins/Developer/BlankPlugin/BlankPlugin.uplugin" 540
"../../../Engine/Plugins/Animation/GeneSplicer/GeneSplicer.uplugin" 541
"../../../Engine/Plugins/Developer/PropertyAccessNode/PropertyAccessNode.uplugin" 542
"../../../Engine/Plugins/Developer/XcodeGPUDebuggerPlugin/XcodeGPUDebuggerPlugin.uplugin" 543
"../../../Engine/Plugins/Animation/LiveLinkUnrealDevice/LiveLinkUnrealDevice.uplugin" 544
"../../../Engine/Plugins/Developer/PerforceSourceControl/PerforceSourceControl.uplugin" 545
"../../../Engine/Plugins/Enterprise/AxFImporter/AxFImporter.uplugin" 546
"../../../Engine/Plugins/Developer/RenderDocPlugin/RenderDocPlugin.uplugin" 547
"../../../Engine/Plugins/Enterprise/DataprepEditor/DataprepEditor.uplugin" 548
"../../../Engine/Plugins/Developer/VisualStudioCodeSourceCodeAccess/VisualStudioCodeSourceCodeAccess.uplugin" 549
"../../../Engine/Plugins/Developer/VisualStudioSourceCodeAccess/VisualStudioSourceCodeAccess.uplugin" 550
"../../../Engine/Plugins/Developer/PlasticSourceControl/PlasticSourceControl.uplugin" 551
"../../../Engine/Plugins/Animation/LiveLinkHub/LiveLinkHub.uplugin" 552
"../../../Engine/Plugins/Enterprise/MDLImporter/MDLImporter.uplugin" 553
"../../../Engine/Plugins/Enterprise/GLTFExporter/GLTFExporter.uplugin" 554
"../../../Engine/Plugins/Animation/PerformanceCaptureCore/PerformanceCaptureCore.uplugin" 555
"../../../Engine/Plugins/Developer/TraceSourceFiltering/TraceSourceFilters.uplugin" 556
"../../../Engine/Plugins/Developer/XCodeSourceCodeAccess/XCodeSourceCodeAccess.uplugin" 557
"../../../Engine/Plugins/Cameras/CameraShakePreviewer/CameraShakePreviewer.uplugin" 558
"../../../Engine/Plugins/Enterprise/VariantManagerContent/VariantManagerContent.uplugin" 559
"../../../Engine/Plugins/Enterprise/VariantManager/VariantManager.uplugin" 560
"../../../Engine/Plugins/Enterprise/DatasmithCADImporter/DatasmithCADImporter.uplugin" 561
"../../../Engine/Plugins/FX/NiagaraFluids/NiagaraFluids.uplugin" 562
"../../../Engine/Plugins/Animation/TweeningUtils/TweeningUtils.uplugin" 563
"../../../Engine/Plugins/Enterprise/LidarPointCloud/LidarPointCloud.uplugin" 564
"../../../Engine/Plugins/FX/Cascade/Cascade.uplugin" 565
"../../../Engine/Plugins/FX/NiagaraMRQ/NiagaraMRQ.uplugin" 566
"../../../Engine/Plugins/VirtualProduction/RemoteControl/RemoteControl.uplugin" 567
"../../../Engine/Plugins/Enterprise/DatasmithImporter/DatasmithImporter.uplugin" 568
"../../../Engine/Plugins/FX/NiagaraPreviewContent/NiagaraPreviewContent.uplugin" 569
"../../../Engine/Plugins/FX/CascadeToNiagaraConverter/CascadeToNiagaraConverter.uplugin" 570
"../../../Engine/Plugins/Developer/NullSourceCodeAccess/NullSourceCodeAccess.uplugin" 571
"../../../Engine/Plugins/FX/ExampleCustomDataInterface/ExampleCustomDataInterface.uplugin" 572
"../../../Engine/Plugins/Importers/USDImporterMDL/USDImporterMDL.uplugin" 573
"../../../Engine/Plugins/FX/NiagaraNanite/NiagaraNanite.uplugin" 574
"../../../Engine/Plugins/Importers/AlembicImporter/AlembicImporter.uplugin" 575
"../../../Engine/Plugins/Media/AppleProResMedia/AppleProResMedia.uplugin" 576
"../../../Engine/Plugins/Importers/USDMultiUser/USDMultiUser.uplugin" 577
"../../../Engine/Plugins/Developer/UObjectPlugin/UObjectPlugin.uplugin" 578
"../../../Engine/Plugins/FX/NiagaraSimCaching/NiagaraSimCaching.uplugin" 579
"../../../Engine/Plugins/Developer/TextureFormatOodle/TextureFormatOodle.uplugin" 580
"../../../Engine/Plugins/VirtualProduction/SequencerPlaylists/SequencerPlaylists.uplugin" 581
"../../../Engine/Plugins/Marketplace/FabLauncher/FabLauncher.uplugin" 582
"../../../Engine/Plugins/Importers/USDImporter/USDImporter.uplugin" 583
"../../../Engine/Plugins/Media/AvfMedia/AvfMedia.uplugin" 584
"../../../Engine/Plugins/Media/AndroidMedia/AndroidMedia.uplugin" 585
"../../../Engine/Plugins/Media/AudioCaptureTimecodeProvider/AudioCaptureTimecodeProvider.uplugin" 586
"../../../Engine/Plugins/Animation/LiveLinkDevice/LiveLinkDevice.uplugin" 587
"../../../Engine/Plugins/Media/AndroidCamera/AndroidCamera.uplugin" 588
"../../../Engine/Plugins/Enterprise/DatasmithFBXImporter/DatasmithFBXImporter.uplugin" 589
"../../../Engine/Plugins/Media/BinkMedia/BinkMedia.uplugin" 590
"../../../Engine/Plugins/Media/FlacDecoderElectra/FlacDecoderElectra.uplugin" 591
"../../../Engine/Plugins/Media/BlackmagicMedia/BlackmagicMedia.uplugin" 592
"../../../Engine/Plugins/Animation/RigLogic/RigLogic.uplugin" 593
"../../../Engine/Plugins/Media/ElectraCDM/ElectraCDM.uplugin" 594
"../../../Engine/Plugins/Media/ElectraSubtitles/ElectraSubtitles.uplugin" 595
"../../../Engine/Plugins/Enterprise/DatasmithContent/DatasmithContent.uplugin" 596
"../../../Engine/Plugins/Media/ElectraUtil/ElectraUtil.uplugin" 597
"../../../Engine/Plugins/Animation/MotionWarping/MotionWarping.uplugin" 598
"../../../Engine/Plugins/Media/LinearTimecode/LinearTimecode.uplugin" 599
"../../../Engine/Plugins/Media/HAPMedia/HAPMedia.uplugin" 600
"../../../Engine/Plugins/Media/ImgMedia/ImgMedia.uplugin" 601
"../../../Engine/Plugins/Media/HAPDecoderElectra/HAPDecoderElectra.uplugin" 602
"../../../Engine/Plugins/Media/D3D12VideoDecodersElectra/D3D12VideoDecodersElectra.uplugin" 603
"../../../Engine/Plugins/Media/MfMedia/MfMedia.uplugin" 604
"../../../Engine/Plugins/Media/AjaMedia/AjaMedia.uplugin" 605
"../../../Engine/Plugins/Media/MJPEGDecoderElectra/MJPEGDecoderElectra.uplugin" 606
"../../../Engine/Plugins/Media/MediaMovieStreamer/MediaMovieStreamer.uplugin" 607
"../../../Engine/Plugins/Developer/ProjectLauncher/ProjectLauncher.uplugin" 608
"../../../Engine/Plugins/Media/PixelCapture/PixelCapture.uplugin" 609
"../../../Engine/Plugins/Media/MediaIOFramework/MediaIOFramework.uplugin" 610
"../../../Engine/Plugins/Media/OpusDecoderElectra/OpusDecoderElectra.uplugin" 611
"../../../Engine/Plugins/Media/WebMMedia/WebMMedia.uplugin" 612
"../../../Engine/Plugins/Media/TimecodeSynchronizer/TimecodeSynchronizer.uplugin" 613
"../../../Engine/Plugins/Media/NDIMedia/NDIMedia.uplugin" 614
"../../../Engine/Plugins/Media/PixelStreaming/PixelStreaming.uplugin" 615
"../../../Engine/Plugins/Messaging/MessagingDebugger/MessagingDebugger.uplugin" 616
"../../../Engine/Plugins/Media/AvidDNxHDDecoderElectra/AvidDNxHDDecoderElectra.uplugin" 617
"../../../Engine/Plugins/Messaging/UdpMessaging/UdpMessaging.uplugin" 618
"../../../Engine/Plugins/Media/AvidDNxMedia/AvidDNxMedia.uplugin" 619
"../../../Engine/Plugins/Media/VPxDecoderElectra/VPxDecoderElectra.uplugin" 620
"../../../Engine/Plugins/Media/ElectraCodecs/ElectraCodecs.uplugin" 621
"../../../Engine/Plugins/Media/WmfMedia/WmfMedia.uplugin" 622
"../../../Engine/Plugins/Importers/AlembicHairImporter/AlembicHairImporter.uplugin" 623
"../../../Engine/Plugins/MovieScene/LevelSequenceEditor/LevelSequenceEditor.uplugin" 624
"../../../Engine/Plugins/MovieScene/ReplayTracks/ReplayTracks.uplugin" 625
"../../../Engine/Plugins/Media/AppleProResDecoderElectra/AppleProResDecoderElectra.uplugin" 626
"../../../Engine/Plugins/Media/HardwareEncoders/HardwareEncoders.uplugin" 627
"../../../Engine/Plugins/MovieScene/MoviePipelineMaskRenderPass/MoviePipelineMaskRenderPass.uplugin" 628
"../../../Engine/Plugins/Messaging/TcpMessaging/TcpMessaging.uplugin" 629
"../../../Engine/Plugins/MovieScene/SequencerScripting/SequencerScripting.uplugin" 630
"../../../Engine/Plugins/Media/MediaViewer/MediaViewer.uplugin" 631
"../../../Engine/Plugins/MovieScene/MovieRenderPipeline/MovieRenderPipeline.uplugin" 632
"../../../Engine/Plugins/Performance/AutomatedPerfTesting/AutomatedPerfTesting.uplugin" 633
"../../../Engine/Plugins/Enterprise/DatasmithC4DImporter/DatasmithC4DImporter.uplugin" 634
"../../../Engine/Plugins/Performance/PerformanceMonitor/PerformanceMonitor.uplugin" 635
"../../../Engine/Plugins/NetcodeUnitTest/NUTUnrealEngine/NUTUnrealEngine.uplugin" 636
"../../../Engine/Plugins/Animation/LiveLinkCurveDebugUI/LiveLinkCurveDebugUI.uplugin" 637
"../../../Engine/Plugins/MovieScene/CustomizableSequencerTracks/CustomizableSequencerTracks.uplugin" 638
"../../../Engine/Plugins/NetcodeUnitTest/NetcodeUnitTest/NetcodeUnitTest.uplugin" 639
"../../../Engine/Plugins/Editor/ObjectMixer/ObjectMixer/ObjectMixer.uplugin" 640
"../../../Engine/Plugins/MovieScene/SequenceValidator/SequenceValidator.uplugin" 641
"../../../Engine/Plugins/Media/MediaFrameworkUtilities/MediaFrameworkUtilities.uplugin" 642
"../../../Engine/Plugins/Runtime/Windows/WinVirtualKeyboard/WinVirtualKeyboard.uplugin" 643
"../../../Engine/Plugins/Experimental/Enterprise/DatasmithInterchange/DatasmithInterchange.uplugin" 644
"../../../Engine/Plugins/Editor/ContentBrowser/ContentBrowserAliasDataSource/ContentBrowserAliasDataSource.uplugin" 645
"../../../Engine/Plugins/Runtime/Windows/XInputDevice/XInputDevice.uplugin" 646
"../../../Engine/Plugins/Experimental/Web/WebAPI/WebAPI.uplugin" 647
"../../../Engine/Plugins/Editor/ContentBrowser/ContentBrowserFileDataSource/ContentBrowserFileDataSource.uplugin" 648
"../../../Engine/Plugins/Online/Android/OnlineSubsystemGooglePlay/OnlineSubsystemGooglePlay.uplugin" 649
"../../../Engine/Plugins/Experimental/Enterprise/DatasmithRuntime/DatasmithRuntime.uplugin" 650
"../../../Engine/Plugins/Online/Android/AndroidFetchBackgroundDownload/AndroidFetchBackgroundDownload.uplugin" 651
"../../../Engine/Plugins/Editor/ContentBrowser/ContentBrowserClassDataSource/ContentBrowserClassDataSource.uplugin" 652
"../../../Engine/Plugins/MovieScene/TemplateSequence/TemplateSequence.uplugin" 653
"../../../Engine/Plugins/Experimental/Animation/HierarchyTable/HierarchyTable.uplugin" 654
"../../../Engine/Plugins/Editor/Localization/PortableObjectFileDataSource/PortableObjectFileDataSource.uplugin" 655
"../../../Engine/Plugins/Experimental/Animation/Optimus/Optimus.uplugin" 656
"../../../Engine/Plugins/Editor/ContentBrowser/ContentBrowserAssetDataSource/ContentBrowserAssetDataSource.uplugin" 657
"../../../Engine/Plugins/Experimental/Animation/PackedAttributes/PackedAttributes.uplugin" 658
"../../../Engine/Plugins/Experimental/Animation/MotionTrajectory/MotionTrajectory.uplugin" 659
"../../../Engine/Plugins/Experimental/Animation/SkeletalMeshMorphTargetEditingTools/SkeletalMeshMorphTargetEditingTools.uplugin" 660
"../../../Engine/Plugins/FX/Niagara/Niagara.uplugin" 661
"../../../Engine/Plugins/Experimental/Animation/Locomotor/Locomotor.uplugin" 662
"../../../Engine/Plugins/Experimental/Animation/RigMapper/RigMapper.uplugin" 663
"../../../Engine/Plugins/Experimental/Animation/TrajectoryTools/TrajectoryTools.uplugin" 664
"../../../Engine/Plugins/Experimental/AVCodecs/AMFCodecs/AMFCodecs.uplugin" 665
"../../../Engine/Plugins/Experimental/AVCodecs/LibVpxCodecs/LibVpxCodecs.uplugin" 666
"../../../Engine/Plugins/Media/MediaPlate/MediaPlate.uplugin" 667
"../../../Engine/Plugins/Experimental/Animation/CurveExpression/CurveExpression.uplugin" 668
"../../../Engine/Plugins/Experimental/CharacterFXEditor/BaseCharacterFXEditor/BaseCharacterFXEditor.uplugin" 669
"../../../Engine/Plugins/Experimental/AVCodecs/WMFCodecs/WMFCodecs.uplugin" 670
"../../../Engine/Plugins/Experimental/UAF/UAFAnimGraph/UAFAnimGraph.uplugin" 671
"../../../Engine/Plugins/Experimental/UAF/UAF/UAF.uplugin" 672
"../../../Engine/Plugins/Experimental/UAF/UAFControlRig/UAFControlRig.uplugin" 673
"../../../Engine/Plugins/Protocols/MQTT/MQTT.uplugin" 674
"../../../Engine/Plugins/Experimental/AVCodecs/AVCodecsCore/AVCodecsCore.uplugin" 675
"../../../Engine/Plugins/Media/MediaCompositing/MediaCompositing.uplugin" 676
"../../../Engine/Plugins/Experimental/UAF/UAFChooser/UAFChooser.uplugin" 677
"../../../Engine/Plugins/Experimental/AVCodecs/NVCodecs/NVCodecs.uplugin" 678
"../../../Engine/Plugins/Experimental/UAF/UAFTests/UAFTests.uplugin" 679
"../../../Engine/Plugins/Experimental/UAF/UAFPoseSearch/UAFPoseSearch.uplugin" 680
"../../../Engine/Plugins/Media/ElectraPlayer/ElectraPlayer.uplugin" 681
"../../../Engine/Plugins/Experimental/UAF/UAFWarping/UAFWarping.uplugin" 682
"../../../Engine/Plugins/Experimental/UAF/UAFStateTree/UAFStateTree.uplugin" 683
"../../../Engine/Plugins/Runtime/Database/ADOSupport/ADOSupport.uplugin" 684
"../../../Engine/Plugins/Runtime/Database/DatabaseSupport/DatabaseSupport.uplugin" 685
"../../../Engine/Plugins/Runtime/Advertising/IOSTapJoy/IOSTapJoy.uplugin" 686
"../../../Engine/Plugins/Runtime/Steam/SteamAudio/SteamAudio.uplugin" 687
"../../../Engine/Plugins/Runtime/Database/SQLiteSupport/SQLiteSupport.uplugin" 688
"../../../Engine/Plugins/Experimental/UAF/UAFMirroring/UAFMirroring.uplugin" 689
"../../../Engine/Plugins/Runtime/Database/RemoteDatabaseSupport/RemoteDatabaseSupport.uplugin" 690
"../../../Engine/Plugins/Runtime/AR/ARUtilities/ARUtilities.uplugin" 691
"../../../Engine/Plugins/Runtime/Steam/SteamController/SteamController.uplugin" 692
"../../../Engine/Plugins/Runtime/Steam/SteamSockets/SteamSockets.uplugin" 693
"../../../Engine/Plugins/VirtualProduction/CaptureManager/CaptureManagerApp/CaptureManagerApp.uplugin" 694
"../../../Engine/Plugins/Runtime/Steam/SteamShared/SteamShared.uplugin" 695
"../../../Engine/Plugins/VirtualProduction/Rivermax/RivermaxCore/RivermaxCore.uplugin" 696
"../../../Engine/Plugins/MovieScene/MovieSceneTextTrack/MovieSceneTextTrack.uplugin" 697
"../../../Engine/Plugins/Interchange/Extensions/OpenVDB/InterchangeOpenVDB.uplugin" 698
"../../../Engine/Plugins/VirtualProduction/CaptureManager/CaptureManagerEditor/CaptureManagerEditor.uplugin" 699
"../../../Engine/Plugins/Experimental/PCGInterops/PCGInstancedActorsInterop/PCGInstancedActorsInterop.uplugin" 700
"../../../Engine/Plugins/VirtualProduction/CaptureManager/CaptureManagerCore/CaptureManagerCore.uplugin" 701
"../../../Engine/Plugins/VirtualProduction/Rivermax/RivermaxMedia/RivermaxMedia.uplugin" 702
"../../../Engine/Plugins/VirtualProduction/Rivermax/RivermaxSync/RivermaxSync.uplugin" 703
"../../../Engine/Plugins/Runtime/Windows/WinDualShock/WinDualShock.uplugin" 704
"../../../Engine/Plugins/VirtualProduction/CaptureManager/CaptureManagerDevices/CaptureManagerDevices.uplugin" 705
"../../../Engine/Plugins/Experimental/PCGInterops/PCGFastGeoInterop/PCGFastGeoInterop.uplugin" 706
"../../../Engine/Plugins/Runtime/Analytics/AnalyticsMulticast/AnalyticsMulticast.uplugin" 707
"../../../Engine/Plugins/Runtime/Analytics/FileLogging/FileLogging.uplugin" 708
"../../../Engine/Plugins/MovieScene/ActorSequence/ActorSequence.uplugin" 709
"../../../Engine/Plugins/Experimental/PCGInterops/PCGNaniteAssembliesInterop/PCGNaniteAssembliesInterop.uplugin" 710
"../../../Engine/Plugins/Online/VoiceChat/VoiceChat/VoiceChat.uplugin" 711
"../../../Engine/Plugins/Media/PixelStreaming2/PixelStreaming2.uplugin" 712
"../../../Engine/Plugins/Runtime/Analytics/Adjust/Adjust.uplugin" 713
"../../../Engine/Plugins/Runtime/XR/XRScribe/XRScribe.uplugin" 714
"../../../Engine/Plugins/Runtime/XR/XRVisualization/XRVisualization.uplugin" 715
"../../../Engine/Plugins/Media/MediaPlayerEditor/MediaPlayerEditor.uplugin" 716
"../../../Engine/Plugins/VirtualProduction/DMX/DMXGDTF/DMXGDTF.uplugin" 717
"../../../Engine/Plugins/VirtualProduction/DMX/DMXDisplayCluster/DMXDisplayCluster.uplugin" 718
"../../../Engine/Plugins/VirtualProduction/DMX/DMXControlConsole/DMXControlConsole.uplugin" 719
"../../../Engine/Plugins/Experimental/Animation/RelativeIKOp/RelativeIKOp.uplugin" 720
"../../../Engine/Plugins/VirtualProduction/DMX/DMXFixtures/DMXFixtures.uplugin" 721
"../../../Engine/Plugins/VirtualProduction/DMX/DMXProtocol/DMXProtocol.uplugin" 722
"../../../Engine/Plugins/VirtualProduction/DMX/DMXPixelMapping/DMXPixelMapping.uplugin" 723
"../../../Engine/Plugins/Experimental/CharacterFXEditor/ExampleCharacterFXEditor/ExampleCharacterFXEditor.uplugin" 724
"../../../Engine/Plugins/Experimental/MetaHuman/MetaHumanRuntime/MetaHumanRuntime.uplugin" 725
"../../../Engine/Plugins/Runtime/PacketHandlers/AESHandlerComponent/AESHandlerComponent.uplugin" 726
"../../../Engine/Plugins/Experimental/MetaHuman/MetaHumanCalibrationDiagnostics/MetaHumanCalibrationDiagnostics.uplugin" 727
"../../../Engine/Plugins/Runtime/PacketHandlers/AESGCMHandlerComponent/AESGCMHandlerComponent.uplugin" 728
"../../../Engine/Plugins/Runtime/Database/SQLiteCore/SQLiteCore.uplugin" 729
"../../../Engine/Plugins/Experimental/VirtualProduction/LedWallCalibration/LedWallCalibration.uplugin" 730
"../../../Engine/Plugins/Interchange/Extensions/OpenUSD/InterchangeOpenUSD.uplugin" 731
"../../../Engine/Plugins/Experimental/VirtualProduction/VPSettings/VPSettings.uplugin" 732
"../../../Engine/Plugins/Animation/MLDeformer/MLDeformerFramework/MLDeformerFramework.uplugin" 733
"../../../Engine/Plugins/Experimental/Enterprise/DataprepGeometryOperations/DataprepGeometryOperations.uplugin" 734
"../../../Engine/Plugins/Experimental/VirtualProduction/VPRoles/VPRoles.uplugin" 735
"../../../Engine/Plugins/Runtime/PacketHandlers/DTLSHandlerComponent/DTLSHandlerComponent.uplugin" 736
"../../../Engine/Plugins/Editor/ObjectMixer/LightMixer/LightMixer.uplugin" 737
"../../../Engine/Plugins/Animation/MLDeformer/ChaosFleshGenerator/ChaosFleshGenerator.uplugin" 738
"../../../Engine/Plugins/Online/IOS/OnlineSubsystemIOS/OnlineSubsystemIOS.uplugin" 739
"../../../Engine/Plugins/Animation/MLDeformer/ChaosClothGenerator/ChaosClothGenerator.uplugin" 740
"../../../Engine/Plugins/Animation/MLDeformer/NeuralMorphModel/NeuralMorphModel.uplugin" 741
"../../../Engine/Plugins/Experimental/PCGInterops/PCGNiagaraInterop/PCGNiagaraInterop.uplugin" 742
"../../../Engine/Plugins/Animation/MLDeformer/VertexDeltaModel/VertexDeltaModel.uplugin" 743
"../../../Engine/Plugins/Experimental/PCGInterops/PCGWaterInterop/PCGWaterInterop.uplugin" 744
"../../../Engine/Plugins/Runtime/Nvidia/Reflex/Reflex.uplugin" 745
"../../../Engine/Plugins/Runtime/MeshReconstruction/DummyMeshReconstructor/DummyMeshReconstructor.uplugin" 746
"../../../Engine/Plugins/Runtime/Nvidia/GeForceNOWWrapper/GeForceNOWWrapper.uplugin" 747
"../../../Engine/Plugins/Runtime/AR/Google/GoogleARCore/GoogleARCore.uplugin" 748
"../../../Engine/Plugins/Developer/Concert/ConcertApp/MultiUserClient/MultiUserClient.uplugin" 749
"../../../Engine/Plugins/Developer/Concert/ConcertApp/DisasterRecoveryClient/DisasterRecoveryClient.uplugin" 750
"../../../Engine/Plugins/Developer/Concert/ConcertInsights/ConcertInsightsCore/ConcertInsightsCore.uplugin" 751
"../../../Engine/Plugins/Experimental/Animation/ContextualAnimation/ContextualAnimation.uplugin" 752
"../../../Engine/Plugins/Experimental/Animation/MLDeformer/DetailPoseModel/DetailPoseModel.uplugin" 753
"../../../Engine/Plugins/Developer/Concert/ConcertMain/ConcertMain.uplugin" 754
"../../../Engine/Plugins/Runtime/AR/Google/GoogleARCoreServices/GoogleARCoreServices.uplugin" 755
"../../../Engine/Plugins/Developer/Concert/ConcertSync/ConcertSyncTest/ConcertSyncTest.uplugin" 756
"../../../Engine/Plugins/Runtime/AR/AppleAR/AppleARKitFaceSupport/AppleARKitFaceSupport.uplugin" 757
"../../../Engine/Plugins/Developer/Concert/ConcertInsights/ConcertInsightsClient/ConcertInsightsClient.uplugin" 758
"../../../Engine/Plugins/Developer/Concert/ConcertSync/ConcertSyncServer/ConcertSyncServer.uplugin" 759
"../../../Engine/Plugins/Developer/Concert/ConcertUI/ConcertClientSharedSlate/ConcertClientSharedSlate.uplugin" 760
"../../../Engine/Plugins/Developer/Concert/ConcertApp/MultiUserServer/MultiUserServer.uplugin" 761
"../../../Engine/Plugins/Developer/Concert/ConcertInsights/ConcertInsightsServer/ConcertInsightsServer.uplugin" 762
"../../../Engine/Plugins/Developer/Concert/ConcertInsights/ConcertInsightsVisualizer/ConcertInsightsVisualizer.uplugin" 763
"../../../Engine/Plugins/Runtime/AR/AppleAR/AppleARKit/AppleARKit.uplugin" 764
"../../../Engine/Plugins/Developer/Concert/ConcertUI/ConcertSharedSlate/ConcertSharedSlate.uplugin" 765
"../../../Engine/Plugins/Online/VoiceChat/EOSVoiceChat/EOSVoiceChat.uplugin" 766
"../../../Engine/Plugins/VirtualProduction/DMX/DMXModularFeatures/DMXModularFeatures.uplugin" 767
"../../../Engine/Plugins/Developer/Concert/ConcertSync/ConcertSyncCore/ConcertSyncCore.uplugin" 768
"../../../Engine/Plugins/VirtualProduction/DMX/DMXEngine/DMXEngine.uplugin" 769
"../../../Engine/Plugins/Experimental/MetaHuman/MetaHumanCharacterUAF/MetaHumanCharacterUAF.uplugin" 770
"../../../Engine/Plugins/Experimental/AVCodecs/VTCodecs/VTCodecs.uplugin" 771
"../../../Engine/Plugins/Experimental/Animation/RigMapperOp/RigMapperOp.uplugin" 772
"../../../Engine/Plugins/Web/HttpBlueprint/HttpBlueprint.uplugin" 773
"../../../Engine/Plugins/Animation/MLDeformer/NearestNeighborModel/NearestNeighborModel.uplugin" 774
"../../../Engine/Plugins/VirtualProduction/DMX/DatasmithMVR/DatasmithMVR.uplugin" 775
"../../../Engine/Plugins/Developer/Concert/ConcertScripting/ConcertReplicationScripting/ConcertReplicationScripting.uplugin" 776
"../../../Engine/Plugins/Runtime/Analytics/AnalyticsBlueprintLibrary/AnalyticsBlueprintLibrary.uplugin" 777
"../../../Engine/Plugins/Developer/Concert/ConcertSync/ConcertSyncClient/ConcertSyncClient.uplugin" 778
"../../../Engine/Plugins/Experimental/Animation/HierarchyTableAnimation/HierarchyTableAnimation.uplugin" 779
"../../../Engine/Platforms/Android/Plugins/Animation/RigLogic/RigLogic_Android.uplugin" 780
"../../../Engine/Platforms/Android/Plugins/Animation/ACLPlugin/ACLPlugin_Android.uplugin" 781
"../../../Engine/Platforms/IOS/Plugins/Animation/RigLogic/RigLogic_IOS.uplugin" 782
"../../../Engine/Content/Internationalization/icudt64l/cnvalias.icu" 783
"../../../Engine/Content/Internationalization/icudt64l/res_index.res" 784
"../../../Engine/Content/Internationalization/icudt64l/plurals.res" 785
"../../../Engine/Content/Internationalization/icudt64l/lang/ko.res" 786
"../../../Engine/Content/Internationalization/icudt64l/lang/pool.res" 787
"../../../Engine/Content/Internationalization/icudt64l/lang/root.res" 788
"../../../Engine/Content/Internationalization/icudt64l/region/ko.res" 789
"../../../Engine/Content/Internationalization/icudt64l/region/pool.res" 790
"../../../Engine/Content/Internationalization/icudt64l/region/root.res" 791
"../../../Engine/Content/Internationalization/icudt64l/lang/en.res" 792
"../../../Engine/Content/Internationalization/icudt64l/region/en.res" 793
"../../../Engine/Content/Internationalization/icudt64l/windowsZones.res" 794
"../../../Engine/Content/Internationalization/icudt64l/zoneinfo64.res" 795
"../../../Engine/Content/Internationalization/icudt64l/keyTypeData.res" 796
"../../../Engine/Content/Internationalization/icudt64l/timezoneTypes.res" 797
"../../../Engine/Content/Internationalization/icudt64l/likelySubtags.res" 798
"../../../Engine/Content/Internationalization/icudt64l/ko_KR.res" 799
"../../../Engine/Content/Internationalization/icudt64l/pool.res" 800
"../../../Engine/Content/Internationalization/icudt64l/ko.res" 801
"../../../Engine/Content/Internationalization/icudt64l/root.res" 802
"../../../Engine/Content/Internationalization/icudt64l/supplementalData.res" 803
"../../../Engine/Config/ConfigRedirects.ini" 804
"C:/Users/waita/AppData/Local/UnrealEngine/5.7/Saved/Config/WindowsEditor/Manifest.ini" 805
"../../../Engine/Config/BaseEngine.ini" 806
"../../../Engine/Config/Windows/BaseWindowsEngine.ini" 807
"D:/game_develop/github/Orka2026-1/Orka/Config/DefaultEngine.ini" 808
"../../../Engine/Config/BaseGame.ini" 809
"D:/game_develop/github/Orka2026-1/Orka/Config/DefaultGame.ini" 810
"../../../Engine/Config/Windows/WindowsGame.ini" 811
"D:/game_develop/github/Orka2026-1/Orka/Saved/Config/WindowsEditor/Game.ini" 812
"../../../Engine/Config/BaseInput.ini" 813
"../../../Engine/Config/Windows/BaseWindowsInput.ini" 814
"D:/game_develop/github/Orka2026-1/Orka/Config/DefaultInput.ini" 815
"../../../Engine/Config/Windows/WindowsInput.ini" 816
"../../../Engine/Config/BaseDeviceProfiles.ini" 817
"../../../Engine/Config/BaseGameUserSettings.ini" 818
"D:/game_develop/github/Orka2026-1/Orka/Saved/Config/WindowsEditor/GameUserSettings.ini" 819
"../../../Engine/Config/BaseScalability.ini" 820
"../../../Engine/Config/BaseRuntimeOptions.ini" 821
"../../../Engine/Config/BaseInstallBundle.ini" 822
"../../../Engine/Config/BaseHardware.ini" 823
"../../../Engine/Config/BaseCompat.ini" 824
"../../../Engine/Config/BaseLightmass.ini" 825
"../../../Engine/Config/BaseEditor.ini" 826
"D:/game_develop/github/Orka2026-1/Orka/Config/DefaultEditor.ini" 827
"D:/game_develop/github/Orka2026-1/Orka/Saved/Config/WindowsEditor/Editor.ini" 828
"../../../Engine/Config/BaseMaterialExpressions.ini" 829
"../../../Engine/Config/BaseEditorPerProjectUserSettings.ini" 830
"D:/game_develop/github/Orka2026-1/Orka/Config/DefaultEditorPerProjectUserSettings.ini" 831
"../../../Engine/Config/Windows/WindowsEditorPerProjectUserSettings.ini" 832
"D:/game_develop/github/Orka2026-1/Orka/Saved/Config/WindowsEditor/EditorPerProjectUserSettings.ini" 833
"../../../Engine/Config/BaseEditorSettings.ini" 834
"../../../Engine/Config/Windows/WindowsEditorSettings.ini" 835
"C:/Users/waita/AppData/Local/UnrealEngine/5.7/Saved/Config/WindowsEditor/EditorSettings.ini" 836
"../../../Engine/Config/BaseEditorKeyBindings.ini" 837
"C:/Users/waita/AppData/Local/UnrealEngine/5.7/Saved/Config/WindowsEditor/EditorLayout.ini" 838
"D:/game_develop/github/Orka2026-1/Orka/Binaries/Win64/Orka-Win64-DebugGame.target" 839
"../../../Engine/Config/Android/BaseAndroidEngine.ini" 840
"../../../Engine/Config/Mac/BaseMacEngine.ini" 841
"../../../Engine/Config/IOS/BaseIOSEngine.ini" 842
"../../../Engine/Config/Linux/BaseLinuxEngine.ini" 843
"../../../Engine/Config/Android/AndroidEngine.ini" 844
"../../../Engine/Platforms/VisionOS/Config/BaseVisionOSEngine.ini" 845
"D:/game_develop/github/Orka2026-1/Orka/Binaries/Win64/Orka-Win64-Shipping.target" 846
"../../../Engine/Config/Unix/UnixEngine.ini" 847
"../../../Engine/Platforms/VisionOS/Config/VisionOSEngine.ini" 848
"../../../Engine/Config/Linux/LinuxEngine.ini" 849
"../../../Engine/Config/IOS/BaseIOSGame.ini" 850
"../../../Engine/Config/Android/BaseAndroidGame.ini" 851
"D:/game_develop/github/Orka2026-1/Orka/Binaries/Win64/Orka.target" 852
"../../../Engine/Config/Mac/MacGame.ini" 853
"../../../Engine/Config/IOS/IOSGame.ini" 854
"../../../Engine/Config/TVOS/TVOSEngine.ini" 855
"../../../Engine/Binaries/Win64/BootstrapPackagedGame-Win64-Shipping.target" 856
"../../../Engine/Binaries/Win64/BuildPatchTool-Win64-Shipping.target" 857
"../../../Engine/Binaries/Win64/CrashReportClient-Win64-Shipping.target" 858
"../../../Engine/Config/Linux/LinuxGame.ini" 859
"../../../Engine/Binaries/Win64/CrashReportClientEditor-Win64-Shipping.target" 860
"../../../Engine/Binaries/Win64/DatasmithCADWorker.target" 861
"../../../Engine/Binaries/Win64/EpicWebHelper-Win64-Shipping.target" 862
"../../../Engine/Binaries/Win64/InterchangeWorker.target" 863
"../../../Engine/Binaries/Win64/LiveCodingConsole.target" 864
"../../../Engine/Binaries/Win64/LiveLinkHub.target" 865
"../../../Engine/Config/IOS/BaseIOSInput.ini" 866
"../../../Engine/Config/Mac/BaseMacInput.ini" 867
"../../../Engine/Config/Android/BaseAndroidInput.ini" 868
"../../../Engine/Config/IOS/IOSScalability.ini" 869
"../../../Engine/Config/IOS/BaseIOSInstallBundle.ini" 870
"../../../Engine/Config/Android/AndroidScalability.ini" 871
"../../../Engine/Config/Android/BaseAndroidInstallBundle.ini" 872
"../../../Engine/Binaries/Win64/ShaderCompileWorker.target" 873
"../../../Engine/Binaries/Win64/SwitchboardListener.target" 874
"../../../Engine/Binaries/Win64/SwitchboardListenerHelper.target" 875
"../../../Engine/Binaries/Win64/UnrealEditor-Win64-DebugGame.target" 876
"../../../Engine/Binaries/Win64/UnrealEditor.target" 877
"../../../Engine/Config/PluginBase.ini" 878
"../../../Engine/Plugins/ChaosVD/Config/DefaultChaosVD.ini" 879
"../../../Engine/Plugins/EnhancedInput/Config/BaseEnhancedInput.ini" 880
"../../../Engine/Plugins/Fab/Config/BaseFab.ini" 881
"../../../Engine/Plugins/TraceUtilities/Config/BaseTraceUtilities.ini" 882
"../../../Engine/Plugins/Editor/EditorScriptingUtilities/Config/BaseEditorScriptingUtilities.ini" 883
"../../../Engine/Plugins/Experimental/FullBodyIK/Config/BaseFullBodyIK.ini" 884
"../../../Engine/Plugins/Experimental/ToolPresets/Config/BaseToolPresets.ini" 885
"../../../Engine/Plugins/MetaHuman/MetaHumanSDK/Config/BaseMetaHumanSDK.ini" 886
"../../../Engine/Plugins/Runtime/GameplayStateTree/Config/BaseGameplayStateTree.ini" 887
"../../../Engine/Plugins/Runtime/HairStrands/Config/BaseHairStrands.ini" 888
"../../../Engine/Plugins/Runtime/Metasound/Config/BaseMetasound.ini" 889
"../../../Engine/Plugins/Runtime/Metasound/Config/DefaultMetasound.ini" 890
"../../../Engine/Plugins/Runtime/PropertyBindingUtils/Config/BasePropertyBindingUtils.ini" 891
"../../../Engine/Plugins/Runtime/RigVM/Config/BaseRigVM.ini" 892
"../../../Engine/Plugins/Runtime/StateTree/Config/BaseStateTree.ini" 893
"../../../Engine/Plugins/Runtime/Synthesis/Config/BaseSynthesis.ini" 894
"../../../Engine/Plugins/Runtime/USDCore/Config/BaseUSDCore.ini" 895
"../../../Engine/Plugins/Interchange/Assets/Config/BaseInterchangeAssets.ini" 896
"../../../Engine/Plugins/Interchange/Runtime/Config/BaseInterchange.ini" 897
"../../../Engine/Plugins/VirtualProduction/Takes/Config/BaseTakes.ini" 898
"../../../Engine/Plugins/2D/Paper2D/Config/BasePaper2D.ini" 899
"../../../Engine/Plugins/Animation/DeformerGraph/Config/BaseDeformerGraph.ini" 900
"../../../Engine/Plugins/Animation/ControlRig/Config/BaseControlRig.ini" 901
"../../../Engine/Plugins/Animation/IKRig/Config/BaseIKRig.ini" 902
"../../../Engine/Plugins/Animation/LiveLink/Config/BaseLiveLink.ini" 903
"../../../Engine/Plugins/Cameras/GameplayCameras/Config/BaseGameplayCameras.ini" 904
"../../../Engine/Plugins/Compositing/CompositeCore/Config/BaseCompositeCore.ini" 905
"../../../Engine/Plugins/Compositing/OpenColorIO/Config/BaseOpenColorIO.ini" 906
"../../../Engine/Plugins/Enterprise/GLTFExporter/Config/BaseGLTFExporter.ini" 907
"../../../Engine/Plugins/Enterprise/GLTFExporter/Config/DefaultGLTFExporter.ini" 908
"../../../Engine/Plugins/Enterprise/DatasmithContent/Config/BaseDatasmithContent.ini" 909
"../../../Engine/Plugins/Enterprise/VariantManagerContent/Config/BaseVariantManagerContent.ini" 910
"../../../Engine/Plugins/FX/Niagara/Config/BaseNiagara.ini" 911
"../../../Engine/Plugins/Media/MediaIOFramework/Config/BaseMediaIOFramework.ini" 912
"../../../Engine/Plugins/Media/PixelStreaming/Config/BasePixelStreaming.ini" 913
"../../../Engine/Plugins/ChaosVD/Config/Engine.ini" 914
"../../../Engine/Plugins/EnhancedInput/Config/Input.ini" 915
"../../../Engine/Plugins/Runtime/InputDebugging/Config/Input.ini" 916
"../../../Engine/Plugins/Runtime/Windows/XInputDevice/Config/Input.ini" 917
"../../../Engine/Plugins/NNE/NNEDenoiser/Config/Game.ini" 918
"../../../Engine/Plugins/Runtime/RigVM/Config/Editor.ini" 919
"../../../Engine/Plugins/Online/OnlineSubsystemUtils/Config/Editor.ini" 920
"../../../Engine/Plugins/Editor/ModelingToolsEditorMode/Binaries/Win64/UnrealEditor.modules" 921
"../../../Engine/Plugins/Runtime/MeshModelingToolset/Binaries/Win64/UnrealEditor.modules" 922
"../../../Engine/Plugins/Experimental/MeshModelingToolsetExp/Binaries/Win64/UnrealEditor.modules" 923
"../../../Engine/Plugins/Editor/MeshLODToolset/Binaries/Win64/UnrealEditor.modules" 924
"../../../Engine/Plugins/Experimental/ToolPresets/Binaries/Win64/UnrealEditor.modules" 925
"../../../Engine/Plugins/Editor/StylusInput/Binaries/Win64/UnrealEditor.modules" 926
"../../../Engine/Plugins/Runtime/GeometryProcessing/Binaries/Win64/UnrealEditor.modules" 927
"../../../Engine/Plugins/Editor/ProxyLODPlugin/Binaries/Win64/UnrealEditor.modules" 928
"../../../Engine/Plugins/Experimental/PlanarCutPlugin/Binaries/Win64/UnrealEditor.modules" 929
"../../../Engine/Plugins/Runtime/GeometryCache/Binaries/Win64/UnrealEditor.modules" 930
"../../../Engine/Plugins/Experimental/GeometryFlow/Binaries/Win64/UnrealEditor.modules" 931
"../../../Engine/Plugins/Editor/EditorScriptingUtilities/Binaries/Win64/UnrealEditor.modules" 932
"../../../Engine/Plugins/FX/Niagara/Binaries/Win64/UnrealEditor.modules" 933
"../../../Engine/Plugins/Experimental/PythonScriptPlugin/Binaries/Win64/UnrealEditor.modules" 934
"../../../Engine/Plugins/Editor/ContentBrowser/ContentBrowserFileDataSource/Binaries/Win64/UnrealEditor.modules" 935
"../../../Engine/Plugins/Runtime/GameplayStateTree/Binaries/Win64/UnrealEditor.modules" 936
"../../../Engine/Plugins/Runtime/StateTree/Binaries/Win64/UnrealEditor.modules" 937
"../../../Engine/Plugins/Animation/GameplayInsights/Binaries/Win64/UnrealEditor.modules" 938
"../../../Engine/Plugins/Runtime/PropertyAccess/Binaries/Win64/UnrealEditor.modules" 939
"../../../Engine/Plugins/Runtime/PropertyBindingUtils/Binaries/Win64/UnrealEditor.modules" 940
"../../../Engine/Plugins/Media/PixelStreaming/Binaries/Win64/UnrealEditor.modules" 941
"../../../Engine/Plugins/Media/PixelCapture/Binaries/Win64/UnrealEditor.modules" 942
"../../../Engine/Plugins/Media/WmfMedia/Binaries/Win64/UnrealEditor.modules" 943
"../../../Engine/Plugins/Experimental/AVCodecs/AVCodecsCore/Binaries/Win64/UnrealEditor.modules" 944
"../../../Engine/Plugins/Experimental/AVCodecs/NVCodecs/Binaries/Win64/UnrealEditor.modules" 945
"../../../Engine/Plugins/Experimental/AVCodecs/AMFCodecs/Binaries/Win64/UnrealEditor.modules" 946
"../../../Engine/Plugins/Experimental/WebSocketNetworking/Binaries/Win64/UnrealEditor.modules" 947
"../../../Engine/Plugins/Runtime/XRBase/Binaries/Win64/UnrealEditor.modules" 948
"../../../Engine/Plugins/Media/MediaIOFramework/Binaries/Win64/UnrealEditor.modules" 949
"../../../Engine/Plugins/Compositing/OpenColorIO/Binaries/Win64/UnrealEditor.modules" 950
"../../../Engine/Plugins/AudioInsights/Binaries/Win64/UnrealEditor.modules" 951
"../../../Engine/Plugins/Runtime/AudioWidgets/Binaries/Win64/UnrealEditor.modules" 952
"../../../Engine/Plugins/Runtime/AudioSynesthesia/Binaries/Win64/UnrealEditor.modules" 953
"../../../Engine/Plugins/Bridge/Binaries/Win64/UnrealEditor.modules" 954
"../../../Engine/Plugins/MetaHuman/MetaHumanSDK/Binaries/Win64/UnrealEditor.modules" 955
"../../../Engine/Plugins/Animation/ControlRig/Binaries/Win64/UnrealEditor.modules" 956
"../../../Engine/Plugins/Runtime/HairStrands/Binaries/Win64/UnrealEditor.modules" 957
"../../../Engine/Plugins/Animation/RigLogic/Binaries/Win64/UnrealEditor.modules" 958
"../../../Engine/Plugins/Interchange/Runtime/Binaries/Win64/UnrealEditor.modules" 959
"../../../Engine/Plugins/Online/EOSShared/Binaries/Win64/UnrealEditor.modules" 960
"../../../Engine/Plugins/Runtime/RigVM/Binaries/Win64/UnrealEditor.modules" 961
"../../../Engine/Plugins/MovieScene/LevelSequenceEditor/Binaries/Win64/UnrealEditor.modules" 962
"../../../Engine/Plugins/MovieScene/SequencerScripting/Binaries/Win64/UnrealEditor.modules" 963
"../../../Engine/Plugins/Animation/TweeningUtils/Binaries/Win64/UnrealEditor.modules" 964
"../../../Engine/Plugins/Animation/DeformerGraph/Binaries/Win64/UnrealEditor.modules" 965
"../../../Engine/Plugins/Experimental/Dataflow/Binaries/Win64/UnrealEditor.modules" 966
"../../../Engine/Plugins/Runtime/ComputeFramework/Binaries/Win64/UnrealEditor.modules" 967
"../../../Engine/Plugins/Enterprise/VariantManagerContent/Binaries/Win64/UnrealEditor.modules" 968
"../../../Engine/Plugins/Enterprise/VariantManager/Binaries/Win64/UnrealEditor.modules" 969
"../../../Engine/Plugins/Interchange/Assets/Binaries/Win64/UnrealEditor.modules" 970
"../../../Engine/Plugins/Experimental/CharacterFXEditor/BaseCharacterFXEditor/Binaries/Win64/UnrealEditor.modules" 971
"../../../Engine/Plugins/Runtime/ProceduralMeshComponent/Binaries/Win64/UnrealEditor.modules" 972
"../../../Engine/Plugins/Experimental/ChaosCaching/Binaries/Win64/UnrealEditor.modules" 973
"../../../Engine/Plugins/Experimental/EditorDataStorage/Binaries/Win64/UnrealEditor.modules" 974
"../../../Engine/Plugins/Experimental/EditorDataStorageFeatures/Binaries/Win64/UnrealEditor.modules" 975
"../../../Engine/Plugins/Animation/SkeletalMeshModelingTools/Binaries/Win64/UnrealEditor.modules" 976
"../../../Engine/Plugins/VirtualProduction/Takes/Binaries/Win64/UnrealEditor.modules" 977
"../../../Engine/Plugins/Runtime/AudioCapture/Binaries/Win64/UnrealEditor.modules" 978
"../../../Engine/Plugins/Developer/NamingTokens/Binaries/Win64/UnrealEditor.modules" 979
"../../../Engine/Plugins/Editor/EngineAssetDefinitions/Binaries/Win64/UnrealEditor.modules" 980
"../../../Engine/Plugins/ChaosCloth/Binaries/Win64/UnrealEditor.modules" 981
"../../../Engine/Plugins/ChaosInsights/Binaries/Win64/UnrealEditor.modules" 982
"../../../Engine/Plugins/ChaosVD/Binaries/Win64/UnrealEditor.modules" 983
"../../../Engine/Plugins/CmdLinkServer/Binaries/Win64/UnrealEditor.modules" 984
"../../../Engine/Plugins/EnhancedInput/Binaries/Win64/UnrealEditor.modules" 985
"../../../Engine/Plugins/Editor/DataValidation/Binaries/Win64/UnrealEditor.modules" 986
"../../../Engine/Plugins/Fab/Binaries/Win64/UnrealEditor.modules" 987
"../../../Engine/Plugins/IoStoreInsights/Binaries/Win64/UnrealEditor.modules" 988
"../../../Engine/Plugins/MassInsights/Binaries/Win64/UnrealEditor.modules" 989
"../../../Engine/Plugins/MeshPainting/Binaries/Win64/UnrealEditor.modules" 990
"../../../Engine/Plugins/Interchange/Editor/Binaries/Win64/UnrealEditor.modules" 991
"../../../Engine/Plugins/RenderGraphInsights/Binaries/Win64/UnrealEditor.modules" 992
"../../../Engine/Plugins/UbaController/Binaries/Win64/UnrealEditor.modules" 993
"../../../Engine/Plugins/TraceUtilities/Binaries/Win64/UnrealEditor.modules" 994
"../../../Engine/Plugins/WorldMetrics/Binaries/Win64/UnrealEditor.modules" 995
"../../../Engine/Plugins/XGEController/Binaries/Win64/UnrealEditor.modules" 996
"../../../Engine/Plugins/AI/AISupport/Binaries/Win64/UnrealEditor.modules" 997
"../../../Engine/Plugins/AI/EnvironmentQueryEditor/Binaries/Win64/UnrealEditor.modules" 998
"../../../Engine/Plugins/Compression/OodleNetwork/Binaries/Win64/UnrealEditor.modules" 999
"../../../Engine/Plugins/Editor/AssetManagerEditor/Binaries/Win64/UnrealEditor.modules" 1000
"../../../Engine/Plugins/Editor/ContentBrowser/ContentBrowserAssetDataSource/Binaries/Win64/UnrealEditor.modules" 1001
"../../../Engine/Plugins/Editor/BlueprintHeaderView/Binaries/Win64/UnrealEditor.modules" 1002
"../../../Engine/Plugins/Editor/ColorGrading/Binaries/Win64/UnrealEditor.modules" 1003
"../../../Engine/Plugins/Editor/ObjectMixer/ObjectMixer/Binaries/Win64/UnrealEditor.modules" 1004
"../../../Engine/Plugins/Editor/ChangelistReview/Binaries/Win64/UnrealEditor.modules" 1005
"../../../Engine/Plugins/Editor/CryptoKeys/Binaries/Win64/UnrealEditor.modules" 1006
"../../../Engine/Plugins/Editor/CurveEditorTools/Binaries/Win64/UnrealEditor.modules" 1007
"../../../Engine/Plugins/Editor/EditorDebugTools/Binaries/Win64/UnrealEditor.modules" 1008
"../../../Engine/Plugins/Editor/FacialAnimation/Binaries/Win64/UnrealEditor.modules" 1009
"../../../Engine/Plugins/Editor/GameplayTagsEditor/Binaries/Win64/UnrealEditor.modules" 1010
"../../../Engine/Plugins/Editor/GeometryMode/Binaries/Win64/UnrealEditor.modules" 1011
"../../../Engine/Plugins/Editor/MaterialAnalyzer/Binaries/Win64/UnrealEditor.modules" 1012
"../../../Engine/Plugins/Editor/MobileLauncherProfileWizard/Binaries/Win64/UnrealEditor.modules" 1013
"../../../Engine/Plugins/Editor/PluginBrowser/Binaries/Win64/UnrealEditor.modules" 1014
"../../../Engine/Plugins/Developer/PluginUtils/Binaries/Win64/UnrealEditor.modules" 1015
"../../../Engine/Plugins/Editor/SequencerAnimTools/Binaries/Win64/UnrealEditor.modules" 1016
"../../../Engine/Plugins/Editor/SpeedTreeImporter/Binaries/Win64/UnrealEditor.modules" 1017
"../../../Engine/Plugins/Editor/UMGWidgetPreview/Binaries/Win64/UnrealEditor.modules" 1018
"../../../Engine/Plugins/Editor/UVEditor/Binaries/Win64/UnrealEditor.modules" 1019
"../../../Engine/Plugins/Editor/WorldPartitionHLODUtilities/Binaries/Win64/UnrealEditor.modules" 1020
"../../../Engine/Plugins/Experimental/AdvancedRenamer/Binaries/Win64/UnrealEditor.modules" 1021
"../../../Engine/Plugins/Experimental/AutomationUtils/Binaries/Win64/UnrealEditor.modules" 1022
"../../../Engine/Plugins/Experimental/BackChannel/Binaries/Win64/UnrealEditor.modules" 1023
"../../../Engine/Plugins/Experimental/ChaosEditor/Binaries/Win64/UnrealEditor.modules" 1024
"../../../Engine/Plugins/Experimental/GeometryCollectionPlugin/Binaries/Win64/UnrealEditor.modules" 1025
"../../../Engine/Plugins/Experimental/Fracture/Binaries/Win64/UnrealEditor.modules" 1026
"../../../Engine/Plugins/Experimental/ChaosSolverPlugin/Binaries/Win64/UnrealEditor.modules" 1027
"../../../Engine/Plugins/Experimental/GeometryDataflow/Binaries/Win64/UnrealEditor.modules" 1028
"../../../Engine/Plugins/Experimental/ChaosNiagara/Binaries/Win64/UnrealEditor.modules" 1029
"../../../Engine/Plugins/Experimental/ChaosUserDataPT/Binaries/Win64/UnrealEditor.modules" 1030
"../../../Engine/Plugins/Experimental/CharacterAI/Binaries/Win64/UnrealEditor.modules" 1031
"../../../Engine/Plugins/Experimental/EditorPerformance/Binaries/Win64/UnrealEditor.modules" 1032
"../../../Engine/Plugins/Experimental/EditorTelemetry/Binaries/Win64/UnrealEditor.modules" 1033
"../../../Engine/Plugins/Experimental/GlobalConfigurationData/Binaries/Win64/UnrealEditor.modules" 1034
"../../../Engine/Plugins/Experimental/LevelSequenceNavigatorBridge/Binaries/Win64/UnrealEditor.modules" 1035
"../../../Engine/Plugins/Experimental/SequenceNavigator/Binaries/Win64/UnrealEditor.modules" 1036
"../../../Engine/Plugins/Experimental/LocalizableMessage/Binaries/Win64/UnrealEditor.modules" 1037
"../../../Engine/Plugins/Experimental/NFORDenoise/Binaries/Win64/UnrealEditor.modules" 1038
"../../../Engine/Plugins/Experimental/PlatformCrypto/Binaries/Win64/UnrealEditor.modules" 1039
"../../../Engine/Plugins/Experimental/RuntimeTelemetry/Binaries/Win64/UnrealEditor.modules" 1040
"../../../Engine/Plugins/Experimental/SkeletalReduction/Binaries/Win64/UnrealEditor.modules" 1041
"../../../Engine/Plugins/Runtime/ActorLayerUtilities/Binaries/Win64/UnrealEditor.modules" 1042
"../../../Engine/Plugins/Portal/LauncherChunkInstaller/Binaries/Win64/UnrealEditor.modules" 1043
"../../../Engine/Plugins/Runtime/AndroidDeviceProfileSelector/Binaries/Win64/UnrealEditor.modules" 1044
"../../../Engine/Plugins/NNE/NNEDenoiser/Binaries/Win64/UnrealEditor.modules" 1045
"../../../Engine/Plugins/NNE/NNERuntimeORT/Binaries/Win64/UnrealEditor.modules" 1046
"../../../Engine/Plugins/Runtime/AndroidFileServer/Binaries/Win64/UnrealEditor.modules" 1047
"../../../Engine/Plugins/Runtime/AndroidPermission/Binaries/Win64/UnrealEditor.modules" 1048
"../../../Engine/Plugins/Runtime/ArchVisCharacter/Binaries/Win64/UnrealEditor.modules" 1049
"../../../Engine/Plugins/Runtime/AssetTags/Binaries/Win64/UnrealEditor.modules" 1050
"../../../Engine/Plugins/Runtime/AppleImageUtils/Binaries/Win64/UnrealEditor.modules" 1051
"../../../Engine/Plugins/Runtime/CableComponent/Binaries/Win64/UnrealEditor.modules" 1052
"../../../Engine/Plugins/Runtime/ChunkDownloader/Binaries/Win64/UnrealEditor.modules" 1053
"../../../Engine/Plugins/Runtime/CustomMeshComponent/Binaries/Win64/UnrealEditor.modules" 1054
"../../../Engine/Plugins/Runtime/ExampleDeviceProfileSelector/Binaries/Win64/UnrealEditor.modules" 1055
"../../../Engine/Plugins/Runtime/GooglePAD/Binaries/Win64/UnrealEditor.modules" 1056
"../../../Engine/Plugins/Runtime/InputDebugging/Binaries/Win64/UnrealEditor.modules" 1057
"../../../Engine/Plugins/Runtime/LocationServicesBPLibrary/Binaries/Win64/UnrealEditor.modules" 1058
"../../../Engine/Plugins/Runtime/Metasound/Binaries/Win64/UnrealEditor.modules" 1059
"../../../Engine/Plugins/Runtime/WaveTable/Binaries/Win64/UnrealEditor.modules" 1060
"../../../Engine/Plugins/Runtime/MobilePatchingUtils/Binaries/Win64/UnrealEditor.modules" 1061
"../../../Engine/Plugins/Runtime/MsQuic/Binaries/Win64/UnrealEditor.modules" 1062
"../../../Engine/Plugins/Runtime/ResonanceAudio/Binaries/Win64/UnrealEditor.modules" 1063
"../../../Engine/Plugins/Runtime/SoundFields/Binaries/Win64/UnrealEditor.modules" 1064
"../../../Engine/Plugins/Runtime/Synthesis/Binaries/Win64/UnrealEditor.modules" 1065
"../../../Engine/Plugins/Runtime/WebMMoviePlayer/Binaries/Win64/UnrealEditor.modules" 1066
"../../../Engine/Plugins/Media/WebMMedia/Binaries/Win64/UnrealEditor.modules" 1067
"../../../Engine/Plugins/Runtime/WindowsDeviceProfileSelector/Binaries/Win64/UnrealEditor.modules" 1068
"../../../Engine/Plugins/Runtime/WindowsMoviePlayer/Binaries/Win64/UnrealEditor.modules" 1069
"../../../Engine/Plugins/Online/OnlineBase/Binaries/Win64/UnrealEditor.modules" 1070
"../../../Engine/Plugins/Online/OnlineSubsystem/Binaries/Win64/UnrealEditor.modules" 1071
"../../../Engine/Plugins/Online/OnlineSubsystemNull/Binaries/Win64/UnrealEditor.modules" 1072
"../../../Engine/Plugins/Online/OnlineSubsystemUtils/Binaries/Win64/UnrealEditor.modules" 1073
"../../../Engine/Plugins/Online/OnlineServices/Binaries/Win64/UnrealEditor.modules" 1074
"../../../Engine/Plugins/Tests/InterchangeTests/Binaries/Win64/UnrealEditor.modules" 1075
"../../../Engine/Plugins/2D/Paper2D/Binaries/Win64/UnrealEditor.modules" 1076
"../../../Engine/Plugins/Animation/AnimationData/Binaries/Win64/UnrealEditor.modules" 1077
"../../../Engine/Plugins/Animation/AnimationModifierLibrary/Binaries/Win64/UnrealEditor.modules" 1078
"../../../Engine/Plugins/Animation/ACLPlugin/Binaries/Win64/UnrealEditor.modules" 1079
"../../../Engine/Plugins/Animation/BlendSpaceMotionAnalysis/Binaries/Win64/UnrealEditor.modules" 1080
"../../../Engine/Plugins/Animation/ControlRigSpline/Binaries/Win64/UnrealEditor.modules" 1081
"../../../Engine/Plugins/Animation/EaseCurveTool/Binaries/Win64/UnrealEditor.modules" 1082
"../../../Engine/Plugins/Animation/IKRig/Binaries/Win64/UnrealEditor.modules" 1083
"../../../Engine/Plugins/Experimental/FullBodyIK/Binaries/Win64/UnrealEditor.modules" 1084
"../../../Engine/Plugins/Cameras/CameraShakePreviewer/Binaries/Win64/UnrealEditor.modules" 1085
"../../../Engine/Plugins/Cameras/GameplayCameras/Binaries/Win64/UnrealEditor.modules" 1086
"../../../Engine/Plugins/MovieScene/TemplateSequence/Binaries/Win64/UnrealEditor.modules" 1087
"../../../Engine/Plugins/Cameras/EngineCameras/Binaries/Win64/UnrealEditor.modules" 1088
"../../../Engine/Plugins/Developer/AnimationSharing/Binaries/Win64/UnrealEditor.modules" 1089
"../../../Engine/Plugins/Runtime/SignificanceManager/Binaries/Win64/UnrealEditor.modules" 1090
"../../../Engine/Plugins/Developer/CLionSourceCodeAccess/Binaries/Win64/UnrealEditor.modules" 1091
"../../../Engine/Plugins/Developer/DumpGPUServices/Binaries/Win64/UnrealEditor.modules" 1092
"../../../Engine/Plugins/Developer/GPUReshape/Binaries/Win64/UnrealEditor.modules" 1093
"../../../Engine/Plugins/Developer/GitSourceControl/Binaries/Win64/UnrealEditor.modules" 1094
"../../../Engine/Plugins/Developer/PixWinPlugin/Binaries/Win64/UnrealEditor.modules" 1095
"../../../Engine/Plugins/Developer/N10XSourceCodeAccess/Binaries/Win64/UnrealEditor.modules" 1096
"../../../Engine/Plugins/Developer/ProjectLauncher/Binaries/Win64/UnrealEditor.modules" 1097
"../../../Engine/Plugins/Developer/PerforceSourceControl/Binaries/Win64/UnrealEditor.modules" 1098
"../../../Engine/Plugins/Developer/SubversionSourceControl/Binaries/Win64/UnrealEditor.modules" 1099
"../../../Engine/Plugins/Developer/PlasticSourceControl/Binaries/Win64/UnrealEditor.modules" 1100
"../../../Engine/Plugins/Developer/RiderSourceCodeAccess/Binaries/Win64/UnrealEditor.modules" 1101
"../../../Engine/Plugins/Developer/PropertyAccessNode/Binaries/Win64/UnrealEditor.modules" 1102
"../../../Engine/Plugins/Developer/VisualStudioCodeSourceCodeAccess/Binaries/Win64/UnrealEditor.modules" 1103
"../../../Engine/Plugins/Developer/RenderDocPlugin/Binaries/Win64/UnrealEditor.modules" 1104
"../../../Engine/Plugins/Developer/UObjectPlugin/Binaries/Win64/UnrealEditor.modules" 1105
"../../../Engine/Plugins/Developer/TextureFormatOodle/Binaries/Win64/UnrealEditor.modules" 1106
"../../../Engine/Plugins/Developer/VisualStudioSourceCodeAccess/Binaries/Win64/UnrealEditor.modules" 1107
"../../../Engine/Plugins/Enterprise/GLTFExporter/Binaries/Win64/UnrealEditor.modules" 1108
"../../../Engine/Plugins/Enterprise/DatasmithContent/Binaries/Win64/UnrealEditor.modules" 1109
"../../../Engine/Plugins/FX/Cascade/Binaries/Win64/UnrealEditor.modules" 1110
"../../../Engine/Plugins/FX/NiagaraPreviewContent/Binaries/Win64/UnrealEditor.modules" 1111
"../../../Engine/Plugins/Importers/AlembicImporter/Binaries/Win64/UnrealEditor.modules" 1112
"../../../Engine/Plugins/FX/NiagaraSimCaching/Binaries/Win64/UnrealEditor.modules" 1113
"../../../Engine/Plugins/Marketplace/FabLauncher/Binaries/Win64/UnrealEditor.modules" 1114
"../../../Engine/Plugins/Importers/USDImporter/Binaries/Win64/UnrealEditor.modules" 1115
"../../../Engine/Plugins/Runtime/USDCore/Binaries/Win64/UnrealEditor.modules" 1116
"../../../Engine/Plugins/Runtime/Analytics/AnalyticsBlueprintLibrary/Binaries/Win64/UnrealEditor.modules" 1117
"../../../Engine/Plugins/Animation/LiveLink/Binaries/Win64/UnrealEditor.modules" 1118
"../../../Engine/Plugins/Media/AvfMedia/Binaries/Win64/UnrealEditor.modules" 1119
"../../../Engine/Plugins/Media/AndroidMedia/Binaries/Win64/UnrealEditor.modules" 1120
"../../../Engine/Plugins/Media/MediaPlate/Binaries/Win64/UnrealEditor.modules" 1121
"../../../Engine/Plugins/Media/MediaCompositing/Binaries/Win64/UnrealEditor.modules" 1122
"../../../Engine/Plugins/Media/MediaPlayerEditor/Binaries/Win64/UnrealEditor.modules" 1123
"../../../Engine/Plugins/Compositing/CompositeCore/Binaries/Win64/UnrealEditor.modules" 1124
"../../../Engine/Plugins/Media/ImgMedia/Binaries/Win64/UnrealEditor.modules" 1125
"../../../Engine/Plugins/Messaging/UdpMessaging/Binaries/Win64/UnrealEditor.modules" 1126
"../../../Engine/Plugins/MovieScene/ActorSequence/Binaries/Win64/UnrealEditor.modules" 1127
"../../../Engine/Plugins/Messaging/TcpMessaging/Binaries/Win64/UnrealEditor.modules" 1128
"../../../Engine/Plugins/MovieScene/SequenceValidator/Binaries/Win64/UnrealEditor.modules" 1129
"../../../Engine/Plugins/Editor/ObjectMixer/LightMixer/Binaries/Win64/UnrealEditor.modules" 1130
"../../../Engine/Plugins/Runtime/Windows/XInputDevice/Binaries/Win64/UnrealEditor.modules" 1131
"../../../Engine/Plugins/Editor/ContentBrowser/ContentBrowserClassDataSource/Binaries/Win64/UnrealEditor.modules" 1132
"../../../Engine/Plugins/Editor/Localization/PortableObjectFileDataSource/Binaries/Win64/UnrealEditor.modules" 1133
"../../../Engine/Config/BaseSourceControlSettings.ini" 1134
"../../../Engine/Content/Internationalization/icudt64l/coll/ucadata.icu" 1135
"../../../Engine/Content/Internationalization/icudt64l/coll/ko.res" 1136
"../../../Engine/Content/Internationalization/icudt64l/coll/root.res" 1137
"../../../Engine/Content/Certificates/ThirdParty/cacert.pem" 1138
"../../../Engine/Config/ConsoleVariables.ini" 1139
"../../../Engine/Binaries/Win64/Android/UnrealEditor.modules" 1140
"../../../Engine/Binaries/Win64/IOS/UnrealEditor.modules" 1141
"../../../Engine/Binaries/Win64/Linux/UnrealEditor.modules" 1142
"../../../Engine/Content/Localization/Editor/en/Editor.locres" 1143
"../../../Engine/Content/Localization/Keywords/en/Keywords.locres" 1144
"../../../Engine/Content/Localization/Category/en/Category.locres" 1145
"../../../Engine/Content/Localization/ToolTips/en/ToolTips.locres" 1146
"../../../Engine/Content/Localization/PropertyNames/en/PropertyNames.locres" 1147
"../../../Engine/Content/Localization/Engine/en/Engine.locres" 1148
"../../../Engine/Plugins/MetaHuman/MetaHumanSDK/Content/Localization/MetaHumanSDK/en/MetaHumanSDK.locres" 1149
"../../../Engine/Plugins/MetaHuman/MetaHumanSDK/Content/Localization/MetaHumanSDK_Properties/en/MetaHumanSDK_Properties.locres" 1150
"../../../Engine/Plugins/MetaHuman/MetaHumanSDK/Content/Localization/MetaHumanSDK_Tooltips/en/MetaHumanSDK_Tooltips.locres" 1151
"../../../Engine/Plugins/Online/OnlineSubsystem/Content/Localization/OnlineSubsystem/en/OnlineSubsystem.locres" 1152
"../../../Engine/Plugins/Online/OnlineSubsystemUtils/Content/Localization/OnlineSubsystemUtils/en/OnlineSubsystemUtils.locres" 1153
"../../../Engine/Plugins/Online/IOS/OnlineSubsystemIOS/Content/Localization/OnlineSubsystemIOS/en/OnlineSubsystemIOS.locres" 1154
"../../../Engine/Plugins/Online/Android/OnlineSubsystemGooglePlay/Content/Localization/OnlineSubsystemGooglePlay/en/OnlineSubsystemGooglePlay.locres" 1155
"../../../Engine/Content/Internationalization/icudt64l/en.res" 1156
"../../../Engine/Content/Internationalization/icudt64l/numberingSystems.res" 1157
"../../../Engine/Content/Internationalization/icudt64l/curr/en.res" 1158
"../../../Engine/Content/Internationalization/icudt64l/curr/pool.res" 1159
"../../../Engine/Content/Internationalization/icudt64l/curr/root.res" 1160
"../../../Engine/Content/Internationalization/icudt64l/lang/af.res" 1161
"../../../Engine/Content/Internationalization/icudt64l/region/af.res" 1162
"../../../Engine/Content/Internationalization/icudt64l/lang/agq.res" 1163
"../../../Engine/Content/Internationalization/icudt64l/region/agq.res" 1164
"../../../Engine/Content/Internationalization/icudt64l/lang/ak.res" 1165
"../../../Engine/Content/Internationalization/icudt64l/region/ak.res" 1166
"../../../Engine/Content/Internationalization/icudt64l/lang/am.res" 1167
"../../../Engine/Content/Internationalization/icudt64l/region/am.res" 1168
"../../../Engine/Content/Internationalization/icudt64l/lang/ar.res" 1169
"../../../Engine/Content/Internationalization/icudt64l/region/ar.res" 1170
"../../../Engine/Content/Internationalization/icudt64l/region/ar_AE.res" 1171
"../../../Engine/Content/Internationalization/icudt64l/lang/ar_EG.res" 1172
"../../../Engine/Content/Internationalization/icudt64l/lang/ar_LY.res" 1173
"../../../Engine/Content/Internationalization/icudt64l/region/ar_LY.res" 1174
"../../../Engine/Content/Internationalization/icudt64l/lang/ar_SA.res" 1175
"../../../Engine/Content/Internationalization/icudt64l/region/ar_SA.res" 1176
"../../../Engine/Content/Internationalization/icudt64l/lang/as.res" 1177
"../../../Engine/Content/Internationalization/icudt64l/region/as.res" 1178
"../../../Engine/Content/Internationalization/icudt64l/lang/asa.res" 1179
"../../../Engine/Content/Internationalization/icudt64l/region/asa.res" 1180
"../../../Engine/Content/Internationalization/icudt64l/lang/ast.res" 1181
"../../../Engine/Content/Internationalization/icudt64l/region/ast.res" 1182
"../../../Engine/Content/Internationalization/icudt64l/lang/az.res" 1183
"../../../Engine/Content/Internationalization/icudt64l/lang/az_Cyrl.res" 1184
"../../../Engine/Content/Internationalization/icudt64l/lang/az_AZ.res" 1185
"../../../Engine/Content/Internationalization/icudt64l/lang/az_Latn_AZ.res" 1186
"../../../Engine/Content/Internationalization/icudt64l/lang/az_Latn.res" 1187
"../../../Engine/Content/Internationalization/icudt64l/region/az_AZ.res" 1188
"../../../Engine/Content/Internationalization/icudt64l/region/az_Latn_AZ.res" 1189
"../../../Engine/Content/Internationalization/icudt64l/region/az_Latn.res" 1190
"../../../Engine/Content/Internationalization/icudt64l/region/az.res" 1191
"../../../Engine/Content/Internationalization/icudt64l/region/az_Cyrl.res" 1192
"../../../Engine/Content/Internationalization/icudt64l/lang/bas.res" 1193
"../../../Engine/Content/Internationalization/icudt64l/region/bas.res" 1194
"../../../Engine/Content/Internationalization/icudt64l/lang/be.res" 1195
"../../../Engine/Content/Internationalization/icudt64l/region/be.res" 1196
"../../../Engine/Content/Internationalization/icudt64l/lang/bem.res" 1197
"../../../Engine/Content/Internationalization/icudt64l/region/bem.res" 1198
"../../../Engine/Content/Internationalization/icudt64l/lang/bez.res" 1199
"../../../Engine/Content/Internationalization/icudt64l/region/bez.res" 1200
"../../../Engine/Content/Internationalization/icudt64l/lang/bg.res" 1201
"../../../Engine/Content/Internationalization/icudt64l/region/bg.res" 1202
"../../../Engine/Content/Internationalization/icudt64l/lang/bm.res" 1203
"../../../Engine/Content/Internationalization/icudt64l/region/bm.res" 1204
"../../../Engine/Content/Internationalization/icudt64l/lang/bn.res" 1205
"../../../Engine/Content/Internationalization/icudt64l/region/bn.res" 1206
"../../../Engine/Content/Internationalization/icudt64l/lang/bn_IN.res" 1207
"../../../Engine/Content/Internationalization/icudt64l/region/bn_IN.res" 1208
"../../../Engine/Content/Internationalization/icudt64l/lang/bo.res" 1209
"../../../Engine/Content/Internationalization/icudt64l/region/bo.res" 1210
"../../../Engine/Content/Internationalization/icudt64l/region/bo_IN.res" 1211
"../../../Engine/Content/Internationalization/icudt64l/lang/br.res" 1212
"../../../Engine/Content/Internationalization/icudt64l/region/br.res" 1213
"../../../Engine/Content/Internationalization/icudt64l/lang/brx.res" 1214
"../../../Engine/Content/Internationalization/icudt64l/region/brx.res" 1215
"../../../Engine/Content/Internationalization/icudt64l/lang/bs.res" 1216
"../../../Engine/Content/Internationalization/icudt64l/lang/bs_Cyrl.res" 1217
"../../../Engine/Content/Internationalization/icudt64l/lang/bs_BA.res" 1218
"../../../Engine/Content/Internationalization/icudt64l/lang/bs_Latn_BA.res" 1219
"../../../Engine/Content/Internationalization/icudt64l/lang/bs_Latn.res" 1220
"../../../Engine/Content/Internationalization/icudt64l/region/bs_BA.res" 1221
"../../../Engine/Content/Internationalization/icudt64l/region/bs_Latn_BA.res" 1222
"../../../Engine/Content/Internationalization/icudt64l/region/bs_Latn.res" 1223
"../../../Engine/Content/Internationalization/icudt64l/region/bs.res" 1224
"../../../Engine/Content/Internationalization/icudt64l/region/bs_Cyrl.res" 1225
"../../../Engine/Content/Internationalization/icudt64l/lang/ca.res" 1226
"../../../Engine/Content/Internationalization/icudt64l/region/ca.res" 1227
"../../../Engine/Content/Internationalization/icudt64l/lang/ccp.res" 1228
"../../../Engine/Content/Internationalization/icudt64l/region/ccp.res" 1229
"../../../Engine/Content/Internationalization/icudt64l/lang/ce.res" 1230
"../../../Engine/Content/Internationalization/icudt64l/region/ce.res" 1231
"../../../Engine/Content/Internationalization/icudt64l/lang/ceb.res" 1232
"../../../Engine/Content/Internationalization/icudt64l/region/ceb.res" 1233
"../../../Engine/Content/Internationalization/icudt64l/lang/cgg.res" 1234
"../../../Engine/Content/Internationalization/icudt64l/region/cgg.res" 1235
"../../../Engine/Content/Internationalization/icudt64l/lang/chr.res" 1236
"../../../Engine/Content/Internationalization/icudt64l/region/chr.res" 1237
"../../../Engine/Content/Internationalization/icudt64l/lang/ckb.res" 1238
"../../../Engine/Content/Internationalization/icudt64l/region/ckb.res" 1239
"../../../Engine/Content/Internationalization/icudt64l/lang/cs.res" 1240
"../../../Engine/Content/Internationalization/icudt64l/region/cs.res" 1241
"../../../Engine/Content/Internationalization/icudt64l/lang/cy.res" 1242
"../../../Engine/Content/Internationalization/icudt64l/region/cy.res" 1243
"../../../Engine/Content/Internationalization/icudt64l/lang/da.res" 1244
"../../../Engine/Content/Internationalization/icudt64l/region/da.res" 1245
"../../../Engine/Content/Internationalization/icudt64l/lang/dav.res" 1246
"../../../Engine/Content/Internationalization/icudt64l/region/dav.res" 1247
"../../../Engine/Content/Internationalization/icudt64l/lang/de.res" 1248
"../../../Engine/Content/Internationalization/icudt64l/lang/de_AT.res" 1249
"../../../Engine/Content/Internationalization/icudt64l/region/de_AT.res" 1250
"../../../Engine/Content/Internationalization/icudt64l/region/de.res" 1251
"../../../Engine/Content/Internationalization/icudt64l/lang/de_CH.res" 1252
"../../../Engine/Content/Internationalization/icudt64l/region/de_CH.res" 1253
"../../../Engine/Content/Internationalization/icudt64l/lang/de_LU.res" 1254
"../../../Engine/Content/Internationalization/icudt64l/lang/dje.res" 1255
"../../../Engine/Content/Internationalization/icudt64l/region/dje.res" 1256
"../../../Engine/Content/Internationalization/icudt64l/lang/dsb.res" 1257
"../../../Engine/Content/Internationalization/icudt64l/region/dsb.res" 1258
"../../../Engine/Content/Internationalization/icudt64l/lang/dua.res" 1259
"../../../Engine/Content/Internationalization/icudt64l/region/dua.res" 1260
"../../../Engine/Content/Internationalization/icudt64l/lang/dyo.res" 1261
"../../../Engine/Content/Internationalization/icudt64l/region/dyo.res" 1262
"../../../Engine/Content/Internationalization/icudt64l/lang/dz.res" 1263
"../../../Engine/Content/Internationalization/icudt64l/region/dz.res" 1264
"../../../Engine/Content/Internationalization/icudt64l/lang/ebu.res" 1265
"../../../Engine/Content/Internationalization/icudt64l/region/ebu.res" 1266
"../../../Engine/Content/Internationalization/icudt64l/lang/ee.res" 1267
"../../../Engine/Content/Internationalization/icudt64l/region/ee.res" 1268
"../../../Engine/Content/Internationalization/icudt64l/lang/el.res" 1269
"../../../Engine/Content/Internationalization/icudt64l/region/el.res" 1270
"../../../Engine/Content/Internationalization/icudt64l/lang/en_001.res" 1271
"../../../Engine/Content/Internationalization/icudt64l/lang/en_150.res" 1272
"../../../Engine/Content/Internationalization/icudt64l/region/en_150.res" 1273
"../../../Engine/Content/Internationalization/icudt64l/lang/en_AG.res" 1274
"../../../Engine/Content/Internationalization/icudt64l/region/en_AG.res" 1275
"../../../Engine/Content/Internationalization/icudt64l/lang/en_AI.res" 1276
"../../../Engine/Content/Internationalization/icudt64l/region/en_AI.res" 1277
"../../../Engine/Content/Internationalization/icudt64l/lang/en_AT.res" 1278
"../../../Engine/Content/Internationalization/icudt64l/region/en_AT.res" 1279
"../../../Engine/Content/Internationalization/icudt64l/lang/en_AU.res" 1280
"../../../Engine/Content/Internationalization/icudt64l/region/en_AU.res" 1281
"../../../Engine/Content/Internationalization/icudt64l/lang/en_BB.res" 1282
"../../../Engine/Content/Internationalization/icudt64l/region/en_BB.res" 1283
"../../../Engine/Content/Internationalization/icudt64l/lang/en_BE.res" 1284
"../../../Engine/Content/Internationalization/icudt64l/region/en_BE.res" 1285
"../../../Engine/Content/Internationalization/icudt64l/lang/en_BM.res" 1286
"../../../Engine/Content/Internationalization/icudt64l/region/en_BM.res" 1287
"../../../Engine/Content/Internationalization/icudt64l/lang/en_BS.res" 1288
"../../../Engine/Content/Internationalization/icudt64l/region/en_BS.res" 1289
"../../../Engine/Content/Internationalization/icudt64l/lang/en_BW.res" 1290
"../../../Engine/Content/Internationalization/icudt64l/region/en_BW.res" 1291
"../../../Engine/Content/Internationalization/icudt64l/lang/en_BZ.res" 1292
"../../../Engine/Content/Internationalization/icudt64l/region/en_BZ.res" 1293
"../../../Engine/Content/Internationalization/icudt64l/lang/en_CA.res" 1294
"../../../Engine/Content/Internationalization/icudt64l/region/en_CA.res" 1295
"../../../Engine/Content/Internationalization/icudt64l/lang/en_CC.res" 1296
"../../../Engine/Content/Internationalization/icudt64l/region/en_CC.res" 1297
"../../../Engine/Content/Internationalization/icudt64l/lang/en_CH.res" 1298
"../../../Engine/Content/Internationalization/icudt64l/region/en_CH.res" 1299
"../../../Engine/Content/Internationalization/icudt64l/lang/en_CK.res" 1300
"../../../Engine/Content/Internationalization/icudt64l/region/en_CK.res" 1301
"../../../Engine/Content/Internationalization/icudt64l/lang/en_CM.res" 1302
"../../../Engine/Content/Internationalization/icudt64l/region/en_CM.res" 1303
"../../../Engine/Content/Internationalization/icudt64l/lang/en_CX.res" 1304
"../../../Engine/Content/Internationalization/icudt64l/region/en_CX.res" 1305
"../../../Engine/Content/Internationalization/icudt64l/lang/en_CY.res" 1306
"../../../Engine/Content/Internationalization/icudt64l/region/en_CY.res" 1307
"../../../Engine/Content/Internationalization/icudt64l/lang/en_DE.res" 1308
"../../../Engine/Content/Internationalization/icudt64l/region/en_DE.res" 1309
"../../../Engine/Content/Internationalization/icudt64l/lang/en_DG.res" 1310
"../../../Engine/Content/Internationalization/icudt64l/region/en_DG.res" 1311
"../../../Engine/Content/Internationalization/icudt64l/lang/en_DK.res" 1312
"../../../Engine/Content/Internationalization/icudt64l/region/en_DK.res" 1313
"../../../Engine/Content/Internationalization/icudt64l/lang/en_DM.res" 1314
"../../../Engine/Content/Internationalization/icudt64l/region/en_DM.res" 1315
"../../../Engine/Content/Internationalization/icudt64l/lang/en_ER.res" 1316
"../../../Engine/Content/Internationalization/icudt64l/region/en_ER.res" 1317
"../../../Engine/Content/Internationalization/icudt64l/lang/en_FI.res" 1318
"../../../Engine/Content/Internationalization/icudt64l/region/en_FI.res" 1319
"../../../Engine/Content/Internationalization/icudt64l/lang/en_FJ.res" 1320
"../../../Engine/Content/Internationalization/icudt64l/region/en_FJ.res" 1321
"../../../Engine/Content/Internationalization/icudt64l/lang/en_FK.res" 1322
"../../../Engine/Content/Internationalization/icudt64l/region/en_FK.res" 1323
"../../../Engine/Content/Internationalization/icudt64l/lang/en_FM.res" 1324
"../../../Engine/Content/Internationalization/icudt64l/region/en_FM.res" 1325
"../../../Engine/Content/Internationalization/icudt64l/lang/en_GB.res" 1326
"../../../Engine/Content/Internationalization/icudt64l/region/en_GB.res" 1327
"../../../Engine/Content/Internationalization/icudt64l/lang/en_GD.res" 1328
"../../../Engine/Content/Internationalization/icudt64l/region/en_GD.res" 1329
"../../../Engine/Content/Internationalization/icudt64l/lang/en_GG.res" 1330
"../../../Engine/Content/Internationalization/icudt64l/region/en_GG.res" 1331
"../../../Engine/Content/Internationalization/icudt64l/lang/en_GH.res" 1332
"../../../Engine/Content/Internationalization/icudt64l/region/en_GH.res" 1333
"../../../Engine/Content/Internationalization/icudt64l/lang/en_GI.res" 1334
"../../../Engine/Content/Internationalization/icudt64l/region/en_GI.res" 1335
"../../../Engine/Content/Internationalization/icudt64l/lang/en_GM.res" 1336
"../../../Engine/Content/Internationalization/icudt64l/region/en_GM.res" 1337
"../../../Engine/Content/Internationalization/icudt64l/lang/en_GY.res" 1338
"../../../Engine/Content/Internationalization/icudt64l/region/en_GY.res" 1339
"../../../Engine/Content/Internationalization/icudt64l/lang/en_HK.res" 1340
"../../../Engine/Content/Internationalization/icudt64l/region/en_HK.res" 1341
"../../../Engine/Content/Internationalization/icudt64l/lang/en_IE.res" 1342
"../../../Engine/Content/Internationalization/icudt64l/region/en_IE.res" 1343
"../../../Engine/Content/Internationalization/icudt64l/lang/en_IL.res" 1344
"../../../Engine/Content/Internationalization/icudt64l/region/en_IL.res" 1345
"../../../Engine/Content/Internationalization/icudt64l/lang/en_IM.res" 1346
"../../../Engine/Content/Internationalization/icudt64l/region/en_IM.res" 1347
"../../../Engine/Content/Internationalization/icudt64l/lang/en_IN.res" 1348
"../../../Engine/Content/Internationalization/icudt64l/region/en_IN.res" 1349
"../../../Engine/Content/Internationalization/icudt64l/lang/en_IO.res" 1350
"../../../Engine/Content/Internationalization/icudt64l/region/en_IO.res" 1351
"../../../Engine/Content/Internationalization/icudt64l/lang/en_JE.res" 1352
"../../../Engine/Content/Internationalization/icudt64l/region/en_JE.res" 1353
"../../../Engine/Content/Internationalization/icudt64l/lang/en_JM.res" 1354
"../../../Engine/Content/Internationalization/icudt64l/region/en_JM.res" 1355
"../../../Engine/Content/Internationalization/icudt64l/lang/en_KE.res" 1356
"../../../Engine/Content/Internationalization/icudt64l/region/en_KE.res" 1357
"../../../Engine/Content/Internationalization/icudt64l/lang/en_KI.res" 1358
"../../../Engine/Content/Internationalization/icudt64l/region/en_KI.res" 1359
"../../../Engine/Content/Internationalization/icudt64l/lang/en_KN.res" 1360
"../../../Engine/Content/Internationalization/icudt64l/region/en_KN.res" 1361
"../../../Engine/Content/Internationalization/icudt64l/lang/en_KY.res" 1362
"../../../Engine/Content/Internationalization/icudt64l/region/en_KY.res" 1363
"../../../Engine/Content/Internationalization/icudt64l/lang/en_LC.res" 1364
"../../../Engine/Content/Internationalization/icudt64l/region/en_LC.res" 1365
"../../../Engine/Content/Internationalization/icudt64l/lang/en_LR.res" 1366
"../../../Engine/Content/Internationalization/icudt64l/region/en_LR.res" 1367
"../../../Engine/Content/Internationalization/icudt64l/lang/en_LS.res" 1368
"../../../Engine/Content/Internationalization/icudt64l/region/en_LS.res" 1369
"../../../Engine/Content/Internationalization/icudt64l/lang/en_MG.res" 1370
"../../../Engine/Content/Internationalization/icudt64l/region/en_MG.res" 1371
"../../../Engine/Content/Internationalization/icudt64l/lang/en_MO.res" 1372
"../../../Engine/Content/Internationalization/icudt64l/region/en_MO.res" 1373
"../../../Engine/Content/Internationalization/icudt64l/lang/en_MS.res" 1374
"../../../Engine/Content/Internationalization/icudt64l/region/en_MS.res" 1375
"../../../Engine/Content/Internationalization/icudt64l/lang/en_MT.res" 1376
"../../../Engine/Content/Internationalization/icudt64l/region/en_MT.res" 1377
"../../../Engine/Content/Internationalization/icudt64l/lang/en_MU.res" 1378
"../../../Engine/Content/Internationalization/icudt64l/region/en_MU.res" 1379
"../../../Engine/Content/Internationalization/icudt64l/lang/en_MW.res" 1380
"../../../Engine/Content/Internationalization/icudt64l/region/en_MW.res" 1381
"../../../Engine/Content/Internationalization/icudt64l/lang/en_MY.res" 1382
"../../../Engine/Content/Internationalization/icudt64l/region/en_MY.res" 1383
"../../../Engine/Content/Internationalization/icudt64l/lang/en_NA.res" 1384
"../../../Engine/Content/Internationalization/icudt64l/region/en_NA.res" 1385
"../../../Engine/Content/Internationalization/icudt64l/lang/en_NF.res" 1386
"../../../Engine/Content/Internationalization/icudt64l/region/en_NF.res" 1387
"../../../Engine/Content/Internationalization/icudt64l/lang/en_NG.res" 1388
"../../../Engine/Content/Internationalization/icudt64l/region/en_NG.res" 1389
"../../../Engine/Content/Internationalization/icudt64l/lang/en_NL.res" 1390
"../../../Engine/Content/Internationalization/icudt64l/region/en_NL.res" 1391
"../../../Engine/Content/Internationalization/icudt64l/lang/en_NR.res" 1392
"../../../Engine/Content/Internationalization/icudt64l/region/en_NR.res" 1393
"../../../Engine/Content/Internationalization/icudt64l/lang/en_NU.res" 1394
"../../../Engine/Content/Internationalization/icudt64l/region/en_NU.res" 1395
"../../../Engine/Content/Internationalization/icudt64l/lang/en_NZ.res" 1396
"../../../Engine/Content/Internationalization/icudt64l/region/en_NZ.res" 1397
"../../../Engine/Content/Internationalization/icudt64l/lang/en_PG.res" 1398
"../../../Engine/Content/Internationalization/icudt64l/region/en_PG.res" 1399
"../../../Engine/Content/Internationalization/icudt64l/lang/en_PH.res" 1400
"../../../Engine/Content/Internationalization/icudt64l/region/en_PH.res" 1401
"../../../Engine/Content/Internationalization/icudt64l/lang/en_PK.res" 1402
"../../../Engine/Content/Internationalization/icudt64l/region/en_PK.res" 1403
"../../../Engine/Content/Internationalization/icudt64l/lang/en_PN.res" 1404
"../../../Engine/Content/Internationalization/icudt64l/region/en_PN.res" 1405
"../../../Engine/Content/Internationalization/icudt64l/lang/en_PW.res" 1406
"../../../Engine/Content/Internationalization/icudt64l/region/en_PW.res" 1407
"../../../Engine/Content/Internationalization/icudt64l/lang/en_RW.res" 1408
"../../../Engine/Content/Internationalization/icudt64l/region/en_RW.res" 1409
"../../../Engine/Content/Internationalization/icudt64l/lang/en_SB.res" 1410
"../../../Engine/Content/Internationalization/icudt64l/region/en_SB.res" 1411
"../../../Engine/Content/Internationalization/icudt64l/lang/en_SC.res" 1412
"../../../Engine/Content/Internationalization/icudt64l/region/en_SC.res" 1413
"../../../Engine/Content/Internationalization/icudt64l/lang/en_SD.res" 1414
"../../../Engine/Content/Internationalization/icudt64l/region/en_SD.res" 1415
"../../../Engine/Content/Internationalization/icudt64l/lang/en_SE.res" 1416
"../../../Engine/Content/Internationalization/icudt64l/region/en_SE.res" 1417
"../../../Engine/Content/Internationalization/icudt64l/lang/en_SG.res" 1418
"../../../Engine/Content/Internationalization/icudt64l/region/en_SG.res" 1419
"../../../Engine/Content/Internationalization/icudt64l/lang/en_SH.res" 1420
"../../../Engine/Content/Internationalization/icudt64l/region/en_SH.res" 1421
"../../../Engine/Content/Internationalization/icudt64l/lang/en_SI.res" 1422
"../../../Engine/Content/Internationalization/icudt64l/region/en_SI.res" 1423
"../../../Engine/Content/Internationalization/icudt64l/lang/en_SL.res" 1424
"../../../Engine/Content/Internationalization/icudt64l/region/en_SL.res" 1425
"../../../Engine/Content/Internationalization/icudt64l/lang/en_SS.res" 1426
"../../../Engine/Content/Internationalization/icudt64l/region/en_SS.res" 1427
"../../../Engine/Content/Internationalization/icudt64l/lang/en_SX.res" 1428
"../../../Engine/Content/Internationalization/icudt64l/region/en_SX.res" 1429
"../../../Engine/Content/Internationalization/icudt64l/lang/en_SZ.res" 1430
"../../../Engine/Content/Internationalization/icudt64l/region/en_SZ.res" 1431
"../../../Engine/Content/Internationalization/icudt64l/lang/en_TC.res" 1432
"../../../Engine/Content/Internationalization/icudt64l/region/en_TC.res" 1433
"../../../Engine/Content/Internationalization/icudt64l/lang/en_TK.res" 1434
"../../../Engine/Content/Internationalization/icudt64l/region/en_TK.res" 1435
"../../../Engine/Content/Internationalization/icudt64l/lang/en_TO.res" 1436
"../../../Engine/Content/Internationalization/icudt64l/region/en_TO.res" 1437
"../../../Engine/Content/Internationalization/icudt64l/lang/en_TT.res" 1438
"../../../Engine/Content/Internationalization/icudt64l/region/en_TT.res" 1439
"../../../Engine/Content/Internationalization/icudt64l/lang/en_TV.res" 1440
"../../../Engine/Content/Internationalization/icudt64l/region/en_TV.res" 1441
"../../../Engine/Content/Internationalization/icudt64l/lang/en_TZ.res" 1442
"../../../Engine/Content/Internationalization/icudt64l/region/en_TZ.res" 1443
"../../../Engine/Content/Internationalization/icudt64l/lang/en_UG.res" 1444
"../../../Engine/Content/Internationalization/icudt64l/region/en_UG.res" 1445
"../../../Engine/Content/Internationalization/icudt64l/lang/en_VC.res" 1446
"../../../Engine/Content/Internationalization/icudt64l/region/en_VC.res" 1447
"../../../Engine/Content/Internationalization/icudt64l/lang/en_VG.res" 1448
"../../../Engine/Content/Internationalization/icudt64l/region/en_VG.res" 1449
"../../../Engine/Content/Internationalization/icudt64l/lang/en_VU.res" 1450
"../../../Engine/Content/Internationalization/icudt64l/region/en_VU.res" 1451
"../../../Engine/Content/Internationalization/icudt64l/lang/en_WS.res" 1452
"../../../Engine/Content/Internationalization/icudt64l/region/en_WS.res" 1453
"../../../Engine/Content/Internationalization/icudt64l/lang/en_ZA.res" 1454
"../../../Engine/Content/Internationalization/icudt64l/region/en_ZA.res" 1455
"../../../Engine/Content/Internationalization/icudt64l/lang/en_ZM.res" 1456
"../../../Engine/Content/Internationalization/icudt64l/region/en_ZM.res" 1457
"../../../Engine/Content/Internationalization/icudt64l/lang/en_ZW.res" 1458
"../../../Engine/Content/Internationalization/icudt64l/region/en_ZW.res" 1459
"../../../Engine/Content/Internationalization/icudt64l/lang/eo.res" 1460
"../../../Engine/Content/Internationalization/icudt64l/region/eo.res" 1461
"../../../Engine/Content/Internationalization/icudt64l/lang/es.res" 1462
"../../../Engine/Content/Internationalization/icudt64l/lang/es_419.res" 1463
"../../../Engine/Content/Internationalization/icudt64l/region/es_419.res" 1464
"../../../Engine/Content/Internationalization/icudt64l/region/es.res" 1465
"../../../Engine/Content/Internationalization/icudt64l/lang/es_AR.res" 1466
"../../../Engine/Content/Internationalization/icudt64l/region/es_AR.res" 1467
"../../../Engine/Content/Internationalization/icudt64l/lang/es_BO.res" 1468
"../../../Engine/Content/Internationalization/icudt64l/region/es_BO.res" 1469
"../../../Engine/Content/Internationalization/icudt64l/lang/es_BR.res" 1470
"../../../Engine/Content/Internationalization/icudt64l/region/es_BR.res" 1471
"../../../Engine/Content/Internationalization/icudt64l/lang/es_BZ.res" 1472
"../../../Engine/Content/Internationalization/icudt64l/region/es_BZ.res" 1473
"../../../Engine/Content/Internationalization/icudt64l/lang/es_CL.res" 1474
"../../../Engine/Content/Internationalization/icudt64l/region/es_CL.res" 1475
"../../../Engine/Content/Internationalization/icudt64l/lang/es_CO.res" 1476
"../../../Engine/Content/Internationalization/icudt64l/region/es_CO.res" 1477
"../../../Engine/Content/Internationalization/icudt64l/lang/es_CR.res" 1478
"../../../Engine/Content/Internationalization/icudt64l/region/es_CR.res" 1479
"../../../Engine/Content/Internationalization/icudt64l/lang/es_CU.res" 1480
"../../../Engine/Content/Internationalization/icudt64l/region/es_CU.res" 1481
"../../../Engine/Content/Internationalization/icudt64l/lang/es_DO.res" 1482
"../../../Engine/Content/Internationalization/icudt64l/region/es_DO.res" 1483
"../../../Engine/Content/Internationalization/icudt64l/lang/es_EC.res" 1484
"../../../Engine/Content/Internationalization/icudt64l/region/es_EC.res" 1485
"../../../Engine/Content/Internationalization/icudt64l/lang/es_GT.res" 1486
"../../../Engine/Content/Internationalization/icudt64l/region/es_GT.res" 1487
"../../../Engine/Content/Internationalization/icudt64l/lang/es_HN.res" 1488
"../../../Engine/Content/Internationalization/icudt64l/region/es_HN.res" 1489
"../../../Engine/Content/Internationalization/icudt64l/lang/es_MX.res" 1490
"../../../Engine/Content/Internationalization/icudt64l/region/es_MX.res" 1491
"../../../Engine/Content/Internationalization/icudt64l/lang/es_NI.res" 1492
"../../../Engine/Content/Internationalization/icudt64l/region/es_NI.res" 1493
"../../../Engine/Content/Internationalization/icudt64l/lang/es_PA.res" 1494
"../../../Engine/Content/Internationalization/icudt64l/region/es_PA.res" 1495
"../../../Engine/Content/Internationalization/icudt64l/lang/es_PE.res" 1496
"../../../Engine/Content/Internationalization/icudt64l/region/es_PE.res" 1497
"../../../Engine/Content/Internationalization/icudt64l/lang/es_PR.res" 1498
"../../../Engine/Content/Internationalization/icudt64l/region/es_PR.res" 1499
"../../../Engine/Content/Internationalization/icudt64l/lang/es_PY.res" 1500
"../../../Engine/Content/Internationalization/icudt64l/region/es_PY.res" 1501
"../../../Engine/Content/Internationalization/icudt64l/lang/es_SV.res" 1502
"../../../Engine/Content/Internationalization/icudt64l/region/es_SV.res" 1503
"../../../Engine/Content/Internationalization/icudt64l/lang/es_US.res" 1504
"../../../Engine/Content/Internationalization/icudt64l/region/es_US.res" 1505
"../../../Engine/Content/Internationalization/icudt64l/lang/es_UY.res" 1506
"../../../Engine/Content/Internationalization/icudt64l/region/es_UY.res" 1507
"../../../Engine/Content/Internationalization/icudt64l/lang/es_VE.res" 1508
"../../../Engine/Content/Internationalization/icudt64l/region/es_VE.res" 1509
"../../../Engine/Content/Internationalization/icudt64l/lang/et.res" 1510
"../../../Engine/Content/Internationalization/icudt64l/region/et.res" 1511
"../../../Engine/Content/Internationalization/icudt64l/lang/eu.res" 1512
"../../../Engine/Content/Internationalization/icudt64l/region/eu.res" 1513
"../../../Engine/Content/Internationalization/icudt64l/lang/ewo.res" 1514
"../../../Engine/Content/Internationalization/icudt64l/region/ewo.res" 1515
"../../../Engine/Content/Internationalization/icudt64l/lang/fa.res" 1516
"../../../Engine/Content/Internationalization/icudt64l/lang/fa_AF.res" 1517
"../../../Engine/Content/Internationalization/icudt64l/region/fa_AF.res" 1518
"../../../Engine/Content/Internationalization/icudt64l/region/fa.res" 1519
"../../../Engine/Content/Internationalization/icudt64l/lang/ff.res" 1520
"../../../Engine/Content/Internationalization/icudt64l/lang/ff_Latn.res" 1521
"../../../Engine/Content/Internationalization/icudt64l/region/ff.res" 1522
"../../../Engine/Content/Internationalization/icudt64l/region/ff_Latn.res" 1523
"../../../Engine/Content/Internationalization/icudt64l/lang/ff_CM.res" 1524
"../../../Engine/Content/Internationalization/icudt64l/lang/ff_Latn_CM.res" 1525
"../../../Engine/Content/Internationalization/icudt64l/region/ff_CM.res" 1526
"../../../Engine/Content/Internationalization/icudt64l/region/ff_Latn_CM.res" 1527
"../../../Engine/Content/Internationalization/icudt64l/lang/ff_GN.res" 1528
"../../../Engine/Content/Internationalization/icudt64l/lang/ff_Latn_GN.res" 1529
"../../../Engine/Content/Internationalization/icudt64l/region/ff_GN.res" 1530
"../../../Engine/Content/Internationalization/icudt64l/region/ff_Latn_GN.res" 1531
"../../../Engine/Content/Internationalization/icudt64l/lang/ff_MR.res" 1532
"../../../Engine/Content/Internationalization/icudt64l/lang/ff_Latn_MR.res" 1533
"../../../Engine/Content/Internationalization/icudt64l/region/ff_MR.res" 1534
"../../../Engine/Content/Internationalization/icudt64l/region/ff_Latn_MR.res" 1535
"../../../Engine/Content/Internationalization/icudt64l/lang/ff_SN.res" 1536
"../../../Engine/Content/Internationalization/icudt64l/lang/ff_Latn_SN.res" 1537
"../../../Engine/Content/Internationalization/icudt64l/region/ff_SN.res" 1538
"../../../Engine/Content/Internationalization/icudt64l/region/ff_Latn_SN.res" 1539
"../../../Engine/Content/Internationalization/icudt64l/lang/fi.res" 1540
"../../../Engine/Content/Internationalization/icudt64l/region/fi.res" 1541
"../../../Engine/Content/Internationalization/icudt64l/lang/fil.res" 1542
"../../../Engine/Content/Internationalization/icudt64l/lang/fil_PH.res" 1543
"../../../Engine/Content/Internationalization/icudt64l/region/fil_PH.res" 1544
"../../../Engine/Content/Internationalization/icudt64l/region/fil.res" 1545
"../../../Engine/Content/Internationalization/icudt64l/lang/fo.res" 1546
"../../../Engine/Content/Internationalization/icudt64l/region/fo.res" 1547
"../../../Engine/Content/Internationalization/icudt64l/lang/fr.res" 1548
"../../../Engine/Content/Internationalization/icudt64l/lang/fr_BE.res" 1549
"../../../Engine/Content/Internationalization/icudt64l/region/fr_BE.res" 1550
"../../../Engine/Content/Internationalization/icudt64l/region/fr.res" 1551
"../../../Engine/Content/Internationalization/icudt64l/lang/fr_CA.res" 1552
"../../../Engine/Content/Internationalization/icudt64l/region/fr_CA.res" 1553
"../../../Engine/Content/Internationalization/icudt64l/lang/fr_CH.res" 1554
"../../../Engine/Content/Internationalization/icudt64l/lang/fur.res" 1555
"../../../Engine/Content/Internationalization/icudt64l/region/fur.res" 1556
"../../../Engine/Content/Internationalization/icudt64l/lang/fy.res" 1557
"../../../Engine/Content/Internationalization/icudt64l/region/fy.res" 1558
"../../../Engine/Content/Internationalization/icudt64l/lang/ga.res" 1559
"../../../Engine/Content/Internationalization/icudt64l/region/ga.res" 1560
"../../../Engine/Content/Internationalization/icudt64l/lang/gd.res" 1561
"../../../Engine/Content/Internationalization/icudt64l/region/gd.res" 1562
"../../../Engine/Content/Internationalization/icudt64l/lang/gl.res" 1563
"../../../Engine/Content/Internationalization/icudt64l/region/gl.res" 1564
"../../../Engine/Content/Internationalization/icudt64l/lang/gsw.res" 1565
"../../../Engine/Content/Internationalization/icudt64l/region/gsw.res" 1566
"../../../Engine/Content/Internationalization/icudt64l/lang/gu.res" 1567
"../../../Engine/Content/Internationalization/icudt64l/region/gu.res" 1568
"../../../Engine/Content/Internationalization/icudt64l/lang/guz.res" 1569
"../../../Engine/Content/Internationalization/icudt64l/region/guz.res" 1570
"../../../Engine/Content/Internationalization/icudt64l/lang/gv.res" 1571
"../../../Engine/Content/Internationalization/icudt64l/region/gv.res" 1572
"../../../Engine/Content/Internationalization/icudt64l/lang/ha.res" 1573
"../../../Engine/Content/Internationalization/icudt64l/region/ha.res" 1574
"../../../Engine/Content/Internationalization/icudt64l/lang/ha_NE.res" 1575
"../../../Engine/Content/Internationalization/icudt64l/region/ha_NE.res" 1576
"../../../Engine/Content/Internationalization/icudt64l/lang/haw.res" 1577
"../../../Engine/Content/Internationalization/icudt64l/region/haw.res" 1578
"../../../Engine/Content/Internationalization/icudt64l/lang/he.res" 1579
"../../../Engine/Content/Internationalization/icudt64l/lang/he_IL.res" 1580
"../../../Engine/Content/Internationalization/icudt64l/region/he_IL.res" 1581
"../../../Engine/Content/Internationalization/icudt64l/region/he.res" 1582
"../../../Engine/Content/Internationalization/icudt64l/lang/hi.res" 1583
"../../../Engine/Content/Internationalization/icudt64l/region/hi.res" 1584
"../../../Engine/Content/Internationalization/icudt64l/lang/hr.res" 1585
"../../../Engine/Content/Internationalization/icudt64l/region/hr.res" 1586
"../../../Engine/Content/Internationalization/icudt64l/lang/hsb.res" 1587
"../../../Engine/Content/Internationalization/icudt64l/region/hsb.res" 1588
"../../../Engine/Content/Internationalization/icudt64l/lang/hu.res" 1589
"../../../Engine/Content/Internationalization/icudt64l/region/hu.res" 1590
"../../../Engine/Content/Internationalization/icudt64l/lang/hy.res" 1591
"../../../Engine/Content/Internationalization/icudt64l/region/hy.res" 1592
"../../../Engine/Content/Internationalization/icudt64l/lang/ia.res" 1593
"../../../Engine/Content/Internationalization/icudt64l/region/ia.res" 1594
"../../../Engine/Content/Internationalization/icudt64l/lang/id.res" 1595
"../../../Engine/Content/Internationalization/icudt64l/lang/id_ID.res" 1596
"../../../Engine/Content/Internationalization/icudt64l/region/id_ID.res" 1597
"../../../Engine/Content/Internationalization/icudt64l/region/id.res" 1598
"../../../Engine/Content/Internationalization/icudt64l/lang/ig.res" 1599
"../../../Engine/Content/Internationalization/icudt64l/region/ig.res" 1600
"../../../Engine/Content/Internationalization/icudt64l/lang/ii.res" 1601
"../../../Engine/Content/Internationalization/icudt64l/region/ii.res" 1602
"../../../Engine/Content/Internationalization/icudt64l/lang/is.res" 1603
"../../../Engine/Content/Internationalization/icudt64l/region/is.res" 1604
"../../../Engine/Content/Internationalization/icudt64l/lang/it.res" 1605
"../../../Engine/Content/Internationalization/icudt64l/region/it.res" 1606
"../../../Engine/Content/Internationalization/icudt64l/lang/ja.res" 1607
"../../../Engine/Content/Internationalization/icudt64l/lang/ja_JP.res" 1608
"../../../Engine/Content/Internationalization/icudt64l/region/ja_JP.res" 1609
"../../../Engine/Content/Internationalization/icudt64l/region/ja.res" 1610
"../../../Engine/Content/Internationalization/icudt64l/lang/jgo.res" 1611
"../../../Engine/Content/Internationalization/icudt64l/region/jgo.res" 1612
"../../../Engine/Content/Internationalization/icudt64l/lang/jmc.res" 1613
"../../../Engine/Content/Internationalization/icudt64l/region/jmc.res" 1614
"../../../Engine/Content/Internationalization/icudt64l/lang/jv.res" 1615
"../../../Engine/Content/Internationalization/icudt64l/region/jv.res" 1616
"../../../Engine/Content/Internationalization/icudt64l/lang/ka.res" 1617
"../../../Engine/Content/Internationalization/icudt64l/region/ka.res" 1618
"../../../Engine/Content/Internationalization/icudt64l/lang/kab.res" 1619
"../../../Engine/Content/Internationalization/icudt64l/region/kab.res" 1620
"../../../Engine/Content/Internationalization/icudt64l/lang/kam.res" 1621
"../../../Engine/Content/Internationalization/icudt64l/region/kam.res" 1622
"../../../Engine/Content/Internationalization/icudt64l/lang/kde.res" 1623
"../../../Engine/Content/Internationalization/icudt64l/region/kde.res" 1624
"../../../Engine/Content/Internationalization/icudt64l/lang/kea.res" 1625
"../../../Engine/Content/Internationalization/icudt64l/region/kea.res" 1626
"../../../Engine/Content/Internationalization/icudt64l/lang/khq.res" 1627
"../../../Engine/Content/Internationalization/icudt64l/region/khq.res" 1628
"../../../Engine/Content/Internationalization/icudt64l/lang/ki.res" 1629
"../../../Engine/Content/Internationalization/icudt64l/region/ki.res" 1630
"../../../Engine/Content/Internationalization/icudt64l/lang/kk.res" 1631
"../../../Engine/Content/Internationalization/icudt64l/region/kk.res" 1632
"../../../Engine/Content/Internationalization/icudt64l/lang/kkj.res" 1633
"../../../Engine/Content/Internationalization/icudt64l/region/kkj.res" 1634
"../../../Engine/Content/Internationalization/icudt64l/lang/kl.res" 1635
"../../../Engine/Content/Internationalization/icudt64l/region/kl.res" 1636
"../../../Engine/Content/Internationalization/icudt64l/lang/kln.res" 1637
"../../../Engine/Content/Internationalization/icudt64l/region/kln.res" 1638
"../../../Engine/Content/Internationalization/icudt64l/lang/km.res" 1639
"../../../Engine/Content/Internationalization/icudt64l/region/km.res" 1640
"../../../Engine/Content/Internationalization/icudt64l/lang/kn.res" 1641
"../../../Engine/Content/Internationalization/icudt64l/region/kn.res" 1642
"../../../Engine/Content/Internationalization/icudt64l/region/ko_KP.res" 1643
"../../../Engine/Content/Internationalization/icudt64l/lang/kok.res" 1644
"../../../Engine/Content/Internationalization/icudt64l/region/kok.res" 1645
"../../../Engine/Content/Internationalization/icudt64l/lang/ks.res" 1646
"../../../Engine/Content/Internationalization/icudt64l/region/ks.res" 1647
"../../../Engine/Content/Internationalization/icudt64l/lang/ksb.res" 1648
"../../../Engine/Content/Internationalization/icudt64l/region/ksb.res" 1649
"../../../Engine/Content/Internationalization/icudt64l/lang/ksf.res" 1650
"../../../Engine/Content/Internationalization/icudt64l/region/ksf.res" 1651
"../../../Engine/Content/Internationalization/icudt64l/lang/ksh.res" 1652
"../../../Engine/Content/Internationalization/icudt64l/region/ksh.res" 1653
"../../../Engine/Content/Internationalization/icudt64l/lang/ku.res" 1654
"../../../Engine/Content/Internationalization/icudt64l/region/ku.res" 1655
"../../../Engine/Content/Internationalization/icudt64l/lang/kw.res" 1656
"../../../Engine/Content/Internationalization/icudt64l/region/kw.res" 1657
"../../../Engine/Content/Internationalization/icudt64l/lang/ky.res" 1658
"../../../Engine/Content/Internationalization/icudt64l/region/ky.res" 1659
"../../../Engine/Content/Internationalization/icudt64l/lang/lag.res" 1660
"../../../Engine/Content/Internationalization/icudt64l/region/lag.res" 1661
"../../../Engine/Content/Internationalization/icudt64l/lang/lb.res" 1662
"../../../Engine/Content/Internationalization/icudt64l/region/lb.res" 1663
"../../../Engine/Content/Internationalization/icudt64l/lang/lg.res" 1664
"../../../Engine/Content/Internationalization/icudt64l/region/lg.res" 1665
"../../../Engine/Content/Internationalization/icudt64l/lang/lkt.res" 1666
"../../../Engine/Content/Internationalization/icudt64l/region/lkt.res" 1667
"../../../Engine/Content/Internationalization/icudt64l/lang/ln.res" 1668
"../../../Engine/Content/Internationalization/icudt64l/region/ln.res" 1669
"../../../Engine/Content/Internationalization/icudt64l/lang/lo.res" 1670
"../../../Engine/Content/Internationalization/icudt64l/region/lo.res" 1671
"../../../Engine/Content/Internationalization/icudt64l/lang/lrc.res" 1672
"../../../Engine/Content/Internationalization/icudt64l/region/lrc.res" 1673
"../../../Engine/Content/Internationalization/icudt64l/lang/lt.res" 1674
"../../../Engine/Content/Internationalization/icudt64l/region/lt.res" 1675
"../../../Engine/Content/Internationalization/icudt64l/lang/lu.res" 1676
"../../../Engine/Content/Internationalization/icudt64l/region/lu.res" 1677
"../../../Engine/Content/Internationalization/icudt64l/lang/luo.res" 1678
"../../../Engine/Content/Internationalization/icudt64l/region/luo.res" 1679
"../../../Engine/Content/Internationalization/icudt64l/lang/luy.res" 1680
"../../../Engine/Content/Internationalization/icudt64l/region/luy.res" 1681
"../../../Engine/Content/Internationalization/icudt64l/lang/lv.res" 1682
"../../../Engine/Content/Internationalization/icudt64l/region/lv.res" 1683
"../../../Engine/Content/Internationalization/icudt64l/lang/mas.res" 1684
"../../../Engine/Content/Internationalization/icudt64l/region/mas.res" 1685
"../../../Engine/Content/Internationalization/icudt64l/lang/mer.res" 1686
"../../../Engine/Content/Internationalization/icudt64l/region/mer.res" 1687
"../../../Engine/Content/Internationalization/icudt64l/lang/mfe.res" 1688
"../../../Engine/Content/Internationalization/icudt64l/region/mfe.res" 1689
"../../../Engine/Content/Internationalization/icudt64l/lang/mg.res" 1690
"../../../Engine/Content/Internationalization/icudt64l/region/mg.res" 1691
"../../../Engine/Content/Internationalization/icudt64l/lang/mgh.res" 1692
"../../../Engine/Content/Internationalization/icudt64l/region/mgh.res" 1693
"../../../Engine/Content/Internationalization/icudt64l/lang/mgo.res" 1694
"../../../Engine/Content/Internationalization/icudt64l/region/mgo.res" 1695
"../../../Engine/Content/Internationalization/icudt64l/lang/mi.res" 1696
"../../../Engine/Content/Internationalization/icudt64l/region/mi.res" 1697
"../../../Engine/Content/Internationalization/icudt64l/lang/mk.res" 1698
"../../../Engine/Content/Internationalization/icudt64l/region/mk.res" 1699
"../../../Engine/Content/Internationalization/icudt64l/lang/ml.res" 1700
"../../../Engine/Content/Internationalization/icudt64l/region/ml.res" 1701
"../../../Engine/Content/Internationalization/icudt64l/lang/mn.res" 1702
"../../../Engine/Content/Internationalization/icudt64l/region/mn.res" 1703
"../../../Engine/Content/Internationalization/icudt64l/lang/mr.res" 1704
"../../../Engine/Content/Internationalization/icudt64l/region/mr.res" 1705
"../../../Engine/Content/Internationalization/icudt64l/lang/ms.res" 1706
"../../../Engine/Content/Internationalization/icudt64l/region/ms.res" 1707
"../../../Engine/Content/Internationalization/icudt64l/lang/mt.res" 1708
"../../../Engine/Content/Internationalization/icudt64l/region/mt.res" 1709
"../../../Engine/Content/Internationalization/icudt64l/lang/mua.res" 1710
"../../../Engine/Content/Internationalization/icudt64l/region/mua.res" 1711
"../../../Engine/Content/Internationalization/icudt64l/lang/my.res" 1712
"../../../Engine/Content/Internationalization/icudt64l/region/my.res" 1713
"../../../Engine/Content/Internationalization/icudt64l/lang/mzn.res" 1714
"../../../Engine/Content/Internationalization/icudt64l/region/mzn.res" 1715
"../../../Engine/Content/Internationalization/icudt64l/lang/naq.res" 1716
"../../../Engine/Content/Internationalization/icudt64l/region/naq.res" 1717
"../../../Engine/Content/Internationalization/icudt64l/lang/nb.res" 1718
"../../../Engine/Content/Internationalization/icudt64l/lang/nb_NO.res" 1719
"../../../Engine/Content/Internationalization/icudt64l/region/nb_NO.res" 1720
"../../../Engine/Content/Internationalization/icudt64l/region/nb.res" 1721
"../../../Engine/Content/Internationalization/icudt64l/lang/nd.res" 1722
"../../../Engine/Content/Internationalization/icudt64l/region/nd.res" 1723
"../../../Engine/Content/Internationalization/icudt64l/lang/nds.res" 1724
"../../../Engine/Content/Internationalization/icudt64l/region/nds.res" 1725
"../../../Engine/Content/Internationalization/icudt64l/lang/ne.res" 1726
"../../../Engine/Content/Internationalization/icudt64l/region/ne.res" 1727
"../../../Engine/Content/Internationalization/icudt64l/lang/nl.res" 1728
"../../../Engine/Content/Internationalization/icudt64l/region/nl.res" 1729
"../../../Engine/Content/Internationalization/icudt64l/lang/nmg.res" 1730
"../../../Engine/Content/Internationalization/icudt64l/region/nmg.res" 1731
"../../../Engine/Content/Internationalization/icudt64l/lang/nn.res" 1732
"../../../Engine/Content/Internationalization/icudt64l/lang/nn_NO.res" 1733
"../../../Engine/Content/Internationalization/icudt64l/region/nn_NO.res" 1734
"../../../Engine/Content/Internationalization/icudt64l/region/nn.res" 1735
"../../../Engine/Content/Internationalization/icudt64l/lang/nnh.res" 1736
"../../../Engine/Content/Internationalization/icudt64l/region/nnh.res" 1737
"../../../Engine/Content/Internationalization/icudt64l/lang/nus.res" 1738
"../../../Engine/Content/Internationalization/icudt64l/region/nus.res" 1739
"../../../Engine/Content/Internationalization/icudt64l/lang/nyn.res" 1740
"../../../Engine/Content/Internationalization/icudt64l/region/nyn.res" 1741
"../../../Engine/Content/Internationalization/icudt64l/lang/om.res" 1742
"../../../Engine/Content/Internationalization/icudt64l/region/om.res" 1743
"../../../Engine/Content/Internationalization/icudt64l/lang/or.res" 1744
"../../../Engine/Content/Internationalization/icudt64l/region/or.res" 1745
"../../../Engine/Content/Internationalization/icudt64l/lang/os.res" 1746
"../../../Engine/Content/Internationalization/icudt64l/region/os.res" 1747
"../../../Engine/Content/Internationalization/icudt64l/lang/pa.res" 1748
"../../../Engine/Content/Internationalization/icudt64l/lang/pa_Arab.res" 1749
"../../../Engine/Content/Internationalization/icudt64l/lang/pa_PK.res" 1750
"../../../Engine/Content/Internationalization/icudt64l/lang/pa_Arab_PK.res" 1751
"../../../Engine/Content/Internationalization/icudt64l/region/pa_PK.res" 1752
"../../../Engine/Content/Internationalization/icudt64l/region/pa_Arab_PK.res" 1753
"../../../Engine/Content/Internationalization/icudt64l/region/pa_Arab.res" 1754
"../../../Engine/Content/Internationalization/icudt64l/lang/pa_Guru.res" 1755
"../../../Engine/Content/Internationalization/icudt64l/lang/pa_IN.res" 1756
"../../../Engine/Content/Internationalization/icudt64l/lang/pa_Guru_IN.res" 1757
"../../../Engine/Content/Internationalization/icudt64l/region/pa_IN.res" 1758
"../../../Engine/Content/Internationalization/icudt64l/region/pa_Guru_IN.res" 1759
"../../../Engine/Content/Internationalization/icudt64l/region/pa_Guru.res" 1760
"../../../Engine/Content/Internationalization/icudt64l/region/pa.res" 1761
"../../../Engine/Content/Internationalization/icudt64l/lang/pl.res" 1762
"../../../Engine/Content/Internationalization/icudt64l/region/pl.res" 1763
"../../../Engine/Content/Internationalization/icudt64l/lang/ps.res" 1764
"../../../Engine/Content/Internationalization/icudt64l/region/ps.res" 1765
"../../../Engine/Content/Internationalization/icudt64l/lang/ps_PK.res" 1766
"../../../Engine/Content/Internationalization/icudt64l/region/ps_PK.res" 1767
"../../../Engine/Content/Internationalization/icudt64l/lang/pt.res" 1768
"../../../Engine/Content/Internationalization/icudt64l/lang/pt_AO.res" 1769
"../../../Engine/Content/Internationalization/icudt64l/lang/pt_PT.res" 1770
"../../../Engine/Content/Internationalization/icudt64l/region/pt_AO.res" 1771
"../../../Engine/Content/Internationalization/icudt64l/region/pt_PT.res" 1772
"../../../Engine/Content/Internationalization/icudt64l/region/pt.res" 1773
"../../../Engine/Content/Internationalization/icudt64l/lang/pt_CH.res" 1774
"../../../Engine/Content/Internationalization/icudt64l/region/pt_CH.res" 1775
"../../../Engine/Content/Internationalization/icudt64l/lang/pt_CV.res" 1776
"../../../Engine/Content/Internationalization/icudt64l/region/pt_CV.res" 1777
"../../../Engine/Content/Internationalization/icudt64l/lang/pt_GQ.res" 1778
"../../../Engine/Content/Internationalization/icudt64l/region/pt_GQ.res" 1779
"../../../Engine/Content/Internationalization/icudt64l/lang/pt_GW.res" 1780
"../../../Engine/Content/Internationalization/icudt64l/region/pt_GW.res" 1781
"../../../Engine/Content/Internationalization/icudt64l/lang/pt_LU.res" 1782
"../../../Engine/Content/Internationalization/icudt64l/region/pt_LU.res" 1783
"../../../Engine/Content/Internationalization/icudt64l/lang/pt_MO.res" 1784
"../../../Engine/Content/Internationalization/icudt64l/region/pt_MO.res" 1785
"../../../Engine/Content/Internationalization/icudt64l/lang/pt_MZ.res" 1786
"../../../Engine/Content/Internationalization/icudt64l/region/pt_MZ.res" 1787
"../../../Engine/Content/Internationalization/icudt64l/lang/pt_ST.res" 1788
"../../../Engine/Content/Internationalization/icudt64l/region/pt_ST.res" 1789
"../../../Engine/Content/Internationalization/icudt64l/lang/pt_TL.res" 1790
"../../../Engine/Content/Internationalization/icudt64l/region/pt_TL.res" 1791
"../../../Engine/Content/Internationalization/icudt64l/lang/qu.res" 1792
"../../../Engine/Content/Internationalization/icudt64l/region/qu.res" 1793
"../../../Engine/Content/Internationalization/icudt64l/lang/rm.res" 1794
"../../../Engine/Content/Internationalization/icudt64l/region/rm.res" 1795
"../../../Engine/Content/Internationalization/icudt64l/lang/rn.res" 1796
"../../../Engine/Content/Internationalization/icudt64l/region/rn.res" 1797
"../../../Engine/Content/Internationalization/icudt64l/lang/ro.res" 1798
"../../../Engine/Content/Internationalization/icudt64l/lang/ro_MD.res" 1799
"../../../Engine/Content/Internationalization/icudt64l/region/ro_MD.res" 1800
"../../../Engine/Content/Internationalization/icudt64l/region/ro.res" 1801
"../../../Engine/Content/Internationalization/icudt64l/lang/rof.res" 1802
"../../../Engine/Content/Internationalization/icudt64l/region/rof.res" 1803
"../../../Engine/Content/Internationalization/icudt64l/lang/ru.res" 1804
"../../../Engine/Content/Internationalization/icudt64l/region/ru.res" 1805
"../../../Engine/Content/Internationalization/icudt64l/region/ru_UA.res" 1806
"../../../Engine/Content/Internationalization/icudt64l/lang/rw.res" 1807
"../../../Engine/Content/Internationalization/icudt64l/region/rw.res" 1808
"../../../Engine/Content/Internationalization/icudt64l/lang/rwk.res" 1809
"../../../Engine/Content/Internationalization/icudt64l/region/rwk.res" 1810
"../../../Engine/Content/Internationalization/icudt64l/lang/sah.res" 1811
"../../../Engine/Content/Internationalization/icudt64l/region/sah.res" 1812
"../../../Engine/Content/Internationalization/icudt64l/lang/saq.res" 1813
"../../../Engine/Content/Internationalization/icudt64l/region/saq.res" 1814
"../../../Engine/Content/Internationalization/icudt64l/lang/sbp.res" 1815
"../../../Engine/Content/Internationalization/icudt64l/region/sbp.res" 1816
"../../../Engine/Content/Internationalization/icudt64l/lang/sd.res" 1817
"../../../Engine/Content/Internationalization/icudt64l/region/sd.res" 1818
"../../../Engine/Content/Internationalization/icudt64l/lang/se.res" 1819
"../../../Engine/Content/Internationalization/icudt64l/lang/se_FI.res" 1820
"../../../Engine/Content/Internationalization/icudt64l/region/se_FI.res" 1821
"../../../Engine/Content/Internationalization/icudt64l/region/se.res" 1822
"../../../Engine/Content/Internationalization/icudt64l/lang/seh.res" 1823
"../../../Engine/Content/Internationalization/icudt64l/region/seh.res" 1824
"../../../Engine/Content/Internationalization/icudt64l/lang/ses.res" 1825
"../../../Engine/Content/Internationalization/icudt64l/region/ses.res" 1826
"../../../Engine/Content/Internationalization/icudt64l/lang/sg.res" 1827
"../../../Engine/Content/Internationalization/icudt64l/region/sg.res" 1828
"../../../Engine/Content/Internationalization/icudt64l/lang/shi.res" 1829
"../../../Engine/Content/Internationalization/icudt64l/lang/shi_Latn.res" 1830
"../../../Engine/Content/Internationalization/icudt64l/lang/shi_MA.res" 1831
"../../../Engine/Content/Internationalization/icudt64l/lang/shi_Tfng_MA.res" 1832
"../../../Engine/Content/Internationalization/icudt64l/lang/shi_Tfng.res" 1833
"../../../Engine/Content/Internationalization/icudt64l/region/shi_MA.res" 1834
"../../../Engine/Content/Internationalization/icudt64l/region/shi_Tfng_MA.res" 1835
"../../../Engine/Content/Internationalization/icudt64l/region/shi_Tfng.res" 1836
"../../../Engine/Content/Internationalization/icudt64l/region/shi.res" 1837
"../../../Engine/Content/Internationalization/icudt64l/region/shi_Latn.res" 1838
"../../../Engine/Content/Internationalization/icudt64l/lang/si.res" 1839
"../../../Engine/Content/Internationalization/icudt64l/region/si.res" 1840
"../../../Engine/Content/Internationalization/icudt64l/lang/sk.res" 1841
"../../../Engine/Content/Internationalization/icudt64l/region/sk.res" 1842
"../../../Engine/Content/Internationalization/icudt64l/lang/sl.res" 1843
"../../../Engine/Content/Internationalization/icudt64l/region/sl.res" 1844
"../../../Engine/Content/Internationalization/icudt64l/lang/smn.res" 1845
"../../../Engine/Content/Internationalization/icudt64l/region/smn.res" 1846
"../../../Engine/Content/Internationalization/icudt64l/lang/sn.res" 1847
"../../../Engine/Content/Internationalization/icudt64l/region/sn.res" 1848
"../../../Engine/Content/Internationalization/icudt64l/lang/so.res" 1849
"../../../Engine/Content/Internationalization/icudt64l/region/so.res" 1850
"../../../Engine/Content/Internationalization/icudt64l/lang/sq.res" 1851
"../../../Engine/Content/Internationalization/icudt64l/region/sq.res" 1852
"../../../Engine/Content/Internationalization/icudt64l/lang/sr.res" 1853
"../../../Engine/Content/Internationalization/icudt64l/lang/sr_Cyrl.res" 1854
"../../../Engine/Content/Internationalization/icudt64l/lang/sr_BA.res" 1855
"../../../Engine/Content/Internationalization/icudt64l/lang/sr_Cyrl_BA.res" 1856
"../../../Engine/Content/Internationalization/icudt64l/region/sr_BA.res" 1857
"../../../Engine/Content/Internationalization/icudt64l/region/sr_Cyrl_BA.res" 1858
"../../../Engine/Content/Internationalization/icudt64l/region/sr_Cyrl.res" 1859
"../../../Engine/Content/Internationalization/icudt64l/region/sr.res" 1860
"../../../Engine/Content/Internationalization/icudt64l/lang/sr_ME.res" 1861
"../../../Engine/Content/Internationalization/icudt64l/lang/sr_Latn_ME.res" 1862
"../../../Engine/Content/Internationalization/icudt64l/lang/sr_Latn.res" 1863
"../../../Engine/Content/Internationalization/icudt64l/region/sr_ME.res" 1864
"../../../Engine/Content/Internationalization/icudt64l/region/sr_Latn_ME.res" 1865
"../../../Engine/Content/Internationalization/icudt64l/region/sr_Latn.res" 1866
"../../../Engine/Content/Internationalization/icudt64l/lang/sr_Cyrl_ME.res" 1867
"../../../Engine/Content/Internationalization/icudt64l/region/sr_Cyrl_ME.res" 1868
"../../../Engine/Content/Internationalization/icudt64l/lang/sr_RS.res" 1869
"../../../Engine/Content/Internationalization/icudt64l/lang/sr_Cyrl_RS.res" 1870
"../../../Engine/Content/Internationalization/icudt64l/region/sr_RS.res" 1871
"../../../Engine/Content/Internationalization/icudt64l/region/sr_Cyrl_RS.res" 1872
"../../../Engine/Content/Internationalization/icudt64l/lang/sr_XK.res" 1873
"../../../Engine/Content/Internationalization/icudt64l/lang/sr_Cyrl_XK.res" 1874
"../../../Engine/Content/Internationalization/icudt64l/region/sr_XK.res" 1875
"../../../Engine/Content/Internationalization/icudt64l/region/sr_Cyrl_XK.res" 1876
"../../../Engine/Content/Internationalization/icudt64l/lang/sr_Latn_BA.res" 1877
"../../../Engine/Content/Internationalization/icudt64l/region/sr_Latn_BA.res" 1878
"../../../Engine/Content/Internationalization/icudt64l/lang/sr_Latn_RS.res" 1879
"../../../Engine/Content/Internationalization/icudt64l/region/sr_Latn_RS.res" 1880
"../../../Engine/Content/Internationalization/icudt64l/lang/sr_Latn_XK.res" 1881
"../../../Engine/Content/Internationalization/icudt64l/region/sr_Latn_XK.res" 1882
"../../../Engine/Content/Internationalization/icudt64l/lang/sv.res" 1883
"../../../Engine/Content/Internationalization/icudt64l/region/sv.res" 1884
"../../../Engine/Content/Internationalization/icudt64l/lang/sv_FI.res" 1885
"../../../Engine/Content/Internationalization/icudt64l/lang/sw.res" 1886
"../../../Engine/Content/Internationalization/icudt64l/lang/sw_CD.res" 1887
"../../../Engine/Content/Internationalization/icudt64l/region/sw_CD.res" 1888
"../../../Engine/Content/Internationalization/icudt64l/region/sw.res" 1889
"../../../Engine/Content/Internationalization/icudt64l/lang/sw_KE.res" 1890
"../../../Engine/Content/Internationalization/icudt64l/region/sw_KE.res" 1891
"../../../Engine/Content/Internationalization/icudt64l/lang/ta.res" 1892
"../../../Engine/Content/Internationalization/icudt64l/region/ta.res" 1893
"../../../Engine/Content/Internationalization/icudt64l/lang/te.res" 1894
"../../../Engine/Content/Internationalization/icudt64l/region/te.res" 1895
"../../../Engine/Content/Internationalization/icudt64l/lang/teo.res" 1896
"../../../Engine/Content/Internationalization/icudt64l/region/teo.res" 1897
"../../../Engine/Content/Internationalization/icudt64l/lang/tg.res" 1898
"../../../Engine/Content/Internationalization/icudt64l/region/tg.res" 1899
"../../../Engine/Content/Internationalization/icudt64l/lang/th.res" 1900
"../../../Engine/Content/Internationalization/icudt64l/lang/th_TH.res" 1901
"../../../Engine/Content/Internationalization/icudt64l/region/th_TH.res" 1902
"../../../Engine/Content/Internationalization/icudt64l/region/th.res" 1903
"../../../Engine/Content/Internationalization/icudt64l/lang/ti.res" 1904
"../../../Engine/Content/Internationalization/icudt64l/region/ti.res" 1905
"../../../Engine/Content/Internationalization/icudt64l/lang/tk.res" 1906
"../../../Engine/Content/Internationalization/icudt64l/region/tk.res" 1907
"../../../Engine/Content/Internationalization/icudt64l/lang/to.res" 1908
"../../../Engine/Content/Internationalization/icudt64l/region/to.res" 1909
"../../../Engine/Content/Internationalization/icudt64l/lang/tr.res" 1910
"../../../Engine/Content/Internationalization/icudt64l/region/tr.res" 1911
"../../../Engine/Content/Internationalization/icudt64l/lang/tt.res" 1912
"../../../Engine/Content/Internationalization/icudt64l/region/tt.res" 1913
"../../../Engine/Content/Internationalization/icudt64l/lang/twq.res" 1914
"../../../Engine/Content/Internationalization/icudt64l/region/twq.res" 1915
"../../../Engine/Content/Internationalization/icudt64l/lang/tzm.res" 1916
"../../../Engine/Content/Internationalization/icudt64l/region/tzm.res" 1917
"../../../Engine/Content/Internationalization/icudt64l/lang/ug.res" 1918
"../../../Engine/Content/Internationalization/icudt64l/region/ug.res" 1919
"../../../Engine/Content/Internationalization/icudt64l/lang/uk.res" 1920
"../../../Engine/Content/Internationalization/icudt64l/region/uk.res" 1921
"../../../Engine/Content/Internationalization/icudt64l/lang/ur.res" 1922
"../../../Engine/Content/Internationalization/icudt64l/lang/ur_IN.res" 1923
"../../../Engine/Content/Internationalization/icudt64l/region/ur_IN.res" 1924
"../../../Engine/Content/Internationalization/icudt64l/region/ur.res" 1925
"../../../Engine/Content/Internationalization/icudt64l/lang/uz.res" 1926
"../../../Engine/Content/Internationalization/icudt64l/lang/uz_Arab.res" 1927
"../../../Engine/Content/Internationalization/icudt64l/lang/uz_AF.res" 1928
"../../../Engine/Content/Internationalization/icudt64l/lang/uz_Arab_AF.res" 1929
"../../../Engine/Content/Internationalization/icudt64l/region/uz_AF.res" 1930
"../../../Engine/Content/Internationalization/icudt64l/region/uz_Arab_AF.res" 1931
"../../../Engine/Content/Internationalization/icudt64l/region/uz_Arab.res" 1932
"../../../Engine/Content/Internationalization/icudt64l/lang/uz_Cyrl.res" 1933
"../../../Engine/Content/Internationalization/icudt64l/lang/uz_UZ.res" 1934
"../../../Engine/Content/Internationalization/icudt64l/lang/uz_Latn_UZ.res" 1935
"../../../Engine/Content/Internationalization/icudt64l/lang/uz_Latn.res" 1936
"../../../Engine/Content/Internationalization/icudt64l/region/uz_UZ.res" 1937
"../../../Engine/Content/Internationalization/icudt64l/region/uz_Latn_UZ.res" 1938
"../../../Engine/Content/Internationalization/icudt64l/region/uz_Latn.res" 1939
"../../../Engine/Content/Internationalization/icudt64l/region/uz.res" 1940
"../../../Engine/Content/Internationalization/icudt64l/region/uz_Cyrl.res" 1941
"../../../Engine/Content/Internationalization/icudt64l/lang/vai.res" 1942
"../../../Engine/Content/Internationalization/icudt64l/lang/vai_Latn.res" 1943
"../../../Engine/Content/Internationalization/icudt64l/lang/vai_LR.res" 1944
"../../../Engine/Content/Internationalization/icudt64l/lang/vai_Vaii_LR.res" 1945
"../../../Engine/Content/Internationalization/icudt64l/lang/vai_Vaii.res" 1946
"../../../Engine/Content/Internationalization/icudt64l/region/vai_LR.res" 1947
"../../../Engine/Content/Internationalization/icudt64l/region/vai_Vaii_LR.res" 1948
"../../../Engine/Content/Internationalization/icudt64l/region/vai_Vaii.res" 1949
"../../../Engine/Content/Internationalization/icudt64l/region/vai.res" 1950
"../../../Engine/Content/Internationalization/icudt64l/region/vai_Latn.res" 1951
"../../../Engine/Content/Internationalization/icudt64l/lang/vi.res" 1952
"../../../Engine/Content/Internationalization/icudt64l/region/vi.res" 1953
"../../../Engine/Content/Internationalization/icudt64l/lang/vun.res" 1954
"../../../Engine/Content/Internationalization/icudt64l/region/vun.res" 1955
"../../../Engine/Content/Internationalization/icudt64l/lang/wae.res" 1956
"../../../Engine/Content/Internationalization/icudt64l/region/wae.res" 1957
"../../../Engine/Content/Internationalization/icudt64l/lang/wo.res" 1958
"../../../Engine/Content/Internationalization/icudt64l/region/wo.res" 1959
"../../../Engine/Content/Internationalization/icudt64l/lang/xh.res" 1960
"../../../Engine/Content/Internationalization/icudt64l/region/xh.res" 1961
"../../../Engine/Content/Internationalization/icudt64l/lang/xog.res" 1962
"../../../Engine/Content/Internationalization/icudt64l/region/xog.res" 1963
"../../../Engine/Content/Internationalization/icudt64l/lang/yav.res" 1964
"../../../Engine/Content/Internationalization/icudt64l/region/yav.res" 1965
"../../../Engine/Content/Internationalization/icudt64l/lang/yi.res" 1966
"../../../Engine/Content/Internationalization/icudt64l/region/yi.res" 1967
"../../../Engine/Content/Internationalization/icudt64l/lang/yo.res" 1968
"../../../Engine/Content/Internationalization/icudt64l/lang/yo_BJ.res" 1969
"../../../Engine/Content/Internationalization/icudt64l/region/yo_BJ.res" 1970
"../../../Engine/Content/Internationalization/icudt64l/region/yo.res" 1971
"../../../Engine/Content/Internationalization/icudt64l/lang/yue.res" 1972
"../../../Engine/Content/Internationalization/icudt64l/lang/yue_Hans.res" 1973
"../../../Engine/Content/Internationalization/icudt64l/lang/yue_CN.res" 1974
"../../../Engine/Content/Internationalization/icudt64l/lang/yue_Hans_CN.res" 1975
"../../../Engine/Content/Internationalization/icudt64l/region/yue_CN.res" 1976
"../../../Engine/Content/Internationalization/icudt64l/region/yue_Hans_CN.res" 1977
"../../../Engine/Content/Internationalization/icudt64l/region/yue_Hans.res" 1978
"../../../Engine/Content/Internationalization/icudt64l/lang/yue_Hant.res" 1979
"../../../Engine/Content/Internationalization/icudt64l/lang/yue_HK.res" 1980
"../../../Engine/Content/Internationalization/icudt64l/lang/yue_Hant_HK.res" 1981
"../../../Engine/Content/Internationalization/icudt64l/region/yue_HK.res" 1982
"../../../Engine/Content/Internationalization/icudt64l/region/yue_Hant_HK.res" 1983
"../../../Engine/Content/Internationalization/icudt64l/region/yue_Hant.res" 1984
"../../../Engine/Content/Internationalization/icudt64l/region/yue.res" 1985
"../../../Engine/Content/Internationalization/icudt64l/lang/zgh.res" 1986
"../../../Engine/Content/Internationalization/icudt64l/region/zgh.res" 1987
"../../../Engine/Content/Internationalization/icudt64l/lang/zh.res" 1988
"../../../Engine/Content/Internationalization/icudt64l/lang/zh_Hans.res" 1989
"../../../Engine/Content/Internationalization/icudt64l/lang/zh_CN.res" 1990
"../../../Engine/Content/Internationalization/icudt64l/lang/zh_Hans_CN.res" 1991
"../../../Engine/Content/Internationalization/icudt64l/region/zh_CN.res" 1992
"../../../Engine/Content/Internationalization/icudt64l/region/zh_Hans_CN.res" 1993
"../../../Engine/Content/Internationalization/icudt64l/region/zh_Hans.res" 1994
"../../../Engine/Content/Internationalization/icudt64l/region/zh.res" 1995
"../../../Engine/Content/Internationalization/icudt64l/lang/zh_HK.res" 1996
"../../../Engine/Content/Internationalization/icudt64l/lang/zh_Hant_HK.res" 1997
"../../../Engine/Content/Internationalization/icudt64l/lang/zh_Hant.res" 1998
"../../../Engine/Content/Internationalization/icudt64l/region/zh_HK.res" 1999
"../../../Engine/Content/Internationalization/icudt64l/region/zh_Hant_HK.res" 2000
"../../../Engine/Content/Internationalization/icudt64l/region/zh_Hant.res" 2001
"../../../Engine/Content/Internationalization/icudt64l/lang/zh_MO.res" 2002
"../../../Engine/Content/Internationalization/icudt64l/lang/zh_Hant_MO.res" 2003
"../../../Engine/Content/Internationalization/icudt64l/region/zh_MO.res" 2004
"../../../Engine/Content/Internationalization/icudt64l/region/zh_Hant_MO.res" 2005
"../../../Engine/Content/Internationalization/icudt64l/lang/zh_SG.res" 2006
"../../../Engine/Content/Internationalization/icudt64l/lang/zh_Hans_SG.res" 2007
"../../../Engine/Content/Internationalization/icudt64l/region/zh_SG.res" 2008
"../../../Engine/Content/Internationalization/icudt64l/region/zh_Hans_SG.res" 2009
"../../../Engine/Content/Internationalization/icudt64l/lang/zh_TW.res" 2010
"../../../Engine/Content/Internationalization/icudt64l/lang/zh_Hant_TW.res" 2011
"../../../Engine/Content/Internationalization/icudt64l/region/zh_TW.res" 2012
"../../../Engine/Content/Internationalization/icudt64l/region/zh_Hant_TW.res" 2013
"../../../Engine/Content/Internationalization/icudt64l/lang/zu.res" 2014
"../../../Engine/Content/Internationalization/icudt64l/region/zu.res" 2015
"../../../Engine/Content/Internationalization/icudt64l/lang/no.res" 2016
"../../../Engine/Content/Internationalization/icudt64l/lang/tl.res" 2017
"../../../Engine/Config/Android/DataDrivenPlatformInfo.ini" 2018
"../../../Engine/Config/IOS/DataDrivenPlatformInfo.ini" 2019
"../../../Engine/Config/Linux/DataDrivenPlatformInfo.ini" 2020
"../../../Engine/Config/Mac/DataDrivenPlatformInfo.ini" 2021
"../../../Engine/Config/TVOS/DataDrivenPlatformInfo.ini" 2022
"../../../Engine/Config/Unix/DataDrivenPlatformInfo.ini" 2023
"../../../Engine/Config/VulkanPC/DataDrivenPlatformInfo.ini" 2024
"../../../Engine/Config/Windows/DataDrivenPlatformInfo.ini" 2025
"../../../Engine/Platforms/VisionOS/Config/DataDrivenPlatformInfo.ini" 2026
"../../../Engine/Content/Renderer/TessellationTable.bin" 2027
"../../../Engine/DerivedDataCache/Compressed.ddp" 2028
"C:/Users/waita/AppData/Local/UnrealEngine/5.7/Saved/Zen/zen.version" 2029
"C:/Users/waita/AppData/Local/UnrealEngine/Common/Zen/Install/zen.version" 2030
"C:/Users/waita/AppData/Local/UnrealEngine/Common/Zen/Install/zenserver.runcontext" 2031
"C:/Users/waita/AppData/Local/UnrealEngine/Common/DerivedDataCache/TestData/0/TestData_4kb.dat" 2032
"C:/Users/waita/AppData/Local/UnrealEngine/Common/DerivedDataCache/TestData/1/TestData_4kb.dat" 2033
"C:/Users/waita/AppData/Local/UnrealEngine/Common/DerivedDataCache/TestData/0/TestData_8kb.dat" 2034
"C:/Users/waita/AppData/Local/UnrealEngine/Common/DerivedDataCache/TestData/1/TestData_8kb.dat" 2035
"C:/Users/waita/AppData/Local/UnrealEngine/Common/DerivedDataCache/TestData/0/TestData_16kb.dat" 2036
"C:/Users/waita/AppData/Local/UnrealEngine/Common/DerivedDataCache/TestData/1/TestData_16kb.dat" 2037
"C:/Users/waita/AppData/Local/UnrealEngine/Common/DerivedDataCache/TestData/0/TestData_64kb.dat" 2038
"C:/Users/waita/AppData/Local/UnrealEngine/Common/DerivedDataCache/TestData/1/TestData_64kb.dat" 2039
"C:/Users/waita/AppData/Local/UnrealEngine/Common/DerivedDataCache/TestData/0/TestData_128kb.dat" 2040
"C:/Users/waita/AppData/Local/UnrealEngine/Common/DerivedDataCache/TestData/1/TestData_128kb.dat" 2041
"C:/Users/waita/AppData/Local/UnrealEngine/Common/DerivedDataCache/TestData/0/TestData_256kb.dat" 2042
"C:/Users/waita/AppData/Local/UnrealEngine/Common/DerivedDataCache/TestData/1/TestData_256kb.dat" 2043
"C:/Users/waita/AppData/Roaming/Unreal Engine/UnrealBuildTool/BuildConfiguration.xml" 2044
"D:/game_develop/github/Orka2026-1/Orka/Intermediate/ShaderAutogen/PCD3D_SM6/AutogenShaderHeaders.ush" 2045
"../../../Engine/Shaders/Private/HairStrands/HairStrandsVertexFactory.ush" 2046
"../../../Engine/Shaders/Private/VertexFactoryCommon.ush" 2047
"../../../Engine/Shaders/Private/Common.ush" 2048
"../../../Engine/Shaders/Public/Platform.ush" 2049
"../../../Engine/Shaders/Public/FP16Math.ush" 2050
"../../../Engine/Shaders/Public/Platform/D3D/D3DCommon.ush" 2051
"../../../Engine/Shaders/Shared/HLSLReservedSpaces.h" 2052
"../../../Engine/Shaders/Public/BindlessResources.ush" 2053
"../../../Engine/Shaders/Public/Platform/D3D/PlatformBindlessResources.ush" 2054
"../../../Engine/Shaders/Shared/RayTracingBuiltInResources.h" 2055
"../../../Engine/Shaders/Shared/RayTracingDefinitions.h" 2056
"../../../Engine/Shaders/Shared/MaterialCacheDefinitions.h" 2057
"../../../Engine/Shaders/Shared/HLSLTypeAliases.h" 2058
"../../../Engine/Shaders/Public/IndirectVirtualTexture.ush" 2059
"../../../Engine/Shaders/Shared/IndirectVirtualTextureDefinitions.h" 2060
"../../../Engine/Shaders/Public/OverloadMacros.ush" 2061
"../../../Engine/Shaders/Public/ShaderVersion.ush" 2062
"../../../Engine/Shaders/Shared/ThirdParty/NVIDIA/nvHLSLExtns.h" 2063
"../../../Engine/Shaders/Shared/ThirdParty/NVIDIA/nvHLSLExtnsInternal.h" 2064
"../../../Engine/Shaders/Shared/ThirdParty/NVIDIA/nvShaderExtnEnums.h" 2065
"../../../Engine/Shaders/Private/PackUnpack.ush" 2066
"../../../Engine/Shaders/Private/GeneratedUniformBufferTypes.ush" 2067
"../../../Engine/Shaders/Private/Nanite/NanitePackedNaniteView.ush" 2068
"../../../Engine/Shaders/Private/HairStrands/HairStrandsVisibilityCommonStruct.ush" 2069
"../../../Engine/Shaders/Private/HairStrands/HairStrandsVoxelPageCommonStruct.ush" 2070
"../../../Engine/Shaders/Private/HairStrands/HairStrandsDeepShadowCommonStruct.ush" 2071
"../../../Engine/Shaders/Shared/LightSceneData.h" 2072
"../../../Engine/Shaders/Private/LargeWorldCoordinates.ush" 2073
"../../../Engine/Shaders/Private/DoubleFloat.ush" 2074
"../../../Engine/Shaders/Private/RandomPCG.ush" 2075
"../../../Engine/Shaders/Private/DoubleFloatOperations.ush" 2076
"../../../Engine/Shaders/Private/DoubleFloatVectorDefinition.ush" 2077
"../../../Engine/Shaders/Private/LWCOperations.ush" 2078
"../../../Engine/Shaders/Shared/LightViewData.h" 2079
"../../../Engine/Shaders/Shared/RayTracingTypes.h" 2080
"../../../Engine/Shaders/Shared/HLSLStaticAssert.h" 2081
"../../../Engine/Shaders/Private/CommonViewUniformBuffer.ush" 2082
"../../../Engine/Shaders/Private/InstancedStereo.ush" 2083
"../../../Engine/Shaders/Private/Definitions.usf" 2084
"../../../Engine/Shaders/Private/AssertionMacros.ush" 2085
"../../../Engine/Shaders/Private/FastMath.ush" 2086
"../../../Engine/Shaders/Private/FastMathThirdParty.ush" 2087
"../../../Engine/Shaders/Private/Random.ush" 2088
"../../../Engine/Shaders/Private/RandomInterleavedGradientNoise.ush" 2089
"../../../Engine/Shaders/Private/SceneData.ush" 2090
"../../../Engine/Shaders/Private/OctahedralCommon.ush" 2091
"../../../Engine/Shaders/Private/WaveOpUtil.ush" 2092
"../../../Engine/Shaders/Private/ByteBuffer.ush" 2093
"../../../Engine/Shaders/Shared/SceneDefinitions.h" 2094
"../../../Engine/Shaders/Private/SceneDataMobileLoader.ush" 2095
"../../../Engine/Shaders/Private/LocalVertexFactoryCommon.ush" 2096
"../../../Engine/Shaders/Private/HairStrands/HairStrandsVisibilityCommon.ush" 2097
"../../../Engine/Shaders/Shared/HairStrandsDefinitions.h" 2098
"../../../Engine/Shaders/Private/HairStrands/HairStrandsVertexFactoryCommon.ush" 2099
"../../../Engine/Shaders/Private/HairStrands/HairStrandsPack.ush" 2100
"../../../Engine/Shaders/Private/HairStrands/HairStrandsAttributeCommon.ush" 2101
"../../../Engine/Shaders/Private/HairStrands/HairStrandsAttributeTemplate.ush" 2102
"../../../Engine/Shaders/Private/VertexFactoryDefaultInterface.ush" 2103
"../../../Engine/Shaders/Private/HairStrands/HairCardsVertexFactory.ush" 2104
"../../../Engine/Shaders/Private/HairStrands/HairCardsAttributeCommon.ush" 2105
"../../../Engine/Shaders/Private/RayTracing/RayTracingCommon.ush" 2106
"../../../Engine/Shaders/Private/ShadingCommon.ush" 2107
"../../../Engine/Shaders/Shared/RayTracingPayloadType.h" 2108
"../../../Engine/Shaders/Private/RayTracing/RayTracingRayCone.ush" 2109
"../../../Engine/Shaders/Private/Substrate/Substrate.ush" 2110
"../../../Engine/Shaders/Private/ShadingEnergyConservation.ush" 2111
"../../../Engine/Shaders/Private/ShadingEnergyConservationTemplate.ush" 2112
"../../../Engine/Shaders/Private/BRDF.ush" 2113
"../../../Engine/Shaders/Private/ColorSpace.ush" 2114
"../../../Engine/Shaders/Private/DeferredShadingCommon.ush" 2115
"../../../Engine/Shaders/Private/LightAccumulator.ush" 2116
"../../../Engine/Shaders/Private/SceneTexturesCommon.ush" 2117
"../../../Engine/Shaders/Private/MonteCarlo.ush" 2118
"../../../Engine/Shaders/Private/GBufferHelpers.ush" 2119
"../../../Engine/Shaders/Private/SceneTextureParameters.ush" 2120
"../../../Engine/Shaders/Private/ParticipatingMediaCommon.ush" 2121
"../../../Engine/Shaders/Private/ThinFilmBSDF.ush" 2122
"../../../Engine/Shaders/Private/MortonCode.ush" 2123
"../../../Engine/Shaders/Private/SubsurfaceProfileCommon.ush" 2124
"../../../Engine/Shaders/Private/BurleyNormalizedSSSCommon.ush" 2125
"../../../Engine/Shaders/Private/GammaCorrectionCommon.ush" 2126
"../../../Engine/Shaders/Shared/SubstrateDefinitions.h" 2127
"../../../Engine/Shaders/Private/Substrate/SubstrateStatisticalOperators.ush" 2128
"../../../Engine/Shaders/Private/Substrate/SubstrateSubsurface.ush" 2129
"../../../Engine/Shaders/Private/TransmissionCommon.ush" 2130
"../../../Engine/Shaders/Private/Substrate/SubstrateExportCommon.ush" 2131
"../../../Engine/Shaders/Private/SpecularProfileCommon.ush" 2132
"../../../Engine/Shaders/Private/RayTracing/RayTracingCommonMetal.ush" 2133
"../../../Engine/Shaders/Private/PositionReconstructionCommon.ush" 2134
"../../../Engine/Shaders/Private/RayTracing/TraceRayInline.ush" 2135
"../../../Engine/Shaders/Private/RayTracing/TraceRayInlineCommon.ush" 2136
"../../../Engine/Shaders/Private/RayTracing/TraceRayInlineVulkan.ush" 2137
"../../../Engine/Shaders/Private/RayTracing/TraceRayInlineMetal.ush" 2138
"../../../Engine/Shaders/Private/RayTracing/RayTracingHitGroupCommon.ush" 2139
"../../../Engine/Shaders/Private/Nanite/NaniteRayTrace.ush" 2140
"../../../Engine/Shaders/Private/Nanite/NaniteDataDecode.ush" 2141
"../../../Engine/Shaders/Private/BitPacking.ush" 2142
"../../../Engine/Shaders/Private/BitStreamReaderImplementation.ush" 2143
"../../../Engine/Shaders/Private/BoneTransform.ush" 2144
"../../../Engine/Shaders/Private/Quaternion.ush" 2145
"../../../Engine/Shaders/Private/Skinning/SkinningDataDecode.ush" 2146
"../../../Engine/Shaders/Private/GpuSkinCommon.ush" 2147
"../../../Engine/Shaders/Shared/SkinningDefinitions.h" 2148
"../../../Engine/Shaders/Shared/NaniteDefinitions.h" 2149
"../../../Engine/Shaders/Private/Nanite/NaniteAttributeDecode.ush" 2150
"../../../Engine/Shaders/Private/Barycentrics.ush" 2151
"../../../Engine/Shaders/Private/DualNumber.ush" 2152
"../../../Engine/Shaders/Shared/ThirdParty/RayTriangleIntersection.h" 2153
"../../../Engine/Shaders/Private/Nanite/NaniteVertexFetch.ush" 2154
"../../../Engine/Shaders/Private/ViewData.ush" 2155
"../../../Engine/Shaders/Shared/ViewDefinitions.h" 2156
"../../../Engine/Shaders/Private/Nanite/NaniteSceneCommon.ush" 2157
"../../../Engine/Shaders/Private/RayTracing/TraceRayInlineD3D12.ush" 2158
"../../../Engine/Plugins/FX/Niagara/Shaders/Private/NiagaraSpriteVertexFactory.ush" 2159
"../../../Engine/Shaders/Private/ParticleVertexFactoryCommon.ush" 2160
"../../../Engine/Plugins/FX/Niagara/Shaders/Private/NiagaraVFCommon.usf" 2161
"../../../Engine/Plugins/FX/Niagara/Shaders/Private/NiagaraVFParticleAccess.usf" 2162
"../../../Engine/Plugins/FX/Niagara/Shaders/Private/NiagaraParticleAccess.ush" 2163
"../../../Engine/Plugins/FX/Niagara/Shaders/Private/NiagaraRibbonVertexFactory.ush" 2164
"../../../Engine/Plugins/FX/Niagara/Shaders/Private/NiagaraMeshVertexFactory.ush" 2165
"../../../Engine/Plugins/FX/Niagara/Shaders/Private/NiagaraCommon.ush" 2166
"../../../Engine/Plugins/FX/Niagara/Shaders/Private/NiagaraMeshParticleUtils.ush" 2167
"../../../Engine/Shaders/Private/VectorFieldVisualizationVertexFactory.ush" 2168
"../../../Engine/Shaders/Private/Nanite/NaniteVertexFactory.ush" 2169
"../../../Engine/Shaders/Private/LightmapData.ush" 2170
"../../../Engine/Shaders/Private/SplineMeshCommon.ush" 2171
"../../../Engine/Shaders/Shared/SplineMeshShaderParams.h" 2172
"../../../Engine/Shaders/Private/ShaderPrint.ush" 2173
"../../../Engine/Shaders/Private/ShaderPrintCommon.ush" 2174
"../../../Engine/Shaders/Private/MiniFontCommon.ush" 2175
"../../../Engine/Shaders/Private/SGGX.ush" 2176
"../../../Engine/Shaders/Private/MaterialCache/MaterialCacheCommon.ush" 2177
"../../../Engine/Shaders/Private/Nanite/NaniteVertexDeformation.ush" 2178
"../../../Engine/Shaders/Private/Matrices.ush" 2179
"../../../Engine/Shaders/Private/ParticleSpriteVertexFactory.ush" 2180
"../../../Engine/Shaders/Private/ParticleGPUSpriteVertexFactory.ush" 2181
"../../../Engine/Shaders/Private/ParticleSimulationCommon.ush" 2182
"../../../Engine/Shaders/Private/ParticleBeamTrailVertexFactory.ush" 2183
"../../../Engine/Shaders/Private/MeshParticleVertexFactory.ush" 2184
"../../../Engine/Shaders/Private/LocalVertexFactory.ush" 2185
"../../../Engine/Shaders/Private/GpuSkinVertexFactory.ush" 2186
"../../../Engine/Shaders/Private/GeometryCollectionVertexFactory.ush" 2187
"../../../Engine/Shaders/Private/GeometryCacheVertexFactory.ush" 2188
"../../../Engine/Shaders/Private/LandscapeVertexFactory.ush" 2189
"../../../Engine/Plugins/Media/WmfMedia/Shaders/Private/MediaHardwareVideoDecoding.usf" 2190
"../../../Engine/Shaders/Private/ColorUtils.ush" 2191
"../../../Engine/Plugins/Media/PixelCapture/Shaders/Private/RGBToYUV.usf" 2192
"../../../Engine/Plugins/Media/MediaIOFramework/Shaders/MediaIO.usf" 2193
"../../../Engine/Shaders/Private/ScreenPass.ush" 2194
"../../../Engine/Plugins/Media/ImgMedia/Shaders/Private/ExrSwizzler.usf" 2195
"../../../Engine/Plugins/Enterprise/GLTFExporter/Shaders/Private/SimpleTexture2DPS.usf" 2196
"../../../Engine/Shaders/Private/SimpleElementNormalMapPixelShader.usf" 2197
"../../../Engine/Plugins/Compositing/OpenColorIO/Shaders/Private/OpenColorIOInvalidShader.usf" 2198
"../../../Engine/Plugins/Compositing/OpenColorIO/Shaders/Private/OpenColorIOShader.usf" 2199
"../../../Engine/Plugins/Compositing/CompositeCore/Shaders/Private/CompositeCoreMerge.usf" 2200
"../../../Engine/Shaders/Private/LensDistortion.ush" 2201
"../../../Engine/Plugins/Compositing/CompositeCore/Shaders/Private/CompositeCoreBlending.ush" 2202
"../../../Engine/Plugins/Compositing/CompositeCore/Shaders/Private/CompositeCoreDisplayTransform.usf" 2203
"../../../Engine/Plugins/Compositing/CompositeCore/Shaders/Private/CompositeCoreDilate.usf" 2204
"../../../Engine/Shaders/Private/DisplayMappingPixelShader.usf" 2205
"../../../Engine/Shaders/Private/TonemapCommon.ush" 2206
"../../../Engine/Shaders/Private/ACES/ACESCommon.ush" 2207
"../../../Engine/Shaders/Private/ACES/ACESOutputTransform.ush" 2208
"../../../Engine/Shaders/Private/ACES/ACESUtilities.ush" 2209
"../../../Engine/Shaders/Private/ACES/ACESTonescale.ush" 2210
"../../../Engine/Shaders/Private/ACES/ACESDisplayEncoding.ush" 2211
"../../../Engine/Shaders/Private/ACES/ACES_v1.3.ush" 2212
"../../../Engine/Plugins/Runtime/HairStrands/Shaders/Private/NiagaraCopyVelocityGrid.usf" 2213
"../../../Engine/Plugins/Runtime/HairStrands/Shaders/Private/NiagaraClearVelocityGrid.usf" 2214
"../../../Engine/Plugins/Runtime/HairStrands/Shaders/Private/NiagaraClearPressureGrid.usf" 2215
"../../../Engine/Plugins/Runtime/HairStrands/Shaders/Private/NiagaraInterpolateGroomGuides.usf" 2216
"../../../Engine/Plugins/Runtime/HairStrands/Shaders/Private/NiagaraGroomInterpolationUtils.ush" 2217
"../../../Engine/Plugins/FX/Niagara/Shaders/Private/NiagaraQuaternionUtils.ush" 2218
"../../../Engine/Shaders/Private/HairStrands/HairStrandsMesh.usf" 2219
"../../../Engine/Shaders/Private/HairStrands/HairStrandsBindingCommon.ush" 2220
"../../../Engine/Shaders/Private/HairStrands/HairStrandsFollicleMask.usf" 2221
"../../../Engine/Shaders/Private/HairStrands/HairStrandsSkinUpdate.usf" 2222
"../../../Engine/Shaders/Private/HairStrands/HairStrandsClusterCulling.usf" 2223
"../../../Engine/Shaders/Private/ColorMap.ush" 2224
"../../../Engine/Shaders/Private/HairStrands/HairStrandsAABBCommon.ush" 2225
"../../../Engine/Shaders/Private/HairStrands/HairStrandsClusterCommon.ush" 2226
"../../../Engine/Shaders/Private/ThreadGroupPrefixSum.ush" 2227
"../../../Engine/Shaders/Private/HairStrands/HairStrandsRaytracingGeometry.usf" 2228
"../../../Engine/Shaders/Private/HairStrands/HairStrandsTangent.usf" 2229
"../../../Engine/Shaders/Private/HairStrands/HairCardsDeformation.usf" 2230
"../../../Engine/Shaders/Private/HairStrands/HairStrandsInterpolation.usf" 2231
"../../../Engine/Shaders/Private/HairStrands/HairStrandsGuideDeform.usf" 2232
"../../../Engine/Shaders/Private/HairStrands/HairStrandsTexturesGeneration.usf" 2233
"../../../Engine/Shaders/Private/HairStrands/HairCardsTextureCommon.ush" 2234
"../../../Engine/Shaders/Private/HairStrands/HairStrandsTranscode.usf" 2235
"../../../Engine/Shaders/Private/HairStrands/HairStrandsDebug.usf" 2236
"../../../Engine/Shaders/Private/HairShadingCommon.ush" 2237
"../../../Engine/Shaders/Private/PostProcessCommon.ush" 2238
"../../../Engine/Shaders/Private/ShadingModels.ush" 2239
"../../../Engine/Shaders/Private/CapsuleLight.ush" 2240
"../../../Engine/Shaders/Private/RectLight.ush" 2241
"../../../Engine/Shaders/Private/LightData.ush" 2242
"../../../Engine/Shaders/Shared/LightDefinitions.h" 2243
"../../../Engine/Shaders/Private/AreaLightCommon.ush" 2244
"../../../Engine/Shaders/Private/HairBsdf.ush" 2245
"../../../Engine/Shaders/Private/PathTracing/Utilities/PathTracingRandomSequence.ush" 2246
"../../../Engine/Shaders/Private/MobileGGX.ush" 2247
"../../../Engine/Shaders/Private/HairStrands/HairStrandsCommon.ush" 2248
"../../../Engine/Shaders/Private/HairStrands/HairStrandsEnvironmentLightingCommon.ush" 2249
"../../../Engine/Shaders/Private/HairStrands/HairStrandsDeepTransmittanceCommon.ush" 2250
"../../../Engine/Shaders/Private/HairStrands/HairStrandsDeepTransmittanceDualScattering.ush" 2251
"../../../Engine/Shaders/Private/HairStrands/HairStrandsDeepShadowCommon.ush" 2252
"../../../Engine/Shaders/Private/HairStrands/HairStrandsDebugCommonStruct.ush" 2253
"../../../Engine/Plugins/FX/Niagara/Shaders/Private/NiagaraVertexFactoryExport.usf" 2254
"../../../Engine/Shaders/Private/ComputeShaderUtils.ush" 2255
"../../../Engine/Shaders/Private/MaterialTemplate.ush" 2256
"../../../Engine/Shaders/Private/WorldSpaceMath.ush" 2257
"../../../Engine/Shaders/Private/EyeAdaptationCommon.ush" 2258
"../../../Engine/Shaders/Private/SobolRandom.ush" 2259
"../../../Engine/Shaders/Private/DepthOfFieldCommon.ush" 2260
"../../../Engine/Shaders/Private/CircleDOFCommon.ush" 2261
"../../../Engine/Shaders/Private/DistanceField/GlobalDistanceFieldShared.ush" 2262
"../../../Engine/Shaders/Private/PhysicsFieldSampler.ush" 2263
"../../../Engine/Shaders/Private/PhysicsFieldShared.ush" 2264
"../../../Engine/Shaders/Private/SparseVolumeTexture/SparseVolumeTextureCommon.ush" 2265
"../../../Engine/Shaders/Shared/EnvironmentComponentsFlags.h" 2266
"../../../Engine/Shaders/Private/MeshPaintTextureCommon.ush" 2267
"../../../Engine/Shaders/Private/VirtualTextureMaterial.ush" 2268
"../../../Engine/Shaders/Private/MaterialCache/MaterialCacheMaterialCommon.ush" 2269
"../../../Engine/Shaders/Private/Quantization.ush" 2270
"../../../Engine/Shaders/Private/SpeedTreeCommon.ush" 2271
"../../../Engine/Shaders/Private/VirtualTextureCommon.ush" 2272
"../../../Engine/Shaders/Public/IndirectVirtualTextureCommon.ush" 2273
"../../../Engine/Shaders/Private/MaterialTexture.ush" 2274
"../../../Engine/Shaders/Private/MinMaterialTexCoords.ush" 2275
"../../../Engine/Shaders/Private/SkyAtmosphereCommon.ush" 2276
"../../../Engine/Shaders/Private/SingleLayerWaterCommon.ush" 2277
"../../../Engine/Shaders/Private/TextureSampling.ush" 2278
"../../../Engine/Shaders/Private/PaniniProjection.ush" 2279
"../../../Engine/Shaders/Private/DBufferNormalReprojection.ush" 2280
"../../../Engine/Shaders/Public/SubstratePublic.ush" 2281
"../../../Engine/Shaders/Private/Substrate/SubstrateRead.ush" 2282
"../../../Engine/Shaders/Private/Substrate/SubstrateTree.ush" 2283
"../../../Engine/Shaders/Private/Substrate/SubstrateEvaluation.ush" 2284
"../../../Engine/Shaders/Private/Substrate/Glint/GlintThirdParty.ush" 2285
"../../../Engine/Shaders/Private/BlueNoise.ush" 2286
"../../../Engine/Shaders/Private/SHCommon.ush" 2287
"../../../Engine/Shaders/Private/ShadingModelsSampling.ush" 2288
"../../../Engine/Shaders/Private/HairStrands/HairBsdfSample.ush" 2289
"../../../Engine/Shaders/Private/Substrate/SubstrateLegacyConversion.ush" 2290
"../../../Engine/Shaders/Private/DBufferDecalShared.ush" 2291
"../../../Engine/Plugins/FX/Niagara/Shaders/Private/NiagaraSortKeyGen.usf" 2292
"../../../Engine/Plugins/FX/Niagara/Shaders/Private/NiagaraGPURayTracingTransforms.usf" 2293
"../../../Engine/Plugins/FX/Niagara/Shaders/Private/NiagaraDrawIndirectArgsGen.usf" 2294
"../../../Engine/Plugins/FX/Niagara/Shaders/Private/NiagaraDispatchIndirectArgsGen.usf" 2295
"../../../Engine/Plugins/FX/Niagara/Shaders/Private/Stateless/NiagaraStatelessSimulationDefault.usf" 2296
"../../../Engine/Plugins/FX/Niagara/Shaders/Private/Stateless/NiagaraStatelessCommon.ush" 2297
"../../../Engine/Plugins/FX/Niagara/Shaders/Shared/NiagaraStatelessDefinitions.h" 2298
"../../../Engine/Plugins/FX/Niagara/Shaders/Shared/NiagaraStatelessBuiltDistribution.h" 2299
"../../../Engine/Plugins/FX/Niagara/Shaders/Private/Stateless/NiagaraStatelessDistribution.ush" 2300
"../../../Engine/Plugins/FX/Niagara/Shaders/Private/Stateless/Template/GenerateCS_PreModules.ush" 2301
"../../../Engine/Plugins/FX/Niagara/Shaders/Private/Stateless/Modules/NiagaraStatelessModule_CalculateAccurateVelocity.ush" 2302
"../../../Engine/Plugins/FX/Niagara/Shaders/Private/Stateless/Modules/NiagaraStatelessModule_CameraOffset.ush" 2303
"../../../Engine/Plugins/FX/Niagara/Shaders/Private/Stateless/Modules/NiagaraStatelessModule_DynamicMaterialParameters.ush" 2304
"../../../Engine/Plugins/FX/Niagara/Shaders/Private/Stateless/Modules/NiagaraStatelessModule_InitializeParticle.ush" 2305
"../../../Engine/Plugins/FX/Niagara/Shaders/Private/Stateless/Modules/NiagaraStatelessModule_InitialMeshOrientation.ush" 2306
"../../../Engine/Plugins/FX/Niagara/Shaders/Private/Stateless/Modules/NiagaraStatelessModule_MeshIndex.ush" 2307
"../../../Engine/Plugins/FX/Niagara/Shaders/Private/Stateless/Modules/NiagaraStatelessModule_MeshRotationRate.ush" 2308
"../../../Engine/Plugins/FX/Niagara/Shaders/Private/Stateless/Modules/NiagaraStatelessModule_RotateAroundPoint.ush" 2309
"../../../Engine/Plugins/FX/Niagara/Shaders/Private/Stateless/Modules/NiagaraStatelessModule_ShapeLocation.ush" 2310
"../../../Engine/Plugins/FX/Niagara/Shaders/Private/Stateless/Modules/NiagaraStatelessModule_ScaleColor.ush" 2311
"../../../Engine/Plugins/FX/Niagara/Shaders/Private/Stateless/Modules/NiagaraStatelessModule_ScaleRibbonWidth.ush" 2312
"../../../Engine/Plugins/FX/Niagara/Shaders/Private/Stateless/Modules/NiagaraStatelessModule_ScaleSpriteSize.ush" 2313
"../../../Engine/Plugins/FX/Niagara/Shaders/Private/Stateless/Modules/NiagaraStatelessModule_ScaleSpriteSizeBySpeed.ush" 2314
"../../../Engine/Plugins/FX/Niagara/Shaders/Private/Stateless/Modules/NiagaraStatelessModule_ScaleMeshSize.ush" 2315
"../../../Engine/Plugins/FX/Niagara/Shaders/Private/Stateless/Modules/NiagaraStatelessModule_ScaleMeshSizebySpeed.ush" 2316
"../../../Engine/Plugins/FX/Niagara/Shaders/Private/Stateless/Modules/NiagaraStatelessModule_SolveVelocitiesAndForces.ush" 2317
"../../../Engine/Plugins/FX/Niagara/Shaders/Private/Stateless/Modules/NiagaraStatelessModule_SpriteFacingAndAlignment.ush" 2318
"../../../Engine/Plugins/FX/Niagara/Shaders/Private/Stateless/Modules/NiagaraStatelessModule_SpriteRotationRate.ush" 2319
"../../../Engine/Plugins/FX/Niagara/Shaders/Private/Stateless/Modules/NiagaraStatelessModule_SubUVAnimation.ush" 2320
"../../../Engine/Plugins/FX/Niagara/Shaders/Private/Stateless/Template/GenerateCS_PostModules.ush" 2321
"../../../Engine/Plugins/FX/Niagara/Shaders/Private/NiagaraBlendSVTsToDenseBuffer.usf" 2322
"../../../Engine/Plugins/FX/Niagara/Shaders/Private/NiagaraSVTToDenseBuffer.usf" 2323
"../../../Engine/Plugins/FX/Niagara/Shaders/Private/NiagaraFillIntBuffer.usf" 2324
"../../../Engine/Plugins/FX/Niagara/Shaders/Private/NiagaraComputeFreeIDs.usf" 2325
"../../../Engine/Plugins/FX/Niagara/Shaders/Private/NiagaraInitFreeIDBuffer.usf" 2326
"../../../Engine/Plugins/FX/Niagara/Shaders/Private/NiagaraEmitterInstanceShader.usf" 2327
"../../../Engine/Plugins/FX/Niagara/Shaders/Private/NiagaraShaderVersion.ush" 2328
"../../../Engine/Plugins/FX/Niagara/Shaders/Private/NiagaraPhysicsCommon.ush" 2329
"../../../Engine/Plugins/FX/Niagara/Shaders/Private/Ribbons/NiagaraRibbonAggregationApply.usf" 2330
"../../../Engine/Plugins/FX/Niagara/Shaders/Private/Ribbons/NiagaraRibbonCommon.ush" 2331
"../../../Engine/Plugins/FX/Niagara/Shaders/Shared/NiagaraRibbonShared.h" 2332
"../../../Engine/Plugins/FX/Niagara/Shaders/Private/Ribbons/NiagaraRibbonAggregationStep.usf" 2333
"../../../Engine/Plugins/FX/Niagara/Shaders/Private/Ribbons/NiagaraRibbonGenerateIndices.usf" 2334
"../../../Engine/Plugins/FX/Niagara/Shaders/Private/Ribbons/NiagaraRibbonInitializeIndices.usf" 2335
"../../../Engine/Plugins/FX/Niagara/Shaders/Private/Ribbons/NiagaraRibbonRibbonUVParamCalculation.usf" 2336
"../../../Engine/Plugins/FX/Niagara/Shaders/Private/Ribbons/NiagaraRibbonVertexReductionFinalization.usf" 2337
"../../../Engine/Plugins/FX/Niagara/Shaders/Private/Ribbons/NiagaraRibbonVertexReductionInitialization.usf" 2338
"../../../Engine/Plugins/FX/Niagara/Shaders/Private/Ribbons/NiagaraRibbonSortParticles.usf" 2339
"../../../Engine/Plugins/FX/Niagara/Shaders/Private/NiagaraLWCHelper.usf" 2340
"../../../Engine/Plugins/FX/Niagara/Shaders/Private/NiagaraUpdateMeshGPUSceneInstances.usf" 2341
"../../../Engine/Shaders/Private/GPUScene/GPUSceneWriter.ush" 2342
"../../../Engine/Plugins/FX/Niagara/Shaders/Private/NiagaraGenerateMips.usf" 2343
"../../../Engine/Plugins/FX/Niagara/Shaders/Private/NiagaraDebugDraw.usf" 2344
"../../../Engine/Plugins/FX/Niagara/Shaders/Private/NiagaraDebugDraw.ush" 2345
"../../../Engine/Plugins/FX/Niagara/Shaders/Private/NiagaraVisualizeTexture.usf" 2346
"../../../Engine/Plugins/FX/Niagara/Shaders/Private/NiagaraClearCounts.usf" 2347
"../../../Engine/Plugins/FX/Niagara/Shaders/Private/NiagaraBatchedElements.usf" 2348
"../../../Engine/Plugins/FX/Niagara/Shaders/Private/NiagaraRayTracingShaders.usf" 2349
"../../../Engine/Plugins/FX/Niagara/Shaders/Private/NiagaraAsyncGpuTraceCommon.ush" 2350
"../../../Engine/Shaders/Private/HashTable.ush" 2351
"../../../Engine/Shaders/Private/Hash.ush" 2352
"../../../Engine/Shaders/Private/RayTracing/VFXTraceRay.ush" 2353
"../../../Engine/Plugins/FX/Niagara/Shaders/Private/NiagaraRayMarchingShaders.usf" 2354
"../../../Engine/Plugins/FX/Niagara/Shaders/Private/NiagaraRayTraceCollisionGroupShaders.usf" 2355
"../../../Engine/Plugins/FX/Niagara/Shaders/Private/NiagaraAsyncGpuTraceUtils.usf" 2356
"../../../Engine/Plugins/Runtime/ComputeFramework/Shaders/Private/ComputeKernel.usf" 2357
"../../../Engine/Plugins/Runtime/ComputeFramework/Shaders/Private/ComputeKernelCommon.ush" 2358
"../../../Engine/Plugins/NNE/NNEDenoiser/Shaders/NNEDenoiserShadersTransferFunctionOidn.usf" 2359
"../../../Engine/Plugins/NNE/NNEDenoiser/Shaders/NNEDenoiserShadersMappedCopy.usf" 2360
"../../../Engine/Plugins/NNE/NNEDenoiser/Shaders/NNEDenoiserShadersDefaultIOProcess.usf" 2361
"../../../Engine/Plugins/NNE/NNEDenoiser/Shaders/NNEDenoiserShadersAutoExposureReduceFinal.usf" 2362
"../../../Engine/Plugins/NNE/NNEDenoiser/Shaders/NNEDenoiserShadersAutoExposureReduce.usf" 2363
"../../../Engine/Plugins/NNE/NNEDenoiser/Shaders/NNEDenoiserShadersAutoExposureDownsample.usf" 2364
"../../../Engine/Plugins/Experimental/NFORDenoise/Shaders/NFORDenoise.usf" 2365
"../../../Engine/Plugins/Experimental/NFORDenoise/Shaders/NFORRegressionCommon.ush" 2366
"../../../Engine/Plugins/Experimental/NFORDenoise/Shaders/NFORRegression.ush" 2367
"../../../Engine/Shaders/Private/VirtualTextureAdapter.usf" 2368
"../../../Engine/Shaders/Private/BlockCompressionCommon.ush" 2369
"../../../Engine/Shaders/Private/BCCompressionCommon.ush" 2370
"../../../Engine/Shaders/Private/TranslucentLightingShaders.usf" 2371
"../../../Engine/Shaders/Private/TranslucencyVolumeInjectionCommon.ush" 2372
"../../../Engine/Shaders/Private/CubemapCommon.ush" 2373
"../../../Engine/Shaders/Private/VectorFieldCompositeShaders.usf" 2374
"../../../Engine/Shaders/Private/UpdateTextureShaders.usf" 2375
"../../../Engine/Shaders/Private/StereoLayerShader.usf" 2376
"../../../Engine/Shaders/Private/SparseVolumeTexture/UpdateSparseVolumeTexture.usf" 2377
"../../../Engine/Shaders/Private/MorphTargets.usf" 2378
"../../../Engine/Shaders/Private/SimpleElementColorChannelMaskPixelShader.usf" 2379
"../../../Engine/Shaders/Private/SimpleElementHitProxyPixelShader.usf" 2380
"../../../Engine/Shaders/Private/SimpleElementPixelShader.usf" 2381
"../../../Engine/Shaders/Private/IESLightProfilesCommon.ush" 2382
"../../../Engine/Shaders/Private/SimpleElementVertexShader.usf" 2383
"../../../Engine/Shaders/Private/ScreenPixelShaderOES.usf" 2384
"../../../Engine/Shaders/Private/ScreenVertexShader.usf" 2385
"../../../Engine/Shaders/Private/ScreenPixelShader.usf" 2386
"../../../Engine/Shaders/Private/SSProfilePreIntegratedMobile.usf" 2387
"../../../Engine/Shaders/Private/SpecularProfile.usf" 2388
"../../../Engine/Shaders/Private/Nanite/NaniteStreaming.usf" 2389
"../../../Engine/Shaders/Private/Nanite/NaniteStreaming.ush" 2390
"../../../Engine/Shaders/Private/VolumetricLightmapStreaming.usf" 2391
"../../../Engine/Shaders/Private/PhysicsFieldReset.usf" 2392
"../../../Engine/Shaders/Private/PhysicsFieldBuilder.usf" 2393
"../../../Engine/Shaders/Private/PhysicsFieldEval.ush" 2394
"../../../Engine/Shaders/Private/ParticleSortKeyGen.usf" 2395
"../../../Engine/Shaders/Private/ParticleBoundsShader.usf" 2396
"../../../Engine/Shaders/Private/ParticleSimVisualizeShader.usf" 2397
"../../../Engine/Shaders/Private/ParticleInjectionShader.usf" 2398
"../../../Engine/Shaders/Private/ParticleSimulationShader.usf" 2399
"../../../Engine/Shaders/Private/ParticleCurveInjectionShader.usf" 2400
"../../../Engine/Shaders/Private/Nanite/NaniteTranscode.usf" 2401
"../../../Engine/Shaders/Private/Nanite/NaniteScatterUpdates.usf" 2402
"../../../Engine/Shaders/Private/CopyUIntBuffer.usf" 2403
"../../../Engine/Shaders/Private/RadixSortShaders.usf" 2404
"../../../Engine/Shaders/Private/RecomputeTangentsPerVertexPass.usf" 2405
"../../../Engine/Shaders/Private/RecomputeTangentsCommon.ush" 2406
"../../../Engine/Shaders/Private/RecomputeTangentsPerTrianglePass.usf" 2407
"../../../Engine/Shaders/Private/DynamicMeshBounds.usf" 2408
"../../../Engine/Shaders/Private/GpuSkinCacheComputeShader.usf" 2409
"../../../Engine/Shaders/Private/DynamicMeshBounds.ush" 2410
"../../../Engine/Shaders/Private/HeightFieldAtlasManagement.usf" 2411
"../../../Engine/Shaders/Private/Landscape/LandscapeEditLayersUtils.usf" 2412
"../../../Engine/Shaders/Private/Landscape/LandscapeCommon.ush" 2413
"../../../Engine/Shaders/Private/Landscape/LandscapeEditLayersWeightmaps.usf" 2414
"../../../Engine/Shaders/Private/Landscape/LandscapeEditLayersHeightmaps.usf" 2415
"../../../Engine/Shaders/Private/LandscapeLayersPS.usf" 2416
"../../../Engine/Shaders/Private/LandscapePhysicalMaterial.usf" 2417
"../../../Engine/Shaders/Private/LandscapeGrassWeight.usf" 2418
"../../../Engine/Shaders/Private/Landscape/LandscapeCulling.usf" 2419
"../../../Engine/Shaders/Private/Nanite/NaniteHZBCull.ush" 2420
"../../../Engine/Shaders/Private/HZB.ush" 2421
"../../../Engine/Shaders/Private/Landscape/LandscapeMergeTexturesPS.usf" 2422
"../../../Engine/Shaders/Private/WideCustomResolveShaders.usf" 2423
"../../../Engine/Shaders/Private/WideCustomResolve_Wide.ush" 2424
"../../../Engine/Shaders/Private/WideCustomResolve_Wider.ush" 2425
"../../../Engine/Shaders/Private/WideCustomResolve_Widest.ush" 2426
"../../../Engine/Shaders/Private/WaterInfoTextureBlur.usf" 2427
"../../../Engine/Shaders/Private/WaterInfoTextureMerge.usf" 2428
"../../../Engine/Shaders/Private/PageTableUpdate.usf" 2429
"../../../Engine/Shaders/Private/VirtualTextureCompress.usf" 2430
"../../../Engine/Shaders/Private/ASTCCompressionCommon.ush" 2431
"../../../Engine/Shaders/Private/IntegerSequenceEncoding.ush" 2432
"../../../Engine/Shaders/Private/ETCCompressionCommon.ush" 2433
"../../../Engine/Shaders/Private/VirtualTextureMaterial.usf" 2434
"../../../Engine/Shaders/Private/PixelShaderOutputCommon.ush" 2435
"../../../Engine/Shaders/Private/ShaderOutputCommon.ush" 2436
"../../../Engine/Shaders/Private/VolumetricRenderTarget.usf" 2437
"../../../Engine/Shaders/Private/HeightFogCommon.ush" 2438
"../../../Engine/Shaders/Private/LocalFogVolumes/LocalFogVolumeCommon.ush" 2439
"../../../Engine/Shaders/Private/ReflectionEnvironmentShared.ush" 2440
"../../../Engine/Shaders/Private/VolumetricFogVoxelization.usf" 2441
"../../../Engine/Shaders/Private/VolumetricCloudMaterialPixelCommon.ush" 2442
"../../../Engine/Shaders/Private/VolumetricFogLightFunction.usf" 2443
"../../../Engine/Shaders/Private/LightFunctionCommon.ush" 2444
"../../../Engine/Shaders/Private/VolumetricFog.usf" 2445
"../../../Engine/Shaders/Private/DeferredLightingCommon.ush" 2446
"../../../Engine/Shaders/Private/DynamicLightingCommon.ush" 2447
"../../../Engine/Shaders/Private/CapsuleLightIntegrate.ush" 2448
"../../../Engine/Shaders/Private/CapsuleLightSampling.ush" 2449
"../../../Engine/Shaders/Private/RectLightIntegrate.ush" 2450
"../../../Engine/Shaders/Private/ScreenSpaceShadowRayCast.ush" 2451
"../../../Engine/Shaders/Private/LightFunctionAtlas/LightFunctionAtlasCommon.usf" 2452
"../../../Engine/Shaders/Private/LightGridCommon.ush" 2453
"../../../Engine/Shaders/Private/DistanceFieldAOShared.ush" 2454
"../../../Engine/Shaders/Private/IntersectionUtils.ush" 2455
"../../../Engine/Shaders/Private/VolumeLightingCommon.ush" 2456
"../../../Engine/Shaders/Private/ShadowProjectionCommon.ush" 2457
"../../../Engine/Shaders/Private/ShadowFilteringCommon.ush" 2458
"../../../Engine/Shaders/Private/PixelQuadMessagePassing.ush" 2459
"../../../Engine/Shaders/Private/VolumeLightingCommonSampling.ush" 2460
"../../../Engine/Shaders/Private/VolumetricLightmapShared.ush" 2461
"../../../Engine/Shaders/Private/ForwardShadowingCommon.ush" 2462
"../../../Engine/Shaders/Private/LightDataUniforms.ush" 2463
"../../../Engine/Shaders/Private/Lumen/LumenTranslucencyVolumeShared.ush" 2464
"../../../Engine/Shaders/Private/Lumen/LumenRadianceCacheInterpolation.ush" 2465
"../../../Engine/Shaders/Private/VirtualShadowMaps/VirtualShadowMapProjectionCommon.ush" 2466
"../../../Engine/Shaders/Private/VirtualShadowMaps/VirtualShadowMapPageAccessCommon.ush" 2467
"../../../Engine/Shaders/Shared/VirtualShadowMapDefinitions.h" 2468
"../../../Engine/Shaders/Shared/HLSLMathAliases.h" 2469
"../../../Engine/Shaders/Private/VirtualShadowMaps/VirtualShadowMapHandle.ush" 2470
"../../../Engine/Shaders/Private/VirtualShadowMaps/VirtualShadowMapProjectionStructs.ush" 2471
"../../../Engine/Shaders/Private/DiaphragmDOF/DOFCommon.ush" 2472
"../../../Engine/Shaders/Private/VolumetricCloudCommon.ush" 2473
"../../../Engine/Shaders/Private/VolumetricCloud.usf" 2474
"../../../Engine/Shaders/Private/VisualizeVolumetricLightmap.usf" 2475
"../../../Engine/Shaders/Private/VirtualShadowMaps/VirtualShadowMapProjectionComposite.usf" 2476
"../../../Engine/Shaders/Private/LightShaderParameters.ush" 2477
"../../../Engine/Shaders/Private/VirtualShadowMaps/VirtualShadowMapMaskBitsCommon.ush" 2478
"../../../Engine/Shaders/Private/VirtualShadowMaps/VirtualShadowMapLightGrid.ush" 2479
"../../../Engine/Shaders/Private/VirtualShadowMaps/VirtualShadowMapProjection.usf" 2480
"../../../Engine/Shaders/Private/Visualization.ush" 2481
"../../../Engine/Shaders/Private/VirtualShadowMaps/VirtualShadowMapProjectionFilter.ush" 2482
"../../../Engine/Shaders/Private/VirtualShadowMaps/VirtualShadowMapProjectionDirectional.ush" 2483
"../../../Engine/Shaders/Private/VirtualShadowMaps/VirtualShadowMapSMRTCommon.ush" 2484
"../../../Engine/Shaders/Private/VirtualShadowMaps/VirtualShadowMapSMRTTemplate.ush" 2485
"../../../Engine/Shaders/Private/VirtualShadowMaps/VirtualShadowMapProjectionSpot.ush" 2486
"../../../Engine/Shaders/Private/VirtualShadowMaps/VirtualShadowMapTransmissionCommon.ush" 2487
"../../../Engine/Shaders/Private/VirtualShadowMaps/VirtualShadowMapScreenRayTrace.ush" 2488
"../../../Engine/Shaders/Private/VirtualShadowMaps/VirtualShadowMapStats.ush" 2489
"../../../Engine/Shaders/Private/HairStrands/HairStrandsVoxelPageCommon.ush" 2490
"../../../Engine/Shaders/Private/HairStrands/HairStrandsVoxelPageTraversal.ush" 2491
"../../../Engine/Shaders/Private/VirtualShadowMaps/VirtualShadowMapCacheGPUInvalidation.usf" 2492
"../../../Engine/Shaders/Private/VirtualShadowMaps/VirtualShadowMapPageCacheCommon.ush" 2493
"../../../Engine/Shaders/Private/VirtualShadowMaps/VirtualShadowMapCacheInvalidation.ush" 2494
"../../../Engine/Shaders/Private/VirtualShadowMaps/VirtualShadowMapPageOverlap.ush" 2495
"../../../Engine/Shaders/Private/ScreenSpaceDenoise/SSDDefinitions.ush" 2496
"../../../Engine/Shaders/Private/InstanceCulling/InstanceCullingLoadBalancer.ush" 2497
"../../../Engine/Shaders/Private/VirtualShadowMaps/VirtualShadowMapCacheLoadBalancer.usf" 2498
"../../../Engine/Shaders/Private/VirtualShadowMaps/VirtualShadowMapCopyStats.usf" 2499
"../../../Engine/Shaders/Private/VirtualShadowMaps/VirtualShadowMapShadowCasterBounds.usf" 2500
"../../../Engine/Shaders/Private/VirtualShadowMaps/VirtualShadowMapVisualize.ush" 2501
"../../../Engine/Shaders/Private/VirtualShadowMaps/VirtualShadowMapShadowCasterColor.usf" 2502
"../../../Engine/Shaders/Private/VirtualShadowMaps/VirtualShadowMapDebug.usf" 2503
"../../../Engine/Shaders/Private/VirtualShadowMaps/Desaturate.usf" 2504
"../../../Engine/Shaders/Private/VirtualShadowMaps/VirtualShadowMapPhysicalPageManagement.usf" 2505
"../../../Engine/Shaders/Private/ReductionCommon.ush" 2506
"../../../Engine/Shaders/Private/GPUMessaging.ush" 2507
"../../../Engine/Shaders/Private/VirtualShadowMaps/VirtualShadowMapPerPageDispatch.ush" 2508
"../../../Engine/Shaders/Private/VirtualShadowMaps/VirtualShadowMapComputeExplicitChunkDrawsViewMask.usf" 2509
"../../../Engine/Shaders/Shared/SceneCullingDefinitions.h" 2510
"../../../Engine/Shaders/Private/VirtualShadowMaps/VirtualShadowMapCompactViews.usf" 2511
"../../../Engine/Shaders/Private/VirtualShadowMaps/VirtualShadowMapBuildPerPageDrawCommands.usf" 2512
"../../../Engine/Shaders/Private/Nanite/NaniteCullingCommon.ush" 2513
"../../../Engine/Shaders/Private/Nanite/NaniteCulling.ush" 2514
"../../../Engine/Shaders/Private/Nanite/NaniteHierarchyTraversalCommon.ush" 2515
"../../../Engine/Shaders/Private/InstanceCulling/InstanceCullingCommon.ush" 2516
"../../../Engine/Shaders/Shared/InstanceCullingDefinitions.h" 2517
"../../../Engine/Shaders/Private/VirtualShadowMaps/VirtualShadowMapPrintStats.usf" 2518
"../../../Engine/Shaders/Private/VirtualShadowMaps/VirtualShadowMapPageManagement.usf" 2519
"../../../Engine/Shaders/Private/VirtualShadowMaps/VirtualShadowMapPageMarking.usf" 2520
"../../../Engine/Shaders/Private/VirtualShadowMaps/VirtualShadowMapPageMarking.ush" 2521
"../../../Engine/Shaders/Shared/SingleLayerWaterDefinitions.h" 2522
"../../../Engine/Shaders/Private/HairStrands/HairStrandsTileCommon.ush" 2523
"../../../Engine/Shaders/Private/Froxel/Froxel.ush" 2524
"../../../Engine/Shaders/Shared/FroxelDefinitions.h" 2525
"../../../Engine/Shaders/Private/VirtualShadowMaps/VirtualShadowMapThrottle.usf" 2526
"../../../Engine/Shaders/Private/VelocityUpdate.usf" 2527
"../../../Engine/Shaders/Private/VelocityCommon.ush" 2528
"../../../Engine/Shaders/Private/VelocityShader.usf" 2529
"../../../Engine/Shaders/Private/VariableRateShading/VRSShadingRatePreview.usf" 2530
"../../../Engine/Shaders/Private/VariableRateShading/VRSShadingRateCommon.ush" 2531
"../../../Engine/Shaders/Private/VariableRateShading/VRSShadingRateCombine.usf" 2532
"../../../Engine/Shaders/Private/VariableRateShading/VRSShadingRateFoveated.usf" 2533
"../../../Engine/Shaders/Private/VariableRateShading/VRSShadingRateReproject.usf" 2534
"../../../Engine/Shaders/Private/VariableRateShading/VRSShadingRateCalculate.usf" 2535
"../../../Engine/Shaders/Private/TranslucencyUpsampling.usf" 2536
"../../../Engine/Shaders/Private/ComposeSeparateTranslucency.usf" 2537
"../../../Engine/Shaders/Private/SeparateTranslucency.ush" 2538
"../../../Engine/Shaders/Private/TranslucencyVolumeVisualize.usf" 2539
"../../../Engine/Shaders/Private/TranslucencyVolumeCommon.ush" 2540
"../../../Engine/Shaders/Private/TranslucentLightInjectionShaders.usf" 2541
"../../../Engine/Shaders/Private/HeterogeneousVolumes/HeterogeneousVolumesAdaptiveVolumetricShadowMapSampling.ush" 2542
"../../../Engine/Shaders/Private/HeterogeneousVolumes/HeterogeneousVolumesAdaptiveVolumetricShadowMapUtils.ush" 2543
"../../../Engine/Shaders/Private/HeterogeneousVolumes/HeterogeneousVolumesBeerShadowMapUtils.ush" 2544
"../../../Engine/Shaders/Private/TranslucentShadowDepthShaders.usf" 2545
"../../../Engine/Shaders/Private/ShadowDepthCommon.ush" 2546
"../../../Engine/Shaders/Private/RayTracing/RayTracingTest.usf" 2547
"../../../Engine/Shaders/Private/PostprocessSubsurfaceTile.usf" 2548
"../../../Engine/Shaders/Private/PostProcessSubsurfaceCommon.ush" 2549
"../../../Engine/Shaders/Private/Substrate/SubstrateVisualize.usf" 2550
"../../../Engine/Shaders/Private/Substrate/SubstrateTile.ush" 2551
"../../../Engine/Shaders/Shared/SubstrateVisualizeDefinitions.h" 2552
"../../../Engine/Shaders/Private/Substrate/SubstrateVisualizeCommon.ush" 2553
"../../../Engine/Shaders/Private/SkyLightingDiffuseShared.ush" 2554
"../../../Engine/Shaders/Private/SkyLightingShared.ush" 2555
"../../../Engine/Shaders/Private/ClearCoatCommon.ush" 2556
"../../../Engine/Shaders/Private/ReflectionEnvironmentComposite.ush" 2557
"../../../Engine/Shaders/Private/Substrate/SubstrateLightingCommon.ush" 2558
"../../../Engine/Shaders/Private/Substrate/SubstrateRoughRefraction.usf" 2559
"../../../Engine/Shaders/Private/PathTracing/Material/PathTracingFresnel.ush" 2560
"../../../Engine/Shaders/Private/PathTracing/Material/PathTracingGlossy.ush" 2561
"../../../Engine/Shaders/Private/Substrate/SubstrateMaterialSampling.usf" 2562
"../../../Engine/Shaders/Private/Substrate/SubstrateMaterialSampling.ush" 2563
"../../../Engine/Shaders/Private/Lumen/LumenPosition.ush" 2564
"../../../Engine/Shaders/Private/Substrate/SubstrateTile.usf" 2565
"../../../Engine/Shaders/Private/Substrate/SubstrateMaterialClassification.usf" 2566
"../../../Engine/Shaders/Private/Substrate/SubstrateDBuffer.usf" 2567
"../../../Engine/Shaders/Private/StochasticLighting/StochasticLightingTileClassification.usf" 2568
"../../../Engine/Shaders/Private/Lumen/LumenMaterial.ush" 2569
"../../../Engine/Shaders/Private/HairStrands/HairStrandsVisibilityUtils.ush" 2570
"../../../Engine/Shaders/Private/Lumen/LumenReflectionCommon.ush" 2571
"../../../Engine/Shaders/Private/Lumen/LumenReflectionsCombine.ush" 2572
"../../../Engine/Shaders/Private/Lumen/LumenScreenProbeTileClassication.ush" 2573
"../../../Engine/Shaders/Private/MegaLights/MegaLightsTileClassification.ush" 2574
"../../../Engine/Shaders/Private/StochasticLighting/StochasticLightingUpsample.ush" 2575
"../../../Engine/Shaders/Private/StochasticLighting/StochasticLightingCommon.ush" 2576
"../../../Engine/Shaders/Private/SplineMeshSceneTexture.usf" 2577
"../../../Engine/Shaders/Private/SparseVolumeTexture/VisualizeSparseVolumeTexture.usf" 2578
"../../../Engine/Shaders/Private/SkyAtmosphere.usf" 2579
"../../../Engine/Shaders/Private/Nanite/NaniteSkinningUpdateViewData.usf" 2580
"../../../Engine/Shaders/Private/SceneCulling/SceneCulling.ush" 2581
"../../../Engine/Shaders/Private/Skinning/TransformProviders.usf" 2582
"../../../Engine/Shaders/Private/Skinning/SkinnedMeshDebug.usf" 2583
"../../../Engine/Shaders/Private/Skinning/AnimBankEval.usf" 2584
"../../../Engine/Shaders/Private/SingleLayerWaterComposite.usf" 2585
"../../../Engine/Shaders/Private/Froxel/FroxelBuild.ush" 2586
"../../../Engine/Shaders/Private/SingleLayerWaterRefractionCulling.usf" 2587
"../../../Engine/Shaders/Private/ScreenSpaceShadows.usf" 2588
"../../../Engine/Shaders/Private/bend_sss_gpu.ush" 2589
"../../../Engine/Shaders/Private/ShadowFactorsUpsampleCommon.ush" 2590
"../../../Engine/Shaders/Private/FirstPersonSelfShadow.usf" 2591
"../../../Engine/Shaders/Private/HZBTracing.ush" 2592
"../../../Engine/Shaders/Private/LateZDummyPS.usf" 2593
"../../../Engine/Shaders/Private/ShadowProjectionVertexShader.usf" 2594
"../../../Engine/Shaders/Private/ShadowProjectionPixelShader.usf" 2595
"../../../Engine/Shaders/Private/MobileLightingCommon.ush" 2596
"../../../Engine/Shaders/Private/PlanarReflectionShared.ush" 2597
"../../../Engine/Shaders/Private/MobileSSR.ush" 2598
"../../../Engine/Shaders/Private/SSRT/SSRTRayCast.ush" 2599
"../../../Engine/Shaders/Private/ShadowPercentageCloserFiltering.ush" 2600
"../../../Engine/Shaders/Private/TransmissionThickness.ush" 2601
"../../../Engine/Shaders/Private/CopyShadowMaps.usf" 2602
"../../../Engine/Shaders/Private/ShadowDepthPixelShader.usf" 2603
"../../../Engine/Shaders/Private/ShadowDepthVertexShader.usf" 2604
"../../../Engine/Shaders/Private/ShadingEnergyConservationTable.usf" 2605
"../../../Engine/Shaders/Shared/PathTracingDefinitions.h" 2606
"../../../Engine/Shaders/Private/ShadingFurnaceTest.usf" 2607
"../../../Engine/Shaders/Private/Substrate/SubstrateDeferredLighting.ush" 2608
"../../../Engine/Shaders/Private/ShaderPrintDraw.usf" 2609
"../../../Engine/Shaders/Private/ShaderPrintDrawPrimitive.usf" 2610
"../../../Engine/Shaders/Private/DefaultSSRTiles.usf" 2611
"../../../Engine/Shaders/Private/ScreenSpaceReflectionTileCommons.ush" 2612
"../../../Engine/Shaders/Private/SSRT/SSRTDiffuseIndirect.usf" 2613
"../../../Engine/Shaders/Private/SSRT/SSRTTileClassificationBuffer.ush" 2614
"../../../Engine/Shaders/Private/SSRT/SSRTReflections.usf" 2615
"../../../Engine/Shaders/Private/ScreenSpaceDenoise/SSDPublic.ush" 2616
"../../../Engine/Shaders/Private/SSRT/SSRTTileClassification.usf" 2617
"../../../Engine/Shaders/Private/SSRT/SSRTPrevFrameReduction.usf" 2618
"../../../Engine/Shaders/Private/ScreenSpaceDenoise/SSDComposeHarmonics.usf" 2619
"../../../Engine/Shaders/Private/ScreenSpaceDenoise/SSDPublicHarmonics.ush" 2620
"../../../Engine/Shaders/Private/ScreenSpaceDenoise/SSDSignalFramework.ush" 2621
"../../../Engine/Shaders/Private/ScreenSpaceDenoise/SSDCommon.ush" 2622
"../../../Engine/Shaders/Private/SphericalGaussian.ush" 2623
"../../../Engine/Shaders/Public/WaveBroadcastIntrinsics.ush" 2624
"../../../Engine/Shaders/Private/ScreenSpaceDenoise/SSDMetadata.ush" 2625
"../../../Engine/Shaders/Private/ScreenSpaceDenoise/SSDSignalCore.ush" 2626
"../../../Engine/Shaders/Private/ScreenSpaceDenoise/DenoisingCommon.ush" 2627
"../../../Engine/Shaders/Private/ScreenSpaceDenoise/SSDSignalArray.ush" 2628
"../../../Engine/Shaders/Private/ScreenSpaceDenoise/SSDSignalBufferEncoding.ush" 2629
"../../../Engine/Shaders/Private/ScreenSpaceDenoise/SSDPublicBufferEncoding.ush" 2630
"../../../Engine/Shaders/Private/Lumen/LumenBufferEncoding.ush" 2631
"../../../Engine/Shaders/Private/ScreenSpaceDenoise/SSDTemporalAccumulation.usf" 2632
"../../../Engine/Shaders/Private/ScreenSpaceDenoise/SSDSpatialKernel.ush" 2633
"../../../Engine/Shaders/Private/ScreenSpaceDenoise/SSDSignalAccumulatorArray.ush" 2634
"../../../Engine/Shaders/Private/ScreenSpaceDenoise/SSDSignalAccumulator.ush" 2635
"../../../Engine/Shaders/Private/ScreenSpaceDenoise/SSDSignalCompression.ush" 2636
"../../../Engine/Shaders/Private/ScreenSpaceDenoise/SSDSpatialAccumulation.usf" 2637
"../../../Engine/Shaders/Private/ScreenSpaceDenoise/SSDInjest.usf" 2638
"../../../Engine/Shaders/Private/ScreenSpaceDenoise/SSDCompressMetadata.usf" 2639
"../../../Engine/Shaders/Private/DownsampleDepthPixelShader.usf" 2640
"../../../Engine/Shaders/Private/ScreenPass.usf" 2641
"../../../Engine/Shaders/Private/HZB.usf" 2642
"../../../Engine/Shaders/Private/OcclusionFeedbackShaders.usf" 2643
"../../../Engine/Shaders/Private/HZBOcclusion.usf" 2644
"../../../Engine/Shaders/Private/OcclusionQueryPixelShader.usf" 2645
"../../../Engine/Shaders/Private/OcclusionQueryVertexShader.usf" 2646
"../../../Engine/Shaders/Private/HitProxyCopy.usf" 2647
"../../../Engine/Shaders/Private/HitProxyPixelShader.usf" 2648
"../../../Engine/Shaders/Private/HitProxyVertexShader.usf" 2649
"../../../Engine/Shaders/Private/SceneCulling/SceneCullingDebugRender.usf" 2650
"../../../Engine/Shaders/Private/SceneCulling/SceneCullingBuildExplicitBounds.usf" 2651
"../../../Engine/Shaders/Private/SceneCapturePixelShader.usf" 2652
"../../../Engine/Shaders/Private/RendererUtils.usf" 2653
"../../../Engine/Shaders/Private/RTWriteMaskDecode.usf" 2654
"../../../Engine/Shaders/Private/ReflectionEnvironmentShaders.usf" 2655
"../../../Engine/Shaders/Private/RectLightAtlas.usf" 2656
"../../../Engine/Shaders/Private/RayTracing/TraceRayInlineStatistics.usf" 2657
"../../../Engine/Shaders/Private/RayTracing/CompositeSkyLightPS.usf" 2658
"../../../Engine/Shaders/Private/RayTracing/GenerateSkyLightVisibilityRaysCS.usf" 2659
"../../../Engine/Shaders/Private/RayTracing/RayTracingSkyLightCommon.ush" 2660
"../../../Engine/Shaders/Private/RayTracing/SkyLightVisibilityRaysData.ush" 2661
"../../../Engine/Shaders/Private/Raytracing/RaytracingSkylightRGS.usf" 2662
"../../../Engine/Shaders/Private/HairStrands/HairStrandsRaytracing.ush" 2663
"../../../Engine/Shaders/Private/Raytracing/RayTracingSkyLightEvaluation.ush" 2664
"../../../Engine/Shaders/Private/Raytracing/RayTracingDeferredShadingCommon.ush" 2665
"../../../Engine/Shaders/Private/RayTracing/RayTracingOcclusionRGS.usf" 2666
"../../../Engine/Shaders/Private/RayTracing/RayTracingDirectionalLight.ush" 2667
"../../../Engine/Shaders/Private/RayTracing/RayTracingRectLight.ush" 2668
"../../../Engine/Shaders/Private/RayTracing/RayTracingSphereLight.ush" 2669
"../../../Engine/Shaders/Private/RayTracing/RayTracingCapsuleLight.ush" 2670
"../../../Engine/Shaders/Private/Raytracing/RayTracingFeedback.usf" 2671
"../../../Engine/Shaders/Shared/RayTracingDebugTypes.h" 2672
"../../../Engine/Shaders/Private/RayTracing/RayTracingPrimaryRays.usf" 2673
"../../../Engine/Shaders/Private/RayTracing/RayTracingLightingCommon.ush" 2674
"../../../Engine/Shaders/Private/RayTracing/RayTracingLightCullingCommon.ush" 2675
"../../../Engine/Shaders/Private/RayTracing/RayTracingMaterialDefaultHitShaders.usf" 2676
"../../../Engine/Shaders/Private/RayTracing/RayTracingMaterialHitShaders.usf" 2677
"../../../Engine/Shaders/Private/RayTracing/RayTracingShaderUtils.ush" 2678
"../../../Engine/Shaders/Private/RayTracing/RayTracingCalcInterpolants.ush" 2679
"../../../Engine/Shaders/Private/LightmapCommon.ush" 2680
"../../../Engine/Shaders/Private/Lumen/LumenHardwareRayTracingPayloadCommon.ush" 2681
"../../../Engine/Shaders/Shared/LumenDefinitions.h" 2682
"../../../Engine/Shaders/Private/Substrate/SubstrateExport.ush" 2683
"../../../Engine/Shaders/Private/RayTracing/RayTracingLightingMS.usf" 2684
"../../../Engine/Shaders/Private/Lumen/LumenDiffuseColorBoost.ush" 2685
"../../../Engine/Shaders/Private/RayTracing/RayTracingLightFunctionCommon.ush" 2686
"../../../Engine/Shaders/Private/RayTracing/RayTracingBuildLightGrid.usf" 2687
"../../../Engine/Shaders/Private/Raytracing/RayTracingInstanceBufferUtil.usf" 2688
"../../../Engine/Shaders/Private/RayTracing/RayTracingDynamicMesh.usf" 2689
"../../../Engine/Shaders/Private/RayTracing/RayTracingDefaultDecalHitShader.usf" 2690
"../../../Engine/Shaders/Private/RayTracing/RayTracingDecalMaterialShader.usf" 2691
"../../../Engine/Shaders/Private/PathTracing/PathTracingShaderUtils.ush" 2692
"../../../Engine/Shaders/Private/PathTracing/PathTracingCommon.ush" 2693
"../../../Engine/Shaders/Private/PathTracing/Material/PathTracingMaterialCommon.ush" 2694
"../../../Engine/Shaders/Private/PathTracing/Utilities/PathTracingRIS.ush" 2695
"../../../Engine/Shaders/Private/RayTracing/RayTracingBuildDecalGrid.usf" 2696
"../../../Engine/Shaders/Private/RayTracing/RayTracingDebugHitStatsUtils.usf" 2697
"../../../Engine/Shaders/Private/RayTracing/RayTracingDebugInstanceOverlap.usf" 2698
"../../../Engine/Shaders/Private/RayTracing/RayTracingDebugPicking.usf" 2699
"../../../Engine/Shaders/Private/RayTracing/RayTracingDebugUtils.ush" 2700
"../../../Engine/Shaders/Private/RayTracing/RayTracingDebugTraversal.usf" 2701
"../../../Engine/Shaders/Private/RayTracing/RayTracingDeferredMaterials.ush" 2702
"../../../Engine/Shaders/Shared/ThirdParty/AMD/ags_shader_intrinsics_dx12.h" 2703
"../../../Engine/Shaders/Shared/RayTracingDebugDefinitions.h" 2704
"../../../Engine/Shaders/Private/RayTracing/RayTracingDebugHitStatsCHS.usf" 2705
"../../../Engine/Shaders/Private/RayTracing/RayTracingDebugHitStats.usf" 2706
"../../../Engine/Shaders/Private/RayTracing/RayTracingDebugMS.usf" 2707
"../../../Engine/Shaders/Private/RayTracing/RayTracingDebugCHS.usf" 2708
"../../../Engine/Shaders/Private/RayTracing/RayTracingDebug.usf" 2709
"../../../Engine/Shaders/Private/RayTracing/RayTracingBuiltInShaders.usf" 2710
"../../../Engine/Shaders/Private/RayTracing/RayTracingBarycentrics.usf" 2711
"../../../Engine/Shaders/Private/RayTracing/RayTracingAmbientOcclusionRGS.usf" 2712
"../../../Engine/Shaders/Private/VisualizeShadingModels.usf" 2713
"../../../Engine/Shaders/Private/MotionBlur/VisualizeMotionVectors.usf" 2714
"../../../Engine/Shaders/Private/TemporalSuperResolution/TSRVisualize.usf" 2715
"../../../Engine/Shaders/Private/TemporalSuperResolution/TSRColorSpace.ush" 2716
"../../../Engine/Shaders/Private/TemporalSuperResolution/TSRCommon.ush" 2717
"../../../Engine/Shaders/Public/DualPixelVectorization.ush" 2718
"../../../Engine/Shaders/Private/TemporalSuperResolution/TSRReprojectionField.ush" 2719
"../../../Engine/Shaders/Private/TemporalSuperResolution/TSRResolveHistory.usf" 2720
"../../../Engine/Shaders/Private/TemporalSuperResolution/TSRConvolutionNetwork.ush" 2721
"../../../Engine/Shaders/Private/TemporalSuperResolution/TSRKernels.ush" 2722
"../../../Engine/Shaders/Public/LaneVectorization.ush" 2723
"../../../Engine/Shaders/Private/TemporalSuperResolution/TSRUpdateHistory.usf" 2724
"../../../Engine/Shaders/Private/TemporalSuperResolution/TSRSpatialAntiAliasing.ush" 2725
"../../../Engine/Shaders/Private/TemporalSuperResolution/TSRSpatialAntiAliasing.usf" 2726
"../../../Engine/Shaders/Private/TemporalSuperResolution/TSRRejectShading.usf" 2727
"../../../Engine/Shaders/Private/TemporalSuperResolution/TSRShadingAnalysis.ush" 2728
"../../../Engine/Shaders/Private/TemporalSuperResolution/TSRConvolutionNetworkPass.ush" 2729
"../../../Engine/Shaders/Private/TemporalSuperResolution/TSRDecimateHistory.usf" 2730
"../../../Engine/Shaders/Private/TemporalSuperResolution/TSRDepthVelocityAnalysis.ush" 2731
"../../../Engine/Shaders/Private/TemporalSuperResolution/TSRClosestOccluder.ush" 2732
"../../../Engine/Shaders/Private/TemporalSuperResolution/TSRWeightRelaxation.usf" 2733
"../../../Engine/Shaders/Private/TemporalSuperResolution/TSRThinGeometryCommon.ush" 2734
"../../../Engine/Shaders/Private/TemporalSuperResolution/TSRDetectThinGeometry.usf" 2735
"../../../Engine/Shaders/Private/TemporalSuperResolution/TSRDilateVelocity.usf" 2736
"../../../Engine/Shaders/Private/MotionBlur/MotionBlurVelocityFlatten.ush" 2737
"../../../Engine/Shaders/Private/MotionBlur/MotionBlurCommon.ush" 2738
"../../../Engine/Shaders/Private/TemporalSuperResolution/TSRClearPrevTextures.usf" 2739
"../../../Engine/Shaders/Private/TemporalSuperResolution/TSRMeasureCoverage.usf" 2740
"../../../Engine/Shaders/Private/TemporalSuperResolution/TSRMeasureFlickeringLuma.usf" 2741
"../../../Engine/Shaders/Private/TemporalAA.usf" 2742
"../../../Engine/Shaders/Private/SMAA/SMAADebugVisualization.usf" 2743
"../../../Engine/Shaders/Private/SMAA/SMAACommon.ush" 2744
"../../../Engine/Shaders/Private/SMAA/SMAA.ush" 2745
"../../../Engine/Shaders/Private/SMAA/SMAANeighborhoodBlendingShader.usf" 2746
"../../../Engine/Shaders/Private/SMAA/SMAABlendingWeightCalculationShader.usf" 2747
"../../../Engine/Shaders/Private/SMAA/SMAAEdgeDetectionShader.usf" 2748
"../../../Engine/Shaders/Private/FilterPixelShader.usf" 2749
"../../../Engine/Shaders/Private/FilterVertexShader.usf" 2750
"../../../Engine/Shaders/Private/VisualizeVirtualTexture.usf" 2751
"../../../Engine/Shaders/Private/PostProcessVisualizeBuffer.usf" 2752
"../../../Engine/Shaders/Private/PostProcessVisualizeLocalExposure.usf" 2753
"../../../Engine/Shaders/Private/PostProcessHistogramCommon.ush" 2754
"../../../Engine/Shaders/Private/PostProcessVisualizeLevelInstance.usf" 2755
"../../../Engine/Shaders/Private/PostProcessVisualizeHDR.usf" 2756
"../../../Engine/Shaders/Private/ShaderComplexityApplyPixelShader.usf" 2757
"../../../Engine/Shaders/Private/QuadOverdraw.ush" 2758
"../../../Engine/Shaders/Private/PostProcessUpscale.usf" 2759
"../../../Engine/Shaders/Private/PostProcessTonemap.usf" 2760
"../../../Engine/Shaders/Private/PostProcessing/FilmGrainPackConstants.usf" 2761
"../../../Engine/Shaders/Private/PostProcessing/FilmGrainReduce.usf" 2762
"../../../Engine/Shaders/Private/PostProcessTestImage.usf" 2763
"../../../Engine/Shaders/Private/PostProcessSubsurface.usf" 2764
"../../../Engine/Shaders/Private/SeparableSSS.ush" 2765
"../../../Engine/Shaders/Private/SubsurfaceBurleyNormalized.ush" 2766
"../../../Engine/Shaders/Private/PostProcessSelectionOutline.usf" 2767
"../../../Engine/Shaders/Private/MotionBlur/MotionBlurVisualize.usf" 2768
"../../../Engine/Shaders/Private/MotionBlur/MotionBlurApply.usf" 2769
"../../../Engine/Shaders/Private/MotionBlur/MotionBlurFilterTileClassify.usf" 2770
"../../../Engine/Shaders/Private/MotionBlur/MotionBlurTileScatter.usf" 2771
"../../../Engine/Shaders/Private/MotionBlur/MotionBlurTileGather.usf" 2772
"../../../Engine/Shaders/Private/MotionBlur/MotionBlurVelocityFlatten.usf" 2773
"../../../Engine/Shaders/Private/PostProcessMobile.usf" 2774
"../../../Engine/Shaders/Private/PostProcessMitchellNetravali.usf" 2775
"../../../Engine/Shaders/Private/PostProcessMaterialShaders.usf" 2776
"../../../Engine/Shaders/Private/NeuralPostProcessCommon.usf" 2777
"../../../Engine/Shaders/Private/PostProcessLocalExposure.usf" 2778
"../../../Engine/Shaders/Private/PostProcessLensFlares.usf" 2779
"../../../Engine/Shaders/Private/PostProcessGBufferHints.usf" 2780
"../../../Engine/Shaders/Private/PostProcessHMD.usf" 2781
"../../../Engine/Shaders/Private/Histogram.usf" 2782
"../../../Engine/Shaders/Private/PostProcessExposureMaterial.ush" 2783
"../../../Engine/Shaders/Private/PostProcessHistogramReduce.usf" 2784
"../../../Engine/Shaders/Private/PostProcessHistogram.usf" 2785
"../../../Engine/Shaders/Private/Bloom/BloomFinalizeApplyConstants.usf" 2786
"../../../Engine/Shaders/Private/Bloom/BloomCommon.ush" 2787
"../../../Engine/Shaders/Private/Bloom/BloomResizeKernel.usf" 2788
"../../../Engine/Shaders/Private/Bloom/BloomDownsampleKernel.usf" 2789
"../../../Engine/Shaders/Private/Bloom/BloomClampKernel.usf" 2790
"../../../Engine/Shaders/Private/Bloom/BloomPackKernelConstants.usf" 2791
"../../../Engine/Shaders/Private/Bloom/BloomSumScatterDispersionEnergy.usf" 2792
"../../../Engine/Shaders/Private/Bloom/BloomReduceKernelSurvey.usf" 2793
"../../../Engine/Shaders/Private/Bloom/BloomSurveyKernelCenterEnergy.usf" 2794
"../../../Engine/Shaders/Private/Bloom/BloomSurveyMaxScatterDispersion.usf" 2795
"../../../Engine/Shaders/Private/Bloom/BloomFindKernelCenter.usf" 2796
"../../../Engine/Shaders/Private/PostProcessEyeAdaptation.usf" 2797
"../../../Engine/Shaders/Private/PostProcessEyeAdaptationUtils.usf" 2798
"../../../Engine/Shaders/Private/PostProcessDownsample.usf" 2799
"../../../Engine/Shaders/Private/PostProcessDOF.usf" 2800
"../../../Engine/Shaders/Private/PostProcessDeviceEncodingOnly.usf" 2801
"../../../Engine/Shaders/Private/PostProcessCompositePrimitives.usf" 2802
"../../../Engine/Shaders/Private/PostProcessCombineLUTs.usf" 2803
"../../../Engine/Shaders/Private/PostProcessVisualizeDOF.usf" 2804
"../../../Engine/Shaders/Private/PostProcessBloom.usf" 2805
"../../../Engine/Shaders/Private/PostProcessAmbientOcclusionMobile.usf" 2806
"../../../Engine/Shaders/Private/PostProcessAmbientOcclusionCommon.ush" 2807
"../../../Engine/Shaders/Private/FXAAShader.usf" 2808
"../../../Engine/Shaders/Private/Fxaa3_11.ush" 2809
"../../../Engine/Shaders/Private/PaniniProjection.usf" 2810
"../../../Engine/Shaders/Private/DiaphragmDOF/DOFRecombine.usf" 2811
"../../../Engine/Shaders/Private/DiaphragmDOF/DOFHybridScatterPixelShader.usf" 2812
"../../../Engine/Shaders/Private/DiaphragmDOF/DOFHybridScatterCommon.ush" 2813
"../../../Engine/Shaders/Private/DiaphragmDOF/DOFVignetteCommon.ush" 2814
"../../../Engine/Shaders/Private/DiaphragmDOF/DOFHybridScatterVertexShader.usf" 2815
"../../../Engine/Shaders/Private/DiaphragmDOF/DOFPostfiltering.usf" 2816
"../../../Engine/Shaders/Private/DiaphragmDOF/DOFGatherTileSuggest.ush" 2817
"../../../Engine/Shaders/Private/DiaphragmDOF/DOFCocTileCommon.ush" 2818
"../../../Engine/Shaders/Private/DiaphragmDOF/DOFGatherPass.usf" 2819
"../../../Engine/Shaders/Private/DiaphragmDOF/DOFGatherCommon.ush" 2820
"../../../Engine/Shaders/Private/DiaphragmDOF/DOFGatherAccumulator.ush" 2821
"../../../Engine/Shaders/Private/DiaphragmDOF/DOFGatherKernel.ush" 2822
"../../../Engine/Shaders/Private/DiaphragmDOF/DOFBokehLUT.usf" 2823
"../../../Engine/Shaders/Private/DiaphragmDOF/DOFHybridScatterCompilation.usf" 2824
"../../../Engine/Shaders/Private/DiaphragmDOF/DOFReduce.usf" 2825
"../../../Engine/Shaders/Private/DiaphragmDOF/DOFDownsample.ush" 2826
"../../../Engine/Shaders/Private/DiaphragmDOF/DOFHybridScatterCompilation.ush" 2827
"../../../Engine/Shaders/Private/DiaphragmDOF/DOFDownsample.usf" 2828
"../../../Engine/Shaders/Private/DiaphragmDOF/DOFCocTileDilate.usf" 2829
"../../../Engine/Shaders/Private/DiaphragmDOF/DOFCocTileFlatten.usf" 2830
"../../../Engine/Shaders/Private/DiaphragmDOF/DOFSetup.usf" 2831
"../../../Engine/Shaders/Private/Tools/DebugAlphaChannel.usf" 2832
"../../../Engine/Shaders/Private/PostProcessAlphaInvert.usf" 2833
"../../../Engine/Shaders/Private/PlanarReflectionShaders.usf" 2834
"../../../Engine/Shaders/Private/PhysicsFieldVisualizer.usf" 2835
"../../../Engine/Shaders/Private/PathTracing/PathTracingSpatialTemporalDenoising.usf" 2836
"../../../Engine/Shaders/Private/ColorDifference.ush" 2837
"../../../Engine/Shaders/Private/PathTracing/PathTracingCompositingPixelShader.usf" 2838
"../../../Engine/Shaders/Private/PathTracing/PathTracingAdaptiveUtils.ush" 2839
"../../../Engine/Shaders/Private/PathTracing/PathTracingDefaultHitShader.usf" 2840
"../../../Engine/Shaders/Private/PathTracing/PathTracingGPULightmassMaterialHitShader.usf" 2841
"../../../Engine/Shaders/Private/PathTracing/PathTracingMaterialHitShader.usf" 2842
"../../../Engine/Shaders/Private/PathTracing/Material/PathTracingSubstrateCommon.ush" 2843
"../../../Engine/Shaders/Private/PathTracing/PathTracingLightingMissShader.usf" 2844
"../../../Engine/Shaders/Private/PathTracing/PathTracingMissShader.usf" 2845
"../../../Engine/Shaders/Private/PathTracing/PathTracingAdaptiveStart.usf" 2846
"../../../Engine/Shaders/Private/PathTracing/PathTracingBuildAdaptiveError.usf" 2847
"../../../Engine/Shaders/Private/PathTracing/PathTracingVolumetricCloudMaterialShader.usf" 2848
"../../../Engine/Shaders/Private/PathTracing/Volume/PathTracingCloudsMaterialCommon.ush" 2849
"../../../Engine/Shaders/Private/PathTracing/Volume/PathTracingVolumeCommon.ush" 2850
"../../../Engine/Shaders/Private/PathTracing/Volume/PathTracingCloudsCommon.ush" 2851
"../../../Engine/Shaders/Private/PathTracing/Volume/PathTracingFog.ush" 2852
"../../../Engine/Shaders/Private/PathTracing/Volume/PathTracingAtmosphere.ush" 2853
"../../../Engine/Shaders/Private/PathTracing/Volume/PathTracingAtmosphereCommon.ush" 2854
"../../../Engine/Shaders/Private/PathTracing/Volume/PathTracingVolumeSampling.ush" 2855
"../../../Engine/Shaders/Private/PathTracing/PathTracingBuildCloudAccelerationMap.usf" 2856
"../../../Engine/Shaders/Private/PathTracing/PathTracingBuildAtmosphereLUT.usf" 2857
"../../../Engine/Shaders/Private/PathTracing/PathTracingSwizzleScanlines.usf" 2858
"../../../Engine/Shaders/Private/PathTracing/PathTracingInitExtinctionCoefficient.usf" 2859
"../../../Engine/Shaders/Private/PathTracing/PathTracingCopyDepth.usf" 2860
"../../../Engine/Shaders/Private/PathTracing/PathTracingDebug.usf" 2861
"../../../Engine/Shaders/Private/RayTracing/RayTracingDecalGrid.ush" 2862
"../../../Engine/Shaders/Private/PathTracing/Material/PathTracingMaterialSampling.ush" 2863
"../../../Engine/Shaders/Private/PathTracing/Material/PathTracingLambert.ush" 2864
"../../../Engine/Shaders/Private/PathTracing/Material/PathTracingSubstrate.ush" 2865
"../../../Engine/Shaders/Private/PathTracing/Material/PathTracingSubstrateFoliage.ush" 2866
"../../../Engine/Shaders/Private/PathTracing/Material/PathTracingSubstrateSolidGlass.ush" 2867
"../../../Engine/Shaders/Private/PathTracing/Material/PathTracingSubstrateThinGlass.ush" 2868
"../../../Engine/Shaders/Private/PathTracing/Material/PathTracingSolidGlass.ush" 2869
"../../../Engine/Shaders/Private/PathTracing/Material/PathTracingEnergyConservation.ush" 2870
"../../../Engine/Shaders/Private/PathTracing/Material/PathTracingThinGlass.ush" 2871
"../../../Engine/Shaders/Private/PathTracing/Material/PathTracingDefaultLit.ush" 2872
"../../../Engine/Shaders/Private/PathTracing/Material/PathTracingClearCoat.ush" 2873
"../../../Engine/Shaders/Private/PathTracing/Material/PathTracingTwoSidedFoliage.ush" 2874
"../../../Engine/Shaders/Private/PathTracing/Material/PathTracingCloth.ush" 2875
"../../../Engine/Shaders/Private/PathTracing/Material/PathTracingSubsurfaceProfile.ush" 2876
"../../../Engine/Shaders/Private/PathTracing/Material/PathTracingEye.ush" 2877
"../../../Engine/Shaders/Private/PathTracing/Material/PathTracingHair.ush" 2878
"../../../Engine/Shaders/Private/PathTracing/Material/PathTracingMedium.ush" 2879
"../../../Engine/Shaders/Private/PathTracing/Light/PathTracingLightSampling.ush" 2880
"../../../Engine/Shaders/Private/PathTracing/Light/PathTracingLightCommon.ush" 2881
"../../../Engine/Shaders/Private/PathTracing/Light/PathTracingDirectionalLight.ush" 2882
"../../../Engine/Shaders/Private/PathTracing/Light/PathTracingPointLight.ush" 2883
"../../../Engine/Shaders/Private/PathTracing/Light/PathTracingCapsuleLight.ush" 2884
"../../../Engine/Shaders/Private/PathTracing/Light/PathTracingRectLight.ush" 2885
"../../../Engine/Shaders/Private/PathTracing/Light/PathTracingSkyLight.ush" 2886
"../../../Engine/Shaders/Private/PathTracing/Light/PathTracingLightGrid.ush" 2887
"../../../Engine/Shaders/Private/PathTracing/PathTracing.usf" 2888
"../../../Engine/Shaders/Private/PathTracing/PathTracingCore.ush" 2889
"../../../Engine/Shaders/Private/HeterogeneousVolumes/HeterogeneousVolumesVoxelGridTypes.ush" 2890
"../../../Engine/Shaders/Private/PathTracing/Volume/PathTracingVolume.ush" 2891
"../../../Engine/Shaders/Private/PathTracing/Volume/PathTracingClouds.ush" 2892
"../../../Engine/Shaders/Private/PathTracing/Volume/PathTracingHeterogeneousVolumes.ush" 2893
"../../../Engine/Shaders/Private/HeterogeneousVolumes/HeterogeneousVolumesTracingUtils.ush" 2894
"../../../Engine/Shaders/Private/HeterogeneousVolumes/HeterogeneousVolumesVoxelGridTraversal.ush" 2895
"../../../Engine/Shaders/Private/HeterogeneousVolumes/HeterogeneousVolumesVoxelGridUtils.ush" 2896
"../../../Engine/Shaders/Private/HeterogeneousVolumes/HeterogeneousVolumesFrustumVoxelGridUtils.ush" 2897
"../../../Engine/Shaders/Private/PathTracing/PathTracingBuildLightGrid.usf" 2898
"../../../Engine/Shaders/Private/PathTracing/PathTracingSkylightMISCompensation.usf" 2899
"../../../Engine/Shaders/Private/PathTracing/PathTracingSkylightPrepare.usf" 2900
"../../../Engine/Shaders/Private/OIT/OITSorting.usf" 2901
"../../../Engine/Shaders/Private/OITCombine.usf" 2902
"../../../Engine/Shaders/Private/OITCommon.ush" 2903
"../../../Engine/Shaders/Private/Nanite/Voxel/RasterizeBricks.usf" 2904
"../../../Engine/Shaders/Private/Nanite/Voxel/Brick.ush" 2905
"../../../Engine/Shaders/Private/Nanite/Voxel/Voxel.ush" 2906
"../../../Engine/Shaders/Private/Nanite/Voxel/ScatterBricks.usf" 2907
"../../../Engine/Shaders/Private/Nanite/Voxel/TileBricks.usf" 2908
"../../../Engine/Shaders/Private/Nanite/Voxel/AutoVoxel.usf" 2909
"../../../Engine/Shaders/Private/Nanite/NaniteDebugViews.usf" 2910
"../../../Engine/Shaders/Private/Nanite/NaniteEditorCommon.ush" 2911
"../../../Engine/Shaders/Private/BinarySearch.ush" 2912
"../../../Engine/Shaders/Private/Nanite/NaniteDepthDecode.usf" 2913
"../../../Engine/Shaders/Private/HTileEncoding.ush" 2914
"../../../Engine/Shaders/Private/Nanite/NaniteVisualize.usf" 2915
"../../../Engine/Shaders/Private/Nanite/NaniteStreamOut.usf" 2916
"../../../Engine/Shaders/Private/Nanite/NaniteHierarchyTraversal.ush" 2917
"../../../Engine/Shaders/Private/Nanite/NaniteShadeBinning.usf" 2918
"../../../Engine/Shaders/Private/Nanite/NaniteShadeCommon.ush" 2919
"../../../Engine/Shaders/Private/Nanite/NaniteFastClear.usf" 2920
"../../../Engine/Shaders/Private/Nanite/NaniteRayTracing.usf" 2921
"../../../Engine/Shaders/Private/Nanite/NaniteExportGBuffer.usf" 2922
"../../../Engine/Shaders/Private/Nanite/NaniteClusterCulling.usf" 2923
"../../../Engine/Shaders/Private/Nanite/NanitePrintStats.usf" 2924
"../../../Engine/Shaders/Private/Nanite/NaniteRasterizer.usf" 2925
"../../../Engine/Shaders/Private/Nanite/NaniteRasterizationCommon.ush" 2926
"../../../Engine/Shaders/Private/Nanite/NaniteRasterizer.ush" 2927
"../../../Engine/Shaders/Private/Nanite/NaniteWritePixel.ush" 2928
"../../../Engine/Shaders/Private/Nanite/NaniteTessellation.ush" 2929
"../../../Engine/Shaders/Private/WorkDistribution.ush" 2930
"../../../Engine/Shaders/Private/Nanite/NaniteDice.ush" 2931
"../../../Engine/Shaders/Private/ShaderBundleWorkGraphCommon.ush" 2932
"../../../Engine/Shaders/Public/RootConstants.ush" 2933
"../../../Engine/Shaders/Public/Platform/D3D/D3DRootConstants.ush" 2934
"../../../Engine/Shaders/Private/Nanite/NaniteSplit.usf" 2935
"../../../Engine/Shaders/Private/Nanite/NaniteRasterBinning.usf" 2936
"../../../Engine/Shaders/Private/Nanite/NaniteInstanceCulling.usf" 2937
"../../../Engine/Shaders/Private/Nanite/NaniteImposter.ush" 2938
"../../../Engine/Shaders/Private/Nanite/NaniteInstanceHierarchyCulling.usf" 2939
"../../../Engine/Shaders/Private/WorkGroupLoadBalancer.ush" 2940
"../../../Engine/Shaders/Private/Nanite/NanitePrimitiveFilter.usf" 2941
"../../../Engine/Shaders/Private/Nanite/NaniteRasterClear.usf" 2942
"../../../Engine/Shaders/Private/Nanite/NaniteDepthExport.usf" 2943
"../../../Engine/Shaders/Private/Nanite/NaniteEmitShadow.usf" 2944
"../../../Engine/Shaders/Private/MobileDeferredUtils.usf" 2945
"../../../Engine/Shaders/Private/MobileLocalLightsBuffer.usf" 2946
"../../../Engine/Shaders/Private/MobileFog.usf" 2947
"../../../Engine/Shaders/Private/DistortApplyScreenPS.usf" 2948
"../../../Engine/Shaders/Private/MobileDeferredShading.usf" 2949
"../../../Engine/Shaders/Private/MobileBasePassPixelShader.usf" 2950
"../../../Engine/Shaders/Private/MobileBasePassCommon.ush" 2951
"../../../Engine/Shaders/Private/BasePassCommon.ush" 2952
"../../../Engine/Shaders/Private/ShadingModelsMaterial.ush" 2953
"../../../Engine/Shaders/Private/ThinTranslucentCommon.ush" 2954
"../../../Engine/Shaders/Private/SingleLayerWaterShading.ush" 2955
"../../../Engine/Shaders/Private/DistortionCommon.ush" 2956
"../../../Engine/Shaders/Private/Substrate/SubstrateMobileForwardLighting.ush" 2957
"../../../Engine/Shaders/Private/MobileBasePassVertexShader.usf" 2958
"../../../Engine/Shaders/Private/MeshEdges.usf" 2959
"../../../Engine/Shaders/Private/MegaLights/MegaLightsSampling.usf" 2960
"../../../Engine/Shaders/Shared/MegaLightsDefinitions.h" 2961
"../../../Engine/Shaders/Private/MegaLights/MegaLightsShading.ush" 2962
"../../../Engine/Shaders/Private/MegaLights/MegaLights.ush" 2963
"../../../Engine/Shaders/Private/MegaLights/MegaLightsMaterial.ush" 2964
"../../../Engine/Shaders/Private/MegaLights/MegaLightsRayTracing.ush" 2965
"../../../Engine/Shaders/Private/MegaLights/MegaLightsSampling.ush" 2966
"../../../Engine/Shaders/Private/MegaLights/MegaLightsVolumeSampling.usf" 2967
"../../../Engine/Shaders/Private/MegaLights/MegaLightsVolume.ush" 2968
"../../../Engine/Shaders/Private/MegaLights/MegaLights.usf" 2969
"../../../Engine/Shaders/Private/HairStrands/HairStrandsScreenTracing.ush" 2970
"../../../Engine/Shaders/Private/MegaLights/MegaLightsFilterVisibleLightHash.usf" 2971
"../../../Engine/Shaders/Private/MegaLights/MegaLightsShading.usf" 2972
"../../../Engine/Shaders/Private/Lumen/LumenReflectionDenoiserCommon.ush" 2973
"../../../Engine/Shaders/Private/MegaLights/MegaLightsVisibleLightHash.usf" 2974
"../../../Engine/Shaders/Private/MegaLights/MegaLightsVolumeShading.usf" 2975
"../../../Engine/Shaders/Private/MegaLights/MegaLightsVSMMarking.usf" 2976
"../../../Engine/Shaders/Private/MegaLights/MegaLightsVSMTracing.usf" 2977
"../../../Engine/Shaders/Private/MegaLights/MegaLightsRayTracing.usf" 2978
"../../../Engine/Shaders/Private/DistanceField/GlobalDistanceFieldUtils.ush" 2979
"../../../Engine/Shaders/Private/Lumen/LumenScreenTracing.ush" 2980
"../../../Engine/Shaders/Private/MegaLights/MegaLightsVolumeRayTracing.usf" 2981
"../../../Engine/Shaders/Private/MegaLights/MegaLightsVolumeHardwareRayTracing.usf" 2982
"../../../Engine/Shaders/Private/Lumen/LumenHardwareRayTracingCommon.ush" 2983
"../../../Engine/Shaders/Private/RayTracing/RayTracingReflectionEnvironment.ush" 2984
"../../../Engine/Shaders/Private/Lumen/LumenHardwareRayTracingPlatformCommon.ush" 2985
"../../../Engine/Shaders/Private/Lumen/LumenTracingCommon.ush" 2986
"../../../Engine/Shaders/Private/Lumen/SurfaceCache/LumenSurfaceCacheSampling.ush" 2987
"../../../Engine/Shaders/Private/Lumen/SurfaceCache/LumenSurfaceCache.ush" 2988
"../../../Engine/Shaders/Private/Lumen/LumenCardCommon.ush" 2989
"../../../Engine/Shaders/Private/Lumen/LumenCardTileShadowDownsampleFactor.ush" 2990
"../../../Engine/Shaders/Private/MegaLights/MegaLightsHardwareRayTracing.usf" 2991
"../../../Engine/Shaders/Private/MegaLights/MegaLightsDebug.usf" 2992
"../../../Engine/Shaders/Private/MegaLights/MegaLightsDenoiserSpatial.usf" 2993
"../../../Engine/Shaders/Private/MegaLights/MegaLightsDenoiserTemporal.usf" 2994
"../../../Engine/Shaders/Private/MaterialCache/MaterialCacheABufferPages.usf" 2995
"../../../Engine/Shaders/Private/MaterialCache/MaterialCacheShade.usf" 2996
"../../../Engine/Shaders/Private/MaterialCache/MaterialCacheShadeCommon.ush" 2997
"../../../Engine/Shaders/Private/MaterialCache/MaterialCacheUnwrapNaniteShade.usf" 2998
"../../../Engine/Shaders/Private/MaterialCache/MaterialCacheUnwrapPixelShader.usf" 2999
"../../../Engine/Shaders/Private/MaterialCache/MaterialCacheUnwrapVertexShader.usf" 3000
"../../../Engine/Shaders/Private/Lumen/LumenVisualizeRadianceCache.usf" 3001
"../../../Engine/Shaders/Private/Lumen/LumenRadianceCacheCommon.ush" 3002
"../../../Engine/Shaders/Private/Lumen/LumenVisualizeHardwareRayTracing.usf" 3003
"../../../Engine/Shaders/Private/Lumen/LumenVisualize.ush" 3004
"../../../Engine/Shaders/Private/Lumen/LumenHairTracing.ush" 3005
"../../../Engine/Shaders/Private/Lumen/LumenVisualize.usf" 3006
"../../../Engine/Shaders/Private/Lumen/LumenSoftwareRayTracing.ush" 3007
"../../../Engine/Shaders/Private/DistanceField/GlobalDistanceFieldObjectGrid.ush" 3008
"../../../Engine/Shaders/Private/DistanceFieldLightingShared.ush" 3009
"../../../Engine/Shaders/Private/Lumen/LumenVisualizeTraces.ush" 3010
"../../../Engine/Shaders/Private/Lumen/LumenTranslucencyVolumeLighting.usf" 3011
"../../../Engine/Shaders/Private/Lumen/LumenRadianceCacheMarkCommon.ush" 3012
"../../../Engine/Shaders/Private/Lumen/LumenTranslucencyVolumeLightingShared.ush" 3013
"../../../Engine/Shaders/Private/Lumen/LumenScreenProbeCommon.ush" 3014
"../../../Engine/Shaders/Private/RayTracing/RayGenUtils.ush" 3015
"../../../Engine/Shaders/Private/Lumen/LumenRadianceCacheTracingCommon.ush" 3016
"../../../Engine/Shaders/Private/Lumen/LumenTranslucencyVolumeHardwareRayTracing.usf" 3017
"../../../Engine/Shaders/Private/Lumen/LumenTranslucencyRadianceCacheMarkShaders.usf" 3018
"../../../Engine/Shaders/Private/Lumen/SurfaceCache/LumenSurfaceCache.usf" 3019
"../../../Engine/Shaders/Private/Lumen/LumenVirtualTextureCommon.ush" 3020
"../../../Engine/Shaders/Private/Lumen/LumenShortRangeAOHardwareRayTracing.usf" 3021
"../../../Engine/Shaders/Private/Lumen/LumenScreenSpaceBentNormal.ush" 3022
"../../../Engine/Shaders/Private/Lumen/LumenScreenSpaceBentNormal.usf" 3023
"../../../Engine/Shaders/Private/Lumen/LumenScreenProbeTracing.usf" 3024
"../../../Engine/Shaders/Private/Lumen/LumenScreenProbeTracingCommon.ush" 3025
"../../../Engine/Shaders/Private/Lumen/LumenFloatQuantization.ush" 3026
"../../../Engine/Shaders/Private/Lumen/LumenScreenProbeImportanceSampling.usf" 3027
"../../../Engine/Shaders/Private/Lumen/LumenScreenProbeImportanceSamplingShared.ush" 3028
"../../../Engine/Shaders/Private/Lumen/LumenScreenProbeHardwareRayTracing.usf" 3029
"../../../Engine/Shaders/Private/Lumen/LumenScreenProbeDebug.usf" 3030
"../../../Engine/Shaders/Private/Lumen/LumenScreenProbeGather.usf" 3031
"../../../Engine/Shaders/Private/Lumen/LumenScreenProbeGatherTemporal.usf" 3032
"../../../Engine/Shaders/Private/Lumen/LumenScreenProbeFiltering.usf" 3033
"../../../Engine/Shaders/Private/Lumen/LumenSceneLighting.usf" 3034
"../../../Engine/Shaders/Private/Lumen/LumenCardTile.ush" 3035
"../../../Engine/Shaders/Private/Lumen/LumenSceneLighting.ush" 3036
"../../../Engine/Shaders/Private/Lumen/Radiosity/LumenRadiosity.ush" 3037
"../../../Engine/Shaders/Private/Lumen/LumenSceneLightingDebug.usf" 3038
"../../../Engine/Shaders/Private/Lumen/LumenScene.usf" 3039
"../../../Engine/Shaders/Private/Lumen/LumenSceneDirectLightingHardwareRayTracing.usf" 3040
"../../../Engine/Shaders/Private/Lumen/LumenSceneDirectLightingStochastic.ush" 3041
"../../../Engine/Shaders/Private/Lumen/LumenSceneDirectLighting.ush" 3042
"../../../Engine/Shaders/Private/Lumen/LumenSceneDebugHardwareRayTracing.usf" 3043
"../../../Engine/Shaders/Private/Lumen/LumenSceneDirectLightingStochastic.usf" 3044
"../../../Engine/Shaders/Private/Lumen/LumenSceneDirectLightingSoftwareRayTracing.usf" 3045
"../../../Engine/Shaders/Private/DistanceFieldShadowingShared.ush" 3046
"../../../Engine/Shaders/Private/Lumen/LumenSceneDirectLightingPerLightShadowCommon.ush" 3047
"../../../Engine/Shaders/Private/Lumen/LumenSceneDirectLightingShadowMask.usf" 3048
"../../../Engine/Shaders/Private/Lumen/LumenSceneDirectLighting.usf" 3049
"../../../Engine/Shaders/Private/Lumen/LumenSceneDirectLightingCulling.usf" 3050
"../../../Engine/Shaders/Private/Lumen/LumenCardComputeShader.usf" 3051
"../../../Engine/Shaders/Private/Lumen/LumenCardBasePass.ush" 3052
"../../../Engine/Shaders/Private/Lumen/LumenCardPixelShader.usf" 3053
"../../../Engine/Shaders/Private/Lumen/LumenCardVertexShader.usf" 3054
"../../../Engine/Shaders/Private/Lumen/LumenReSTIRGather.usf" 3055
"../../../Engine/Shaders/Private/Lumen/LumenReflectionTracing.usf" 3056
"../../../Engine/Shaders/Private/Lumen/LumenReflectionDenoiserSpatial.usf" 3057
"../../../Engine/Shaders/Private/Lumen/LumenReflectionDenoiserClear.usf" 3058
"../../../Engine/Shaders/Private/Lumen/LumenReflectionDenoiserTemporal.usf" 3059
"../../../Engine/Shaders/Private/Lumen/LumenReflectionResolve.usf" 3060
"../../../Engine/Shaders/Private/Lumen/LumenReflections.usf" 3061
"../../../Engine/Shaders/Private/Lumen/RayTracedTranslucency.usf" 3062
"../../../Engine/Shaders/Private/Lumen/LumenReflectionHardwareRayTracing.usf" 3063
"../../../Engine/Shaders/Private/Lumen/Radiosity/LumenVisualizeRadiosityProbes.usf" 3064
"../../../Engine/Shaders/Private/Lumen/Radiosity/LumenRadiosity.usf" 3065
"../../../Engine/Shaders/Private/Lumen/Radiosity/LumenRadiosityHardwareRayTracing.usf" 3066
"../../../Engine/Shaders/Private/Lumen/Radiosity/LumenRadiosityCulling.usf" 3067
"../../../Engine/Shaders/Private/Lumen/LumenRadianceCacheHardwareRayTracing.usf" 3068
"../../../Engine/Shaders/Private/Lumen/LumenRadianceCache.usf" 3069
"../../../Engine/Shaders/Private/Lumen/LumenRadianceCacheUpdate.ush" 3070
"../../../Engine/Shaders/Private/Lumen/LumenRadianceCacheDebug.usf" 3071
"../../../Engine/Shaders/Private/Lumen/LumenRadianceCacheUpdate.usf" 3072
"../../../Engine/Shaders/Private/Lumen/LumenMeshSDFCulling.usf" 3073
"../../../Engine/Shaders/Private/HybridIndirectLighting.ush" 3074
"../../../Engine/Shaders/Private/MeshDistanceFieldCommon.ush" 3075
"../../../Engine/Shaders/Private/Lumen/LumenIrradianceFieldGather.usf" 3076
"../../../Engine/Shaders/Private/Lumen/LumenHardwareRayTracingMaterials.usf" 3077
"../../../Engine/Shaders/Private/Lumen/LumenFrontLayerTranslucency.usf" 3078
"../../../Engine/Shaders/Private/LocalFogVolumes/LocalFogVolumeSplat.usf" 3079
"../../../Engine/Shaders/Private/LocalFogVolumes/LocalFogVolumeTiledCulling.usf" 3080
"../../../Engine/Shaders/Private/LightShaftShader.usf" 3081
"../../../Engine/Shaders/Private/StationaryLightOverlapShaders.usf" 3082
"../../../Engine/Shaders/Private/DeferredLightPixelShaders.usf" 3083
"../../../Engine/Shaders/Private/DeferredLightVertexShaders.usf" 3084
"../../../Engine/Shaders/Private/LightMapDensityShader.usf" 3085
"../../../Engine/Shaders/Private/LightGridInjection.usf" 3086
"../../../Engine/Shaders/Shared/LightGridDefinitions.h" 3087
"../../../Engine/Shaders/Private/LightFunctionPixelShader.usf" 3088
"../../../Engine/Shaders/Private/LightFunctionVertexShader.usf" 3089
"../../../Engine/Shaders/Private/LightFunctionAtlas/LightFunctionAtlasRender.usf" 3090
"../../../Engine/Shaders/Private/InstanceCulling/InstanceCullingOcclusionQuery.usf" 3091
"../../../Engine/Shaders/Private/InstanceCulling/InstanceCullingSetup.ush" 3092
"../../../Engine/Shaders/Private/InstanceCulling/BuildInstanceDrawCommands.usf" 3093
"../../../Engine/Shaders/Private/InstanceCulling/InstanceCompactionCommon.ush" 3094
"../../../Engine/Shaders/Private/SceneDataMobileWriter.ush" 3095
"../../../Engine/Shaders/Private/InstanceCulling/CompactVisibleInstances.usf" 3096
"../../../Engine/Shaders/Private/ReflectionEnvironmentPixelShader.usf" 3097
"../../../Engine/Shaders/Private/AmbientCubemapComposite.usf" 3098
"../../../Engine/Shaders/Private/DiffuseIndirectComposite.usf" 3099
"../../../Engine/Shaders/Private/IESAtlas.usf" 3100
"../../../Engine/Shaders/Private/HeterogeneousVolumes/HeterogeneousVolumesVisualizeCascades.usf" 3101
"../../../Engine/Shaders/Private/HeterogeneousVolumes/HeterogeneousVolumesVoxelGridShadows.usf" 3102
"../../../Engine/Shaders/Private/HeterogeneousVolumes/HeterogeneousVolumesStochasticFiltering.ush" 3103
"../../../Engine/Shaders/Private/HeterogeneousVolumes/HeterogeneousVolumesVoxelGridRenderingUtils.ush" 3104
"../../../Engine/Shaders/Private/HeterogeneousVolumes/HeterogeneousVolumesLightingUtils.ush" 3105
"../../../Engine/Shaders/Private/HeterogeneousVolumes/HeterogeneousVolumesRayMarchingUtils.ush" 3106
"../../../Engine/Shaders/Private/HeterogeneousVolumes/HeterogeneousVolumesRayMarchingTypes.ush" 3107
"../../../Engine/Shaders/Private/HeterogeneousVolumes/HeterogeneousVolumesTransmittanceVolumeUtils.ush" 3108
"../../../Engine/Shaders/Private/HeterogeneousVolumes/HeterogeneousVolumesAdaptiveVolumetricShadowMapSampler.ush" 3109
"../../../Engine/Shaders/Private/HeterogeneousVolumes/HeterogeneousVolumesVoxelGridRendering.usf" 3110
"../../../Engine/Shaders/Private/HeterogeneousVolumes/HeterogeneousVolumesVoxelGridPipeline.usf" 3111
"../../../Engine/Shaders/Private/HeterogeneousVolumes/HeterogeneousVolumesMaterialBakingPipeline.usf" 3112
"../../../Engine/Shaders/Private/HeterogeneousVolumes/HeterogeneousVolumesLiveShadingUtils.ush" 3113
"../../../Engine/Shaders/Private/HeterogeneousVolumes/HeterogeneousVolumesFrustumVoxelGrid.usf" 3114
"../../../Engine/Shaders/Private/HeterogeneousVolumes/HeterogeneousVolumesSparseVoxelPipeline.usf" 3115
"../../../Engine/Shaders/Private/HeterogeneousVolumes/HeterogeneousVolumesSparseVoxelUtils.ush" 3116
"../../../Engine/Shaders/Private/HeterogeneousVolumes/HeterogeneousVolumesSparseVoxelUniformBufferUtils.ush" 3117
"../../../Engine/Shaders/Private/HeterogeneousVolumes/HeterogeneousVolumesPreshadingPipeline.usf" 3118
"../../../Engine/Shaders/Private/HeterogeneousVolumes/HeterogeneousVolumesShadowMask.usf" 3119
"../../../Engine/Shaders/Private/HeterogeneousVolumes/HeterogeneousVolumesLiveShadingShadows.usf" 3120
"../../../Engine/Shaders/Private/HeterogeneousVolumes/HeterogeneousVolumesLiveShadingGlobalPipeline.usf" 3121
"../../../Engine/Shaders/Private/HeterogeneousVolumes/HeterogeneousVolumesLiveShadingPipeline.usf" 3122
"../../../Engine/Shaders/Private/HeterogeneousVolumes/HeterogeneousVolumesHardwareRayTracing.usf" 3123
"../../../Engine/Shaders/Private/HeterogeneousVolumes/HeterogeneousVolumesAmbientOcclusionPipeline.usf" 3124
"../../../Engine/Shaders/Private/HeterogeneousVolumes/HeterogeneousVolumesComposite.usf" 3125
"../../../Engine/Shaders/Private/HdrCustomResolveShaders.usf" 3126
"../../../Engine/Shaders/Private/HairStrands/RenderCurveRaster.usf" 3127
"../../../Engine/Shaders/Shared/RenderCurveDefinitions.h" 3128
"../../../Engine/Shaders/Private/HairStrands/HairStrandsVoxelRasterCompute.usf" 3129
"../../../Engine/Shaders/Private/HairStrands/HairStrandsHitProxy.usf" 3130
"../../../Engine/Shaders/Private/HairStrands/HairStrandsVisibilityRasterComputeNaive.usf" 3131
"../../../Engine/Shaders/Private/HairStrands/HairStrandsVisibilityRasterHW.usf" 3132
"../../../Engine/Shaders/Private/HairStrands/HairStrandsVisibilityRasterCompute.usf" 3133
"../../../Engine/Shaders/Private/HairStrands/HairStrandsVisibilityRasterClassification.usf" 3134
"../../../Engine/Shaders/Private/HairStrands/HairStrandsCoverage.usf" 3135
"../../../Engine/Shaders/Private/HairStrands/HairStrandsVisibilityDepthPS.usf" 3136
"../../../Engine/Shaders/Private/HairStrands/HairStrandsVisibilityTransmittanceDepthPS.usf" 3137
"../../../Engine/Shaders/Private/HairStrands/HairStrandsVisibilityFillOpaqueDepthPS.usf" 3138
"../../../Engine/Shaders/Private/HairStrands/HairStrandsVisibilityCompactionComputeRaster.usf" 3139
"../../../Engine/Shaders/Private/HairStrands/HairStrandsVisibilityCompaction.usf" 3140
"../../../Engine/Shaders/Private/HairStrands/HairStrandsVisibilityCopyIndirectArg.usf" 3141
"../../../Engine/Shaders/Private/HairStrands/HairStrandsVisibilityClearPS.usf" 3142
"../../../Engine/Shaders/Private/HairStrands/HairStrandsVisibilityPS.usf" 3143
"../../../Engine/Shaders/Private/HairStrands/HairStrandsVisibilityVS.usf" 3144
"../../../Engine/Shaders/Private/HairStrands/HairStrandsVelocity.usf" 3145
"../../../Engine/Shaders/Private/HairStrands/HairStrandsVisibilityComputeSampleCoverage.usf" 3146
"../../../Engine/Shaders/Private/HairStrands/HairStrandsMaterialPS.usf" 3147
"../../../Engine/Shaders/Private/HairStrands/HairStrandsMaterialCommon.ush" 3148
"../../../Engine/Shaders/Private/HairStrands/HairStrandsMaterialVS.usf" 3149
"../../../Engine/Shaders/Private/HairStrands/HairStrandsLightSample.usf" 3150
"../../../Engine/Shaders/Private/HairStrands/HairStrandsDeepShadowMask.usf" 3151
"../../../Engine/Shaders/Private/HairStrands/HairStrandsDeepTransmittanceMask.usf" 3152
"../../../Engine/Shaders/Private/HairStrands/HairStrandsVisibilityTile.usf" 3153
"../../../Engine/Shaders/Private/HairStrands/HairStrandsDeepShadowPS.usf" 3154
"../../../Engine/Shaders/Private/HairStrands/HairStrandsDeepShadowVS.usf" 3155
"../../../Engine/Shaders/Private/HairStrands/HairStrandsAABB.usf" 3156
"../../../Engine/Shaders/Private/HairStrands/HairStrandsLUT.usf" 3157
"../../../Engine/Shaders/Private/HairStrands/HairStrandsForwardRaster.usf" 3158
"../../../Engine/Shaders/Private/HairStrands/HairStrandsForwardCulling.usf" 3159
"../../../Engine/Shaders/Private/HairStrands/HairStrandsEnvironmentLighting.usf" 3160
"../../../Engine/Shaders/Private/HairStrands/HairStrandsEnvironmentAO.usf" 3161
"../../../Engine/Shaders/Private/HairStrands/HairStrandsDeepShadowAllocation.usf" 3162
"../../../Engine/Shaders/Private/HairStrands/HairStrandsVoxelDebug.usf" 3163
"../../../Engine/Shaders/Private/HairStrands/HairStrandsComposition.usf" 3164
"../../../Engine/Shaders/Private/HairStrands/HairStrandsGBufferCommon.ush" 3165
"../../../Engine/Shaders/Private/GPUScene/GPUSceneDataManagement.usf" 3166
"../../../Engine/Shaders/Private/GPUSceneDebugRender.usf" 3167
"../../../Engine/Shaders/Private/GPUFeedbackCompaction.usf" 3168
"../../../Engine/Shaders/Private/GPUFastFourierTransform.usf" 3169
"../../../Engine/Shaders/Private/GPUFastFourierTransform2DCore.ush" 3170
"../../../Engine/Shaders/Private/GPUFastFourierTransformCore.ush" 3171
"../../../Engine/Shaders/Private/GPUBenchmark.usf" 3172
"../../../Engine/Shaders/Private/DistanceField/GlobalDistanceFieldDebug.usf" 3173
"../../../Engine/Shaders/Private/DistanceField/GlobalDistanceFieldUpdate.ush" 3174
"../../../Engine/Shaders/Private/DistanceField/GlobalDistanceFieldMip.usf" 3175
"../../../Engine/Shaders/Private/DistanceField/GlobalDistanceField.usf" 3176
"../../../Engine/Shaders/Private/DistanceField/GlobalDistanceFieldCompositeObjects.usf" 3177
"../../../Engine/Shaders/Private/DistanceField/GlobalDistanceFieldHeightfields.usf" 3178
"../../../Engine/Shaders/Private/HeightfieldLightingShared.ush" 3179
"../../../Engine/Shaders/Private/GenerateConservativeDepth.usf" 3180
"../../../Engine/Shaders/Private/HeightFogPixelShader.usf" 3181
"../../../Engine/Shaders/Private/HeightFogVertexShader.usf" 3182
"../../../Engine/Shaders/Private/DistortFiltering.usf" 3183
"../../../Engine/Shaders/Private/DistortAccumulatePS.usf" 3184
"../../../Engine/Shaders/Private/DistortAccumulateVS.usf" 3185
"../../../Engine/Shaders/Private/DistanceFieldVisualization.usf" 3186
"../../../Engine/Shaders/Private/DistanceFieldStreaming.usf" 3187
"../../../Engine/Shaders/Private/DistanceFieldShadowing.usf" 3188
"../../../Engine/Shaders/Private/DistanceFieldScreenGridLighting.usf" 3189
"../../../Engine/Shaders/Private/DistanceFieldObjectCulling.usf" 3190
"../../../Engine/Shaders/Private/DistanceFieldLightingPost.usf" 3191
"../../../Engine/Shaders/Private/DitheredTransitionStencil.usf" 3192
"../../../Engine/Shaders/Private/CopyDepthTexture.usf" 3193
"../../../Engine/Shaders/Private/CopyDepthTextureCS.usf" 3194
"../../../Engine/Shaders/Private/DeferredDecal.usf" 3195
"../../../Engine/Shaders/Private/DecalCommon.ush" 3196
"../../../Engine/Shaders/Private/DebugViewModeVertexShader.usf" 3197
"../../../Engine/Shaders/Private/DebugViewModeCommon.ush" 3198
"../../../Engine/Shaders/Private/DebugViewModePixelShader.usf" 3199
"../../../Engine/Shaders/Private/DebugProbes.usf" 3200
"../../../Engine/Shaders/Private/MeshDecals.usf" 3201
"../../../Engine/Shaders/Private/PostProcessAmbientOcclusion.usf" 3202
"../../../Engine/Shaders/Private/ClusteredDeferredShadingPixelShader.usf" 3203
"../../../Engine/Shaders/Private/ClusteredDeferredShadingVertexShader.usf" 3204
"../../../Engine/Shaders/Private/CapsuleShadowShaders.usf" 3205
"../../../Engine/Shaders/Private/BasePassPixelShader.usf" 3206
"../../../Engine/Shaders/Private/ForwardLightingCommon.ush" 3207
"../../../Engine/Shaders/Private/Substrate/SubstrateForwardLighting.ush" 3208
"../../../Engine/Shaders/Private/ComputeShaderOutputCommon.ush" 3209
"../../../Engine/Shaders/Private/BasePassVertexShader.usf" 3210
"../../../Engine/Shaders/Private/BasePassVertexCommon.ush" 3211
"../../../Engine/Shaders/Private/SimpleElementVolumeTexturePreviewPixelShader.usf" 3212
"../../../Engine/Shaders/Private/SimpleElementTexture2DPreviewPixelShader.usf" 3213
"../../../Engine/Shaders/Private/meshpaintdilatepixelshader.usf" 3214
"../../../Engine/Shaders/Private/meshpaintdilatevertexshader.usf" 3215
"../../../Engine/Shaders/Private/MeshPaintPixelShader.usf" 3216
"../../../Engine/Shaders/Private/MeshPaintVertexShader.usf" 3217
"../../../Engine/Shaders/Private/SlateElementPixelShader.usf" 3218
"../../../Engine/Shaders/Private/SlateShaderCommon.ush" 3219
"../../../Engine/Shaders/Private/SlateMaskingShader.usf" 3220
"../../../Engine/Shaders/Private/SlateVertexShader.usf" 3221
"../../../Engine/Shaders/Private/CompositeUIPixelShader.usf" 3222
"../../../Engine/Shaders/Private/ColorDeficiency.ush" 3223
"../../../Engine/Shaders/Private/SlatePostProcessColorDeficiencyPixelShader.usf" 3224
"../../../Engine/Shaders/Private/SlatePostProcessPixelShader.usf" 3225
"../../../Engine/Shaders/Private/Tools/VisualizeTexture.usf" 3226
"../../../Engine/Shaders/Private/UpdateDescriptorHandle.usf" 3227
"../../../Engine/Shaders/Private/ByteBuffer.usf" 3228
"../../../Engine/Shaders/Private/ShaderBundleWorkGraphDispatch.usf" 3229
"../../../Engine/Shaders/Private/ShaderBundleDispatch.usf" 3230
"../../../Engine/Shaders/Private/ResolveVertexShader.usf" 3231
"../../../Engine/Shaders/Private/ResolvePixelShader.usf" 3232
"../../../Engine/Shaders/Private/Tools/SetupIndirectArgs.usf" 3233
"../../../Engine/Shaders/Private/ClearReplacementShaders.usf" 3234
"../../../Engine/Shaders/Private/Tools/DrawTexture.usf" 3235
"../../../Engine/Shaders/Private/RayTracing/RayTracingValidation.usf" 3236
"../../../Engine/Shaders/Private/RenderGraphUtilities.usf" 3237
"../../../Engine/Shaders/Private/OneColorShader.usf" 3238
"../../../Engine/Shaders/Private/OculusShaders.usf" 3239
"../../../Engine/Shaders/Private/MediaShaders.usf" 3240
"../../../Engine/Shaders/Private/GPUMessaging.usf" 3241
"../../../Engine/Shaders/Private/Tools/GPUDebugCrashUtils.usf" 3242
"../../../Engine/Shaders/Private/NullPixelShader.usf" 3243
"../../../Engine/Shaders/Private/ComputeGenerateMips.usf" 3244
"../../../Engine/Shaders/Private/Tools/DumpTexture.usf" 3245
"../../../Engine/Shaders/Private/CopyTextureShaders.usf" 3246
"../../../Engine/Shaders/Private/Tools/FullscreenVertexShader.usf" 3247
"../../../Engine/Shaders/Private/RayTracing/RayTracingDispatchDesc.usf" 3248
"../../../Engine/Shaders/Private/Bink.usf" 3249
"../../../Engine/Shaders/Private/DepthOnlyPixelShader.usf" 3250
"../../../Engine/Shaders/Private/PositionOnlyDepthVertexShader.usf" 3251
"../../../Engine/Shaders/Private/DepthOnlyVertexShader.usf" 3252
"../../../Engine/Shaders/Private/AnisotropyPassShader.usf" 3253
"D:/game_develop/github/Orka2026-1/Orka/Content/OrkaMap.umap" 3254
"/Engine/EngineResources/WhiteSquareTexture" 3255
"../../../Engine/Content/EngineResources/WhiteSquareTexture.uasset" 3256
"/Engine/EngineResources/GradientTexture0" 3257
"../../../Engine/Content/EngineResources/GradientTexture0.uasset" 3258
"/Engine/EngineResources/Black" 3259
"../../../Engine/Content/EngineResources/Black.uasset" 3260
"/Engine/EditorResources/S_Actor" 3261
"../../../Engine/Content/EditorResources/S_Actor.uasset" 3262
"/Engine/EngineFonts/RobotoDistanceField" 3263
"../../../Engine/Content/EngineFonts/RobotoDistanceField.uasset" 3264
"/Engine/EngineMaterials/DefaultTextMaterialOpaque" 3265
"../../../Engine/Content/EngineMaterials/DefaultTextMaterialOpaque.uasset" 3266
"/Engine/Functions/Engine_MaterialFunctions01/Shading/PowerToRoughness" 3267
"../../../Engine/Content/Functions/Engine_MaterialFunctions01/Shading/PowerToRoughness.uasset" 3268
"/Engine/Functions/Engine_MaterialFunctions01/Shading/ConvertFromDiffSpec" 3269
"../../../Engine/Content/Functions/Engine_MaterialFunctions01/Shading/ConvertFromDiffSpec.uasset" 3270
"/Engine/EngineMaterials/WorldGridMaterial" 3271
"../../../Engine/Content/EngineMaterials/WorldGridMaterial.uasset" 3272
"../../../Engine/Content/Functions/Engine_MaterialFunctions01/Opacity/CameraDepthFade.uasset" 3273
"../../../Engine/Content/EngineMaterials/T_Default_Material_Grid_M.uasset" 3274
"../../../Engine/Content/EngineMaterials/T_Default_Material_Grid_N.uasset" 3275
"/Engine/EngineMaterials/DefaultDeferredDecalMaterial" 3276
"../../../Engine/Content/EngineMaterials/DefaultDeferredDecalMaterial.uasset" 3277
"../../../Engine/Content/EngineMaterials/DefaultDiffuse.uasset" 3278
"/Engine/EngineMaterials/DefaultLightFunctionMaterial" 3279
"../../../Engine/Content/EngineMaterials/DefaultLightFunctionMaterial.uasset" 3280
"/Engine/EngineMaterials/DefaultPostProcessMaterial" 3281
"../../../Engine/Content/EngineMaterials/DefaultPostProcessMaterial.uasset" 3282
"../../../Engine/Content/Functions/Engine_MaterialFunctions02/Utility/BreakOutFloat2Components.uasset" 3283
"/Engine/EditorResources/S_Trigger" 3284
"../../../Engine/Content/EditorResources/S_Trigger.uasset" 3285
"/Engine/EditorResources/S_BoxReflectionCapture" 3286
"../../../Engine/Content/EditorResources/S_BoxReflectionCapture.uasset" 3287
"/Engine/EngineResources/DefaultTexture" 3288
"../../../Engine/Content/EngineResources/DefaultTexture.uasset" 3289
"/Engine/EditorResources/S_TriggerBox" 3290
"../../../Engine/Content/EditorResources/S_TriggerBox.uasset" 3291
"/Engine/EditorResources/S_TriggerCapsule" 3292
"../../../Engine/Content/EditorResources/S_TriggerCapsule.uasset" 3293
"/Engine/EditorResources/S_TriggerSphere" 3294
"../../../Engine/Content/EditorResources/S_TriggerSphere.uasset" 3295
"/Engine/EngineMeshes/Sphere" 3296
"../../../Engine/Content/EngineMeshes/Sphere.uasset" 3297
"/Engine/EngineDamageTypes/DmgTypeBP_Environmental" 3298
"../../../Engine/Content/EngineDamageTypes/DmgTypeBP_Environmental.uasset" 3299
"/Engine/EngineResources/DefaultTextureCube" 3300
"../../../Engine/Content/EngineResources/DefaultTextureCube.uasset" 3301
"/Engine/EngineResources/DefaultVolumeTexture" 3302
"../../../Engine/Content/EngineResources/DefaultVolumeTexture.uasset" 3303
"../../../Engine/Content/EngineResources/DefaultVolumeTexture2D.uasset" 3304
"/Engine/EditorResources/S_Solver" 3305
"../../../Engine/Content/EditorResources/S_Solver.uasset" 3306
"/Engine/EngineDebugMaterials/VolumeToRender" 3307
"../../../Engine/Content/EngineDebugMaterials/VolumeToRender.uasset" 3308
"/Engine/EngineDebugMaterials/M_VolumeRenderSphereTracePP" 3309
"../../../Engine/Content/EngineDebugMaterials/M_VolumeRenderSphereTracePP.uasset" 3310
"../../../Engine/Content/Functions/Engine_MaterialFunctions02/Utility/CameraDirectionVector.uasset" 3311
"/Engine/EditorMeshes/Camera/SM_CraneRig_Base" 3312
"../../../Engine/Content/EditorMeshes/Camera/SM_CraneRig_Base.uasset" 3313
"../../../Engine/Content/EditorMaterials/Camera/MI_CineMat_Rig.uasset" 3314
"../../../Engine/Content/EditorMaterials/Camera/CineMat.uasset" 3315
"/Engine/EditorMeshes/Camera/SM_CraneRig_Arm" 3316
"../../../Engine/Content/EditorMeshes/Camera/SM_CraneRig_Arm.uasset" 3317
"/Engine/EditorMeshes/Camera/SM_CraneRig_Mount" 3318
"../../../Engine/Content/EditorMeshes/Camera/SM_CraneRig_Mount.uasset" 3319
"/Engine/EditorMeshes/Camera/SM_CraneRig_Body" 3320
"../../../Engine/Content/EditorMeshes/Camera/SM_CraneRig_Body.uasset" 3321
"/Engine/EditorMeshes/Camera/SM_RailRig_Track" 3322
"../../../Engine/Content/EditorMeshes/Camera/SM_RailRig_Track.uasset" 3323
"/Engine/EditorMeshes/Camera/SM_RailRig_Mount" 3324
"../../../Engine/Content/EditorMeshes/Camera/SM_RailRig_Mount.uasset" 3325
"/Engine/EditorLandscapeResources/SplineEditorMesh" 3326
"../../../Engine/Content/EditorLandscapeResources/SplineEditorMesh.uasset" 3327
"../../../Engine/Content/EditorLandscapeResources/SplineEditorMeshMat.uasset" 3328
"/HairStrands/Materials/HairDebugMaterial" 3329
"../../Plugins/Runtime/HairStrands/Content/Materials/HairDebugMaterial.uasset" 3330
"../../../Engine/Content/Functions/Engine_MaterialFunctions02/Utility/MakeFloat2.uasset" 3331
"../../../Engine/Content/Functions/Engine_MaterialFunctions02/Utility/MakeFloat3.uasset" 3332
"../../../Engine/Content/EngineMaterials/HairColorMap.uasset" 3333
"../../../Engine/Content/EngineMaterials/HairDebugColor.uasset" 3334
"../../Plugins/Runtime/HairStrands/Content/Materials/HairGroupColors.uasset" 3335
"/HairStrands/Materials/HairDefaultMaterial" 3336
"../../Plugins/Runtime/HairStrands/Content/Materials/HairDefaultMaterial.uasset" 3337
"/HairStrands/Materials/HairCardsDefaultMaterial" 3338
"../../Plugins/Runtime/HairStrands/Content/Materials/HairCardsDefaultMaterial.uasset" 3339
"/HairStrands/Materials/HairMeshesDefaultMaterial" 3340
"../../Plugins/Runtime/HairStrands/Content/Materials/HairMeshesDefaultMaterial.uasset" 3341
"/Engine/EngineMaterials/Widget3DPassThrough_Translucent" 3342
"../../../Engine/Content/EngineMaterials/Widget3DPassThrough_Translucent.uasset" 3343
"../../../Engine/Content/EngineMaterials/Widget3DPassThrough.uasset" 3344
"/Engine/EngineMaterials/Widget3DPassThrough_Translucent_OneSided" 3345
"../../../Engine/Content/EngineMaterials/Widget3DPassThrough_Translucent_OneSided.uasset" 3346
"/Engine/EngineMaterials/Widget3DPassThrough_Opaque" 3347
"../../../Engine/Content/EngineMaterials/Widget3DPassThrough_Opaque.uasset" 3348
"/Engine/EngineMaterials/Widget3DPassThrough_Opaque_OneSided" 3349
"../../../Engine/Content/EngineMaterials/Widget3DPassThrough_Opaque_OneSided.uasset" 3350
"/Engine/EngineMaterials/Widget3DPassThrough_Masked" 3351
"../../../Engine/Content/EngineMaterials/Widget3DPassThrough_Masked.uasset" 3352
"/Engine/EngineMaterials/Widget3DPassThrough_Masked_OneSided" 3353
"../../../Engine/Content/EngineMaterials/Widget3DPassThrough_Masked_OneSided.uasset" 3354
"/Engine/VREditor/ViewportInteractionAssetContainerData" 3355
"../../../Engine/Content/VREditor/ViewportInteractionAssetContainerData.uasset" 3356
"../../../Engine/Content/VREditor/SnapGrid/SnapGridMaterial.uasset" 3357
"../../../Engine/Content/VREditor/TransformGizmo/TransformGizmoMaterial_Inst.uasset" 3358
"../../../Engine/Content/VREditor/TransformGizmo/TranslucentTransformGizmoMaterial_Inst.uasset" 3359
"../../../Engine/Content/VREditor/SnapGrid/SnapGridPlaneMesh.uasset" 3360
"../../../Engine/Content/VREditor/Sounds/UI/Drop_Item_From_ContentBrowser.uasset" 3361
"../../../Engine/Content/VREditor/Sounds/UI/Gizmo_Handle_Clicked.uasset" 3362
"../../../Engine/Content/VREditor/Sounds/UI/Object_PickUp.uasset" 3363
"../../../Engine/Content/VREditor/Sounds/UI/Object_Snaps_To_Another_Actor.uasset" 3364
"../../../Engine/Content/VREditor/Sounds/UI/Object_Snaps_To_Grid.uasset" 3365
"../../../Engine/Content/VREditor/Sounds/UI/Scaling_Down.uasset" 3366
"../../../Engine/Content/VREditor/Sounds/UI/Scaling_Up.uasset" 3367
"../../../Engine/Content/VREditor/Sounds/UI/Selection_Changes.uasset" 3368
"../../../Engine/Content/VREditor/TransformGizmo/PlaneTranslationHandle.uasset" 3369
"../../../Engine/Content/VREditor/TransformGizmo/RotationHandleFull.uasset" 3370
"../../../Engine/Content/VREditor/TransformGizmo/RotationHandleIndicator.uasset" 3371
"../../../Engine/Content/VREditor/TransformGizmo/RotationHandleQuarter.uasset" 3372
"../../../Engine/Content/VREditor/TransformGizmo/StartRotationHandleIndicator.uasset" 3373
"../../../Engine/Content/VREditor/TransformGizmo/TransformGizmoFreeRotation.uasset" 3374
"../../../Engine/Content/VREditor/TransformGizmo/TranslateArrowHandle.uasset" 3375
"../../../Engine/Content/VREditor/TransformGizmo/UniformScaleHandle.uasset" 3376
"../../../Engine/Content/Functions/Engine_MaterialFunctions02/Math/Transform3x3Matrix.uasset" 3377
"../../../Engine/Content/Functions/Engine_MaterialFunctions02/SplitComponents.uasset" 3378
"../../../Engine/Content/VREditor/TransformGizmo/TransformGizmoMaterial.uasset" 3379
"../../../Engine/Content/VREditor/TransformGizmo/TranslucentTransformGizmoMaterial.uasset" 3380
"../../../Engine/Content/Functions/Engine_MaterialFunctions02/Utility/BreakOutFloat3Components.uasset" 3381
"../../../Engine/Content/VREditor/LaserPointer/VR_LaserPower_01.uasset" 3382
"/Engine/VREditor/TransformGizmo/BoundingBoxCorner" 3383
"../../../Engine/Content/VREditor/TransformGizmo/BoundingBoxCorner.uasset" 3384
"/Engine/VREditor/TransformGizmo/BoundingBoxEdge" 3385
"../../../Engine/Content/VREditor/TransformGizmo/BoundingBoxEdge.uasset" 3386
"/Engine/ArtTools/RenderToTexture/Meshes/S_1_Unit_Plane" 3387
"../../../Engine/Content/ArtTools/RenderToTexture/Meshes/S_1_Unit_Plane.uasset" 3388
"/Engine/EngineDebugMaterials/M_SimpleUnlitTranslucent" 3389
"../../../Engine/Content/EngineDebugMaterials/M_SimpleUnlitTranslucent.uasset" 3390
"/Engine/EngineFonts/Roboto" 3391
"../../../Engine/Content/EngineFonts/Roboto.uasset" 3392
"../../../Engine/Content/EngineFonts/Faces/DroidSansFallback.uasset" 3393
"../../../Engine/Content/EngineFonts/Faces/RobotoBold.uasset" 3394
"../../../Engine/Content/EngineFonts/Faces/RobotoBoldItalic.uasset" 3395
"../../../Engine/Content/EngineFonts/Faces/RobotoItalic.uasset" 3396
"../../../Engine/Content/EngineFonts/Faces/RobotoLight.uasset" 3397
"../../../Engine/Content/EngineFonts/Faces/RobotoRegular.uasset" 3398
"/Engine/EditorMaterials/ParticleSystems/PSysThumbnail_NoImage" 3399
"../../../Engine/Content/EditorMaterials/ParticleSystems/PSysThumbnail_NoImage.uasset" 3400
"/Engine/EditorMaterials/ParticleSystems/PSysThumbnail_OOD" 3401
"../../../Engine/Content/EditorMaterials/ParticleSystems/PSysThumbnail_OOD.uasset" 3402
"/Engine/EngineResources/LandscapeVisibilityLayerInfo" 3403
"../../../Engine/Content/EngineResources/LandscapeVisibilityLayerInfo.uasset" 3404
"D:/game_develop/github/Orka2026-1/Orka/Intermediate/ShaderAutogen/PCD3D_SM5/AutogenShaderHeaders.ush" 3405
"../../../Engine/Content/Internationalization/icudt64l/coll/en.res" 3406
"/ACLPlugin/ACLAnimBoneCompressionSettings" 3407
"../../Plugins/Animation/ACLPlugin/Content/ACLAnimBoneCompressionSettings.uasset" 3408
"/Engine/Animation/DefaultRecorderBoneCompression" 3409
"../../../Engine/Content/Animation/DefaultRecorderBoneCompression.uasset" 3410
"/ACLPlugin/ACLAnimCurveCompressionSettings" 3411
"../../Plugins/Animation/ACLPlugin/Content/ACLAnimCurveCompressionSettings.uasset" 3412
"/Engine/Animation/DefaultVariableFrameStrippingSettings" 3413
"../../../Engine/Content/Animation/DefaultVariableFrameStrippingSettings.uasset" 3414
"/ControlRig/Controls/ControlRigXRayMaterial" 3415
"../../Plugins/Animation/ControlRig/Content/Controls/ControlRigXRayMaterial.uasset" 3416
"/ControlRig/Controls/DefaultGizmoLibraryNormalized" 3417
"../../Plugins/Animation/ControlRig/Content/Controls/DefaultGizmoLibraryNormalized.uasset" 3418
"/AudioWidgets/Resources/ScrubHandleDown_Clamped" 3419
"../../Plugins/Runtime/AudioWidgets/Content/Resources/ScrubHandleDown_Clamped.uasset" 3420
"/Paper2D/MaskedUnlitSpriteMaterial" 3421
"../../Plugins/2D/Paper2D/Content/MaskedUnlitSpriteMaterial.uasset" 3422
"../../Plugins/2D/Paper2D/Content/DefaultSpriteMaterial.uasset" 3423
"../../Plugins/2D/Paper2D/Content/PlaceholderTextures/DummySpriteTexture.uasset" 3424
"/Paper2D/OpaqueUnlitSpriteMaterial" 3425
"../../Plugins/2D/Paper2D/Content/OpaqueUnlitSpriteMaterial.uasset" 3426
"/Paper2D/DefaultPaperTerrainMaterial" 3427
"../../Plugins/2D/Paper2D/Content/DefaultPaperTerrainMaterial.uasset" 3428
"../../Plugins/2D/Paper2D/Content/DummySprite.uasset" 3429
"/ControlRig/M_Manip" 3430
"../../Plugins/Animation/ControlRig/Content/M_Manip.uasset" 3431
"../../../Engine/Content/Functions/Engine_MaterialFunctions02/WorldPositionOffset/CameraOffset.uasset" 3432
"../../../Engine/Config/BaseUnrealInsightsSettings.ini" 3433
"/SpeedTreeImporter/SpeedTree9/SpeedTreeMaster" 3434
"../../Plugins/Editor/SpeedTreeImporter/Content/SpeedTree9/SpeedTreeMaster.uasset" 3435
"../../../Engine/Content/Functions/Engine_MaterialFunctions02/ObjectLocalBounds.uasset" 3436
"../../../Engine/Content/Functions/Engine_MaterialFunctions02/SafeNormalize.uasset" 3437
"../../../Engine/Content/Functions/Engine_MaterialFunctions02/Utility/VectorLength.uasset" 3438
"../../../Engine/Content/Functions/Engine_MaterialFunctions02/UVs/BoundingBoxBased_0-1_UVW.uasset" 3439
"../../../Engine/Content/Functions/Engine_MaterialFunctions02/WorldPositionOffset/ObjectScale.uasset" 3440
"../../Plugins/Editor/SpeedTreeImporter/Content/SpeedTree9/SpeedTreeBranchMotion.uasset" 3441
"../../Plugins/Editor/SpeedTreeImporter/Content/SpeedTree9/SpeedTreeCameraFacing.uasset" 3442
"../../Plugins/Editor/SpeedTreeImporter/Content/SpeedTree9/SpeedTreeWind.uasset" 3443
"../../Plugins/Editor/SpeedTreeImporter/Content/SpeedTree9/SpeedTreeWindMotion.uasset" 3444
"../../Plugins/Editor/SpeedTreeImporter/Content/SpeedTree9/UnpackDirection.uasset" 3445
"../../Plugins/Editor/SpeedTreeImporter/Content/SpeedTree9/UnpackInteger3.uasset" 3446
"../../Plugins/Editor/SpeedTreeImporter/Content/SpeedTree9/Empty.uasset" 3447
"../../Plugins/Editor/SpeedTreeImporter/Content/SpeedTree9/EmptyNormal.uasset" 3448
"../../Plugins/Editor/SpeedTreeImporter/Content/SpeedTree9/game_wind_noise.uasset" 3449
"/SpeedTreeImporter/SpeedTree9/SpeedTreeBillboardMaster" 3450
"../../Plugins/Editor/SpeedTreeImporter/Content/SpeedTree9/SpeedTreeBillboardMaster.uasset" 3451
"../../Plugins/Editor/SpeedTreeImporter/Content/SpeedTree9/SpeedTreeBillboard.uasset" 3452
"C:/Program Files/Epic Games/UE_5.7/Engine/Binaries/ThirdParty/USD/UsdResources/Win64/X64/plugins/plugInfo.json" 3453
"C:/Program Files/Epic Games/UE_5.7/Engine/Binaries/ThirdParty/USD/UsdResources/Win64/X64/plugins/esf/resources/plugInfo.json" 3454
"C:/Program Files/Epic Games/UE_5.7/Engine/Binaries/ThirdParty/USD/UsdResources/Win64/X64/plugins/hdsi/resources/plugInfo.json" 3455
"C:/Program Files/Epic Games/UE_5.7/Engine/Binaries/ThirdParty/USD/UsdResources/Win64/X64/plugins/sdr/resources/plugInfo.json" 3456
"C:/Program Files/Epic Games/UE_5.7/Engine/Binaries/ThirdParty/USD/UsdResources/Win64/X64/plugins/usdMedia/resources/plugInfo.json" 3457
"C:/Program Files/Epic Games/UE_5.7/Engine/Binaries/ThirdParty/USD/UsdResources/Win64/X64/plugins/usdRender/resources/plugInfo.json" 3458
"C:/Program Files/Epic Games/UE_5.7/Engine/Binaries/ThirdParty/USD/UsdResources/Win64/X64/plugins/usdUtilsValidators/resources/plugInfo.json" 3459
"C:/Program Files/Epic Games/UE_5.7/Engine/Binaries/ThirdParty/USD/UsdResources/Win64/X64/plugins/hdx/resources/plugInfo.json" 3460
"C:/Program Files/Epic Games/UE_5.7/Engine/Binaries/ThirdParty/USD/UsdResources/Win64/X64/plugins/sdf/resources/plugInfo.json" 3461
"C:/Program Files/Epic Games/UE_5.7/Engine/Binaries/ThirdParty/USD/UsdResources/Win64/X64/plugins/hdSt/resources/plugInfo.json" 3462
"C:/Program Files/Epic Games/UE_5.7/Engine/Binaries/ThirdParty/USD/UsdResources/Win64/X64/plugins/usdGeom/resources/plugInfo.json" 3463
"C:/Program Files/Epic Games/UE_5.7/Engine/Binaries/ThirdParty/USD/UsdResources/Win64/X64/plugins/ueCloth/resources/plugInfo.json" 3464
"C:/Program Files/Epic Games/UE_5.7/Engine/Binaries/ThirdParty/USD/UsdResources/Win64/X64/plugins/usdImagingGL/resources/plugInfo.json" 3465
"C:/Program Files/Epic Games/UE_5.7/Engine/Binaries/ThirdParty/USD/UsdResources/Win64/X64/plugins/usdSkel/resources/plugInfo.json" 3466
"C:/Program Files/Epic Games/UE_5.7/Engine/Binaries/ThirdParty/USD/UsdResources/Win64/X64/plugins/esfUsd/resources/plugInfo.json" 3467
"C:/Program Files/Epic Games/UE_5.7/Engine/Binaries/ThirdParty/USD/UsdResources/Win64/X64/plugins/hio/resources/plugInfo.json" 3468
"C:/Program Files/Epic Games/UE_5.7/Engine/Binaries/ThirdParty/USD/UsdResources/Win64/X64/plugins/unreal/resources/plugInfo.json" 3469
"C:/Program Files/Epic Games/UE_5.7/Engine/Binaries/ThirdParty/USD/UsdResources/Win64/X64/plugins/usdImaging/resources/plugInfo.json" 3470
"C:/Program Files/Epic Games/UE_5.7/Engine/Binaries/ThirdParty/USD/UsdResources/Win64/X64/plugins/usdUI/resources/plugInfo.json" 3471
"C:/Program Files/Epic Games/UE_5.7/Engine/Binaries/ThirdParty/USD/UsdResources/Win64/X64/plugins/usdProcImaging/resources/plugInfo.json" 3472
"C:/Program Files/Epic Games/UE_5.7/Engine/Binaries/ThirdParty/USD/UsdResources/Win64/X64/plugins/usdShadeValidators/resources/plugInfo.json" 3473
"C:/Program Files/Epic Games/UE_5.7/Engine/Binaries/ThirdParty/USD/UsdResources/Win64/X64/plugins/execGeom/resources/plugInfo.json" 3474
"C:/Program Files/Epic Games/UE_5.7/Engine/Binaries/ThirdParty/USD/UsdResources/Win64/X64/plugins/hioAvif/resources/plugInfo.json" 3475
"C:/Program Files/Epic Games/UE_5.7/Engine/Binaries/ThirdParty/USD/UsdResources/Win64/X64/plugins/usd/resources/plugInfo.json" 3476
"C:/Program Files/Epic Games/UE_5.7/Engine/Binaries/ThirdParty/USD/UsdResources/Win64/X64/plugins/usdVol/resources/plugInfo.json" 3477
"C:/Program Files/Epic Games/UE_5.7/Engine/Binaries/ThirdParty/USD/UsdResources/Win64/X64/plugins/hd/resources/plugInfo.json" 3478
"C:/Program Files/Epic Games/UE_5.7/Engine/Binaries/ThirdParty/USD/UsdResources/Win64/X64/plugins/usdShaders/resources/plugInfo.json" 3479
"C:/Program Files/Epic Games/UE_5.7/Engine/Binaries/ThirdParty/USD/UsdResources/Win64/X64/plugins/execUsd/resources/plugInfo.json" 3480
"C:/Program Files/Epic Games/UE_5.7/Engine/Binaries/ThirdParty/USD/UsdResources/Win64/X64/plugins/usdProc/resources/plugInfo.json" 3481
"C:/Program Files/Epic Games/UE_5.7/Engine/Binaries/ThirdParty/USD/UsdResources/Win64/X64/plugins/usdVolImaging/resources/plugInfo.json" 3482
"C:/Program Files/Epic Games/UE_5.7/Engine/Binaries/ThirdParty/USD/UsdResources/Win64/X64/plugins/usdSkelValidators/resources/plugInfo.json" 3483
"C:/Program Files/Epic Games/UE_5.7/Engine/Binaries/ThirdParty/USD/UsdResources/Win64/X64/plugins/usdLux/resources/plugInfo.json" 3484
"C:/Program Files/Epic Games/UE_5.7/Engine/Binaries/ThirdParty/USD/UsdResources/Win64/X64/plugins/usdHydra/resources/plugInfo.json" 3485
"C:/Program Files/Epic Games/UE_5.7/Engine/Binaries/ThirdParty/USD/UsdResources/Win64/X64/plugins/usdPhysicsValidators/resources/plugInfo.json" 3486
"C:/Program Files/Epic Games/UE_5.7/Engine/Binaries/ThirdParty/USD/UsdResources/Win64/X64/plugins/usdShade/resources/plugInfo.json" 3487
"C:/Program Files/Epic Games/UE_5.7/Engine/Binaries/ThirdParty/USD/UsdResources/Win64/X64/plugins/hdGp/resources/plugInfo.json" 3488
"C:/Program Files/Epic Games/UE_5.7/Engine/Binaries/ThirdParty/USD/UsdResources/Win64/X64/plugins/usdMtlx/resources/plugInfo.json" 3489
"C:/Program Files/Epic Games/UE_5.7/Engine/Binaries/ThirdParty/USD/UsdResources/Win64/X64/plugins/sdrGlslfx/resources/plugInfo.json" 3490
"C:/Program Files/Epic Games/UE_5.7/Engine/Binaries/ThirdParty/USD/UsdResources/Win64/X64/plugins/usdRi/resources/plugInfo.json" 3491
"C:/Program Files/Epic Games/UE_5.7/Engine/Binaries/ThirdParty/USD/UsdResources/Win64/X64/plugins/exec/resources/plugInfo.json" 3492
"C:/Program Files/Epic Games/UE_5.7/Engine/Binaries/ThirdParty/USD/UsdResources/Win64/X64/plugins/hdStorm/resources/plugInfo.json" 3493
"C:/Program Files/Epic Games/UE_5.7/Engine/Binaries/ThirdParty/USD/UsdResources/Win64/X64/plugins/ar/resources/plugInfo.json" 3494
"C:/Program Files/Epic Games/UE_5.7/Engine/Binaries/ThirdParty/USD/UsdResources/Win64/X64/plugins/hgiGL/resources/plugInfo.json" 3495
"C:/Program Files/Epic Games/UE_5.7/Engine/Binaries/ThirdParty/USD/UsdResources/Win64/X64/plugins/usdPhysics/resources/plugInfo.json" 3496
"C:/Program Files/Epic Games/UE_5.7/Engine/Binaries/ThirdParty/USD/UsdResources/Win64/X64/plugins/usdAbc/resources/plugInfo.json" 3497
"C:/Program Files/Epic Games/UE_5.7/Engine/Binaries/ThirdParty/USD/UsdResources/Win64/X64/plugins/glf/resources/plugInfo.json" 3498
"C:/Program Files/Epic Games/UE_5.7/Engine/Binaries/ThirdParty/USD/UsdResources/Win64/X64/plugins/usdSemantics/resources/plugInfo.json" 3499
"C:/Program Files/Epic Games/UE_5.7/Engine/Binaries/ThirdParty/USD/UsdResources/Win64/X64/plugins/usdGeomValidators/resources/plugInfo.json" 3500
"C:/Program Files/Epic Games/UE_5.7/Engine/Binaries/ThirdParty/USD/UsdResources/Win64/X64/plugins/usdSkelImaging/resources/plugInfo.json" 3501
"C:/Program Files/Epic Games/UE_5.7/Engine/Binaries/ThirdParty/USD/UsdResources/Win64/X64/plugins/usdValidation/resources/plugInfo.json" 3502
"C:/Program Files/Epic Games/UE_5.7/Engine/Binaries/ThirdParty/USD/UsdResources/Win64/X64/plugins/usdRiPxrImaging/resources/plugInfo.json" 3503
"C:/Program Files/Epic Games/UE_5.7/Engine/Binaries/ThirdParty/USD/UsdResources/Win64/X64/plugins/usd/resources/codegenTemplates/plugInfo.json" 3504
"/MediaPlate/SM_MediaPlateScreen" 3505
"../../Plugins/Media/MediaPlate/Content/SM_MediaPlateScreen.uasset" 3506
"/Engine/BasicShapes/BasicShapeMaterial" 3507
"../../../Engine/Content/BasicShapes/BasicShapeMaterial.uasset" 3508
"/Engine/EditorMaterials/Dataflow/DataflowVertexMaterial" 3509
"../../../Engine/Content/EditorMaterials/Dataflow/DataflowVertexMaterial.uasset" 3510
"/Engine/EditorMaterials/Dataflow/DataflowTwoSidedVertexMaterial" 3511
"../../../Engine/Content/EditorMaterials/Dataflow/DataflowTwoSidedVertexMaterial.uasset" 3512
"/MeshModelingToolsetExp/Materials/PointSetOverlaidComponentMaterial" 3513
"../../Plugins/Experimental/MeshModelingToolsetExp/Content/Materials/PointSetOverlaidComponentMaterial.uasset" 3514
"../../../Engine/Content/Functions/Engine_MaterialFunctions02/Utility/FOV.uasset" 3515
"../../../Engine/Content/Functions/Engine_MaterialFunctions02/WorldPositionOffset/V2/ObjectScale.uasset" 3516
"../../../Engine/Content/Functions/Engine_MaterialFunctions03/Viewport/MF_OrthoWidth.uasset" 3517
"../../Plugins/Experimental/MeshModelingToolsetExp/Content/Materials/GetDisplacementVectorForDepthBias.uasset" 3518
"/Engine/EditorLandscapeResources/LayerVisMaterial" 3519
"../../../Engine/Content/EditorLandscapeResources/LayerVisMaterial.uasset" 3520
"../../../Engine/Content/EditorLandscapeResources/WhiteSquareTexture.uasset" 3521
"/Engine/EditorLandscapeResources/SelectBrushMaterial_Selected" 3522
"../../../Engine/Content/EditorLandscapeResources/SelectBrushMaterial_Selected.uasset" 3523
"../../../Engine/Content/EditorLandscapeResources/SelectBrushMaterial.uasset" 3524
"../../../Engine/Content/Functions/Engine_MaterialFunctions03/Math/WithinRangeFloat2.uasset" 3525
"../../../Engine/Content/EditorLandscapeResources/DefaultAlphaTexture.uasset" 3526
"/Engine/EditorLandscapeResources/SelectBrushMaterial_SelectedRegion" 3527
"../../../Engine/Content/EditorLandscapeResources/SelectBrushMaterial_SelectedRegion.uasset" 3528
"/Engine/EditorLandscapeResources/MaskBrushMaterial_MaskedRegion" 3529
"../../../Engine/Content/EditorLandscapeResources/MaskBrushMaterial_MaskedRegion.uasset" 3530
"../../../Engine/Content/EditorLandscapeResources/MaskBrushMaterial.uasset" 3531
"/Engine/EditorLandscapeResources/ColorMaskBrushMaterial_MaskedRegion" 3532
"../../../Engine/Content/EditorLandscapeResources/ColorMaskBrushMaterial_MaskedRegion.uasset" 3533
"../../../Engine/Content/EditorLandscapeResources/ColorMaskBrushMaterial.uasset" 3534
"/Engine/EditorLandscapeResources/LandscapeDirtyMaterial" 3535
"../../../Engine/Content/EditorLandscapeResources/LandscapeDirtyMaterial.uasset" 3536
"/Engine/EditorLandscapeResources/LandscapeLayerUsageMaterial" 3537
"../../../Engine/Content/EditorLandscapeResources/LandscapeLayerUsageMaterial.uasset" 3538
"../../../Engine/Content/Functions/Engine_MaterialFunctions01/Debug/DebugIntValues.uasset" 3539
"../../../Engine/Content/Functions/Engine_MaterialFunctions01/Texturing/ScaleUVsByCenter.uasset" 3540
"../../../Engine/Content/Functions/Engine_MaterialFunctions02/WorldPositionOffset/LocalPosition.uasset" 3541
"../../../Engine/Content/Functions/Engine_MaterialFunctions01/Texturing/TextureCropping.uasset" 3542
"../../../Engine/Content/Functions/Engine_MaterialFunctions02/ExampleContent/DebugNumberStrip.uasset" 3543
"C:/Users/waita/AppData/Local/UnrealEngine/Editor/UInteractiveToolsPresetCollectionAsset_DefaultCollection.json" 3544
"/Engine/EngineMaterials/NaniteHiddenSectionMaterial" 3545
"../../../Engine/Content/EngineMaterials/NaniteHiddenSectionMaterial.uasset" 3546
"/Engine/EngineMaterials/RemoveSurfaceMaterial" 3547
"../../../Engine/Content/EngineMaterials/RemoveSurfaceMaterial.uasset" 3548
"/Engine/EngineDebugMaterials/DebugMeshMaterial" 3549
"../../../Engine/Content/EngineDebugMaterials/DebugMeshMaterial.uasset" 3550
"/Engine/EngineMaterials/EmissiveMeshMaterial" 3551
"../../../Engine/Content/EngineMaterials/EmissiveMeshMaterial.uasset" 3552
"../../../Engine/Content/EngineMaterials/DefaultWhiteGrid_Low.uasset" 3553
"/Engine/EngineMaterials/M_InvalidLightmapSettings" 3554
"../../../Engine/Content/EngineMaterials/M_InvalidLightmapSettings.uasset" 3555
"../../../Engine/Content/EngineMaterials/InvalidLightmapSettings.uasset" 3556
"/Engine/EngineMaterials/GizmoMaterial" 3557
"../../../Engine/Content/EngineMaterials/GizmoMaterial.uasset" 3558
"/Engine/EngineMaterials/PhAT_JointLimitMaterial" 3559
"../../../Engine/Content/EngineMaterials/PhAT_JointLimitMaterial.uasset" 3560
"/Engine/EngineMaterials/FlattenMaterial" 3561
"../../../Engine/Content/EngineMaterials/FlattenMaterial.uasset" 3562
"../../../Engine/Content/EngineMaterials/BaseFlattenDiffuseMap.uasset" 3563
"../../../Engine/Content/EngineMaterials/BaseFlattenEmissiveMap.uasset" 3564
"../../../Engine/Content/EngineMaterials/BaseFlattenGrayscaleMap.uasset" 3565
"../../../Engine/Content/EngineMaterials/BaseFlattenLinearColor.uasset" 3566
"../../../Engine/Content/EngineMaterials/BaseFlattenNormalMap.uasset" 3567
"../../../Engine/Content/Functions/Engine_MaterialFunctions02/PivotPainter2/Black_1x1_EXR_Texture.uasset" 3568
"/Engine/EngineMaterials/FlattenMaterial_VT" 3569
"../../../Engine/Content/EngineMaterials/FlattenMaterial_VT.uasset" 3570
"../../../Engine/Content/EngineMaterials/BaseFlattenDiffuseMap_VT.uasset" 3571
"../../../Engine/Content/EngineMaterials/BaseFlattenEmissiveMap_VT.uasset" 3572
"../../../Engine/Content/EngineMaterials/BaseFlattenGrayscaleMap_VT.uasset" 3573
"../../../Engine/Content/EngineMaterials/BaseFlattenLinearColor_VT.uasset" 3574
"../../../Engine/Content/EngineMaterials/BaseFlattenNormalMap_VT.uasset" 3575
"../../../Engine/Content/EngineMaterials/Black_1x1_EXR_Texture_VT.uasset" 3576
"/Engine/EngineMaterials/FlattenMaterial_WS_Normal_VT" 3577
"../../../Engine/Content/EngineMaterials/FlattenMaterial_WS_Normal_VT.uasset" 3578
"/Engine/EngineMaterials/Good64x64TilingNoiseHighFreq" 3579
"../../../Engine/Content/EngineMaterials/Good64x64TilingNoiseHighFreq.uasset" 3580
"/Engine/EngineMaterials/DefaultBokeh" 3581
"../../../Engine/Content/EngineMaterials/DefaultBokeh.uasset" 3582
"/Engine/EngineMaterials/MiniFont" 3583
"../../../Engine/Content/EngineMaterials/MiniFont.uasset" 3584
"/Engine/EngineMaterials/WeightMapPlaceholderTexture" 3585
"../../../Engine/Content/EngineMaterials/WeightMapPlaceholderTexture.uasset" 3586
"/Engine/EngineMaterials/WeightMapArrayPlaceholderTexture" 3587
"../../../Engine/Content/EngineMaterials/WeightMapArrayPlaceholderTexture.uasset" 3588
"/Engine/EngineMaterials/DefaultWhiteGrid" 3589
"../../../Engine/Content/EngineMaterials/DefaultWhiteGrid.uasset" 3590
"/Engine/EngineMaterials/PreintegratedSkinBRDF" 3591
"../../../Engine/Content/EngineMaterials/PreintegratedSkinBRDF.uasset" 3592
"/Engine/EngineMaterials/LTC/GGX_LTCAmp" 3593
"../../../Engine/Content/EngineMaterials/LTC/GGX_LTCAmp.uasset" 3594
"/Engine/EngineMaterials/LTC/GGX_LTCMat" 3595
"../../../Engine/Content/EngineMaterials/LTC/GGX_LTCMat.uasset" 3596
"/Engine/EngineMaterials/LTC/Sheen_LTC" 3597
"../../../Engine/Content/EngineMaterials/LTC/Sheen_LTC.uasset" 3598
"/Engine/EngineMaterials/EnergyConservation/GGX_ReflectionEnergy" 3599
"../../../Engine/Content/EngineMaterials/EnergyConservation/GGX_ReflectionEnergy.uasset" 3600
"/Engine/EngineMaterials/EnergyConservation/GGX_TransmissionEnergyArray" 3601
"../../../Engine/Content/EngineMaterials/EnergyConservation/GGX_TransmissionEnergyArray.uasset" 3602
"/Engine/EngineMaterials/EnergyConservation/Sheen_Energy" 3603
"../../../Engine/Content/EngineMaterials/EnergyConservation/Sheen_Energy.uasset" 3604
"/Engine/EngineMaterials/EnergyConservation/Diffuse_Energy" 3605
"../../../Engine/Content/EngineMaterials/EnergyConservation/Diffuse_Energy.uasset" 3606
"/Engine/EngineMaterials/DefaultPhysicalMaterial" 3607
"../../../Engine/Content/EngineMaterials/DefaultPhysicalMaterial.uasset" 3608
"/Engine/EngineMaterials/DefaultDestructiblePhysicalMaterial" 3609
"../../../Engine/Content/EngineMaterials/DefaultDestructiblePhysicalMaterial.uasset" 3610
"/Niagara/ParameterDefinitions/CoreParameters" 3611
"../../Plugins/FX/Niagara/Content/ParameterDefinitions/CoreParameters.uasset" 3612
"/Niagara/ParameterDefinitions/DecalRenderer" 3613
"../../Plugins/FX/Niagara/Content/ParameterDefinitions/DecalRenderer.uasset" 3614
"/Niagara/ParameterDefinitions/LightRenderer" 3615
"../../Plugins/FX/Niagara/Content/ParameterDefinitions/LightRenderer.uasset" 3616
"/Niagara/ParameterDefinitions/MeshRenderer" 3617
"../../Plugins/FX/Niagara/Content/ParameterDefinitions/MeshRenderer.uasset" 3618
"/Niagara/ParameterDefinitions/RibbonRenderer" 3619
"../../Plugins/FX/Niagara/Content/ParameterDefinitions/RibbonRenderer.uasset" 3620
"/Niagara/ParameterDefinitions/SpriteRenderer" 3621
"../../Plugins/FX/Niagara/Content/ParameterDefinitions/SpriteRenderer.uasset" 3622
"/DeformerGraph/Deformers/DG_LinearBlendSkin_Morph_Cloth" 3623
"../../Plugins/Animation/DeformerGraph/Content/Deformers/DG_LinearBlendSkin_Morph_Cloth.uasset" 3624
"../../Plugins/Animation/DeformerGraph/Content/DeformerFunctions/DG_Function_LinearBlendSkin_Morph_Cloth.uasset" 3625
"/DeformerGraph/Deformers/DG_LinearBlendSkin_Morph_Cloth_RecomputeNormals" 3626
"../../Plugins/Animation/DeformerGraph/Content/Deformers/DG_LinearBlendSkin_Morph_Cloth_RecomputeNormals.uasset" 3627
"../../Plugins/Animation/DeformerGraph/Content/DeformerFunctions/DG_Function_ComputeNormalsTangents.uasset" 3628
"../../Plugins/Animation/DeformerGraph/Content/DeformerFunctions/DG_Function_LinearBlendSkin_Morph_Cloth_PositionOnly.uasset" 3629
"/Engine/BasicShapes/Cube" 3630
"../../../Engine/Content/BasicShapes/Cube.uasset" 3631
"/Engine/BasicShapes/Sphere" 3632
"../../../Engine/Content/BasicShapes/Sphere.uasset" 3633
"../../../Engine/Content/EngineMaterials/DefaultMaterial.uasset" 3634
"/Engine/BasicShapes/Cylinder" 3635
"../../../Engine/Content/BasicShapes/Cylinder.uasset" 3636
"/Engine/BasicShapes/Cone" 3637
"../../../Engine/Content/BasicShapes/Cone.uasset" 3638
"/Engine/BasicShapes/Plane" 3639
"../../../Engine/Content/BasicShapes/Plane.uasset" 3640
"../../../Engine/Documentation/Source/Shared/Types/ABrush/ABrush.INT.udn" 3641
"../../../Engine/Content/Internationalization/icudt64l/brkitr/root.res" 3642
"../../../Engine/Content/Internationalization/icudt64l/brkitr/char.brk" 3643
"../../../Engine/Content/Internationalization/icudt64l/brkitr/word.brk" 3644
"/Engine/EditorResources/SequenceRecorder/Countdown" 3645
"../../../Engine/Content/EditorResources/SequenceRecorder/Countdown.uasset" 3646
"/Engine/EditorResources/SequenceRecorder/RecordingIndicator" 3647
"../../../Engine/Content/EditorResources/SequenceRecorder/RecordingIndicator.uasset" 3648
"/Engine/EditorMaterials/PhAT_UnselectedMaterial" 3649
"../../../Engine/Content/EditorMaterials/PhAT_UnselectedMaterial.uasset" 3650
"/Engine/EditorMaterials/PhAT_NoCollisionMaterial" 3651
"../../../Engine/Content/EditorMaterials/PhAT_NoCollisionMaterial.uasset" 3652
"/Engine/EditorResources/S_Terrain" 3653
"../../../Engine/Content/EditorResources/S_Terrain.uasset" 3654
"../../../Engine/Plugins/FX/Niagara/Shaders/Private/NiagaraDataInterfaceTexture2DArrayTemplate.ush" 3655
"../../../Engine/Plugins/FX/Niagara/Shaders/Private/NiagaraDataInterfaceActorComponentTemplate.ush" 3656
"../../../Engine/Plugins/FX/Niagara/Shaders/Private/NiagaraDataInterfaceArrayTemplate.ush" 3657
"../../../Engine/Plugins/FX/Niagara/Shaders/Private/NiagaraDataInterfaceArrayRWTemplate.ush" 3658
"../../../Engine/Plugins/FX/Niagara/Shaders/Private/NiagaraDataInterfaceArrayDistributionIntTemplate.ush" 3659
"../../../Engine/Plugins/FX/Niagara/Shaders/Private/NiagaraDataInterfaceAsyncGpuTrace.ush" 3660
"../../../Engine/Plugins/FX/Niagara/Shaders/Private/NiagaraDataInterfaceAsyncGpuTraceTemplate.ush" 3661
"../../../Engine/Plugins/FX/Niagara/Shaders/Private/NiagaraDataInterfaceCamera.ush" 3662
"../../../Engine/Plugins/Experimental/ChaosNiagara/Shaders/NiagaraDataInterfaceChaosDestruction.ush" 3663
"../../../Engine/Plugins/FX/Niagara/Shaders/Private/NiagaraDataInterfaceCollisionQuery.ush" 3664
"../../../Engine/Plugins/FX/Niagara/Shaders/Private/NiagaraDataInterfaceCollisionQueryTemplate.ush" 3665
"../../../Engine/Plugins/FX/Niagara/Shaders/Private/NiagaraDataInterfaceCurveTemplate.ush" 3666
"../../../Engine/Plugins/FX/Niagara/Shaders/Private/NiagaraDataInterfaceCubeTextureTemplate.ush" 3667
"../../../Engine/Plugins/FX/Niagara/Shaders/Private/DataChannel/NiagaraDataInterfaceDataChannelCommon.ush" 3668
"../../../Engine/Plugins/FX/Niagara/Shaders/Private/DataChannel/NiagaraDataInterfaceDataChannelTemplateCommon.ush" 3669
"../../../Engine/Plugins/FX/Niagara/Shaders/Private/DataChannel/NiagaraDataInterfaceDataChannelTemplateReadCommon.ush" 3670
"../../../Engine/Plugins/FX/Niagara/Shaders/Private/DataChannel/NiagaraDataInterfaceDataChannelTemplate_Read.ush" 3671
"../../../Engine/Plugins/FX/Niagara/Shaders/Private/DataChannel/NiagaraDataInterfaceDataChannelTemplate_Consume.ush" 3672
"../../../Engine/Plugins/FX/Niagara/Shaders/Private/DataChannel/NiagaraDataInterfaceDataChannelTemplateWriteCommon.ush" 3673
"../../../Engine/Plugins/FX/Niagara/Shaders/Private/DataChannel/NiagaraDataInterfaceDataChannelTemplate_Append.ush" 3674
"../../../Engine/Plugins/FX/Niagara/Shaders/Private/NiagaraDataInterfaceDataTableTemplate.ush" 3675
"../../../Engine/Plugins/FX/Niagara/Shaders/Private/NiagaraDataInterfaceDebugDraw.ush" 3676
"../../../Engine/Plugins/FX/Niagara/Shaders/Private/NiagaraDataInterfaceDebugDrawTemplate.ush" 3677
"../../../Engine/Plugins/FX/Niagara/Shaders/Private/NiagaraDataInterfaceDynamicMeshTemplate.ush" 3678
"../../../Engine/Plugins/FX/Niagara/Shaders/Private/NiagaraDataInterfaceEmitterPropertiesTemplate.ush" 3679
"../../../Engine/Plugins/FX/Niagara/Shaders/Private/NiagaraDataInterfaceExportTemplate.ush" 3680
"../../../Engine/Plugins/FX/Niagara/Shaders/Private/NiagaraDataInterfaceGBufferTemplate.ush" 3681
"../../../Engine/Plugins/Experimental/ChaosNiagara/Shaders/NiagaraDataInterfaceGeometryCollection.ush" 3682
"../../../Engine/Plugins/FX/Niagara/Shaders/Private/NiagaraTransformUtils.ush" 3683
"../../../Engine/Plugins/Runtime/HairStrands/Shaders/Private/NiagaraStrandsExternalForce.ush" 3684
"../../../Engine/Plugins/Runtime/HairStrands/Shaders/Private/NiagaraHookeSpringMaterial.ush" 3685
"../../../Engine/Plugins/Runtime/HairStrands/Shaders/Private/NiagaraAngularSpringMaterial.ush" 3686
"../../../Engine/Plugins/Runtime/HairStrands/Shaders/Private/NiagaraConstantVolumeMaterial.ush" 3687
"../../../Engine/Plugins/Runtime/HairStrands/Shaders/Private/NiagaraCosseratRodMaterial.ush" 3688
"../../../Engine/Plugins/Runtime/HairStrands/Shaders/Private/NiagaraStaticCollisionConstraint.ush" 3689
"../../../Engine/Plugins/Runtime/HairStrands/Shaders/Private/NiagaraDataInterfaceHairStrands.ush" 3690
"../../../Engine/Plugins/Runtime/HairStrands/Shaders/Private/NiagaraDataInterfaceHairStrandsTemplate.ush" 3691
"../../../Engine/Plugins/FX/Niagara/Shaders/Private/NiagaraDataInterfaceIntRenderTarget2D.ush" 3692
"../../../Engine/Plugins/FX/Niagara/Shaders/Private/NiagaraDataInterfaceLandscape.ush" 3693
"../../../Engine/Plugins/FX/Niagara/Shaders/Private/NiagaraDataInterfaceMemoryBufferTemplate.ush" 3694
"../../../Engine/Plugins/FX/Niagara/Shaders/Private/NiagaraDataInterfaceMeshRendererInfoTemplate.ush" 3695
"../../../Engine/Plugins/FX/Niagara/Shaders/Private/NiagaraDataInterfaceOcclusion.ush" 3696
"../../../Engine/Plugins/FX/Niagara/Shaders/Private/NiagaraDataInterfacePhysicsAsset.ush" 3697
"../../../Engine/Plugins/Experimental/ChaosNiagara/Shaders/NiagaraDataInterfacePhysicsField.ush" 3698
"../../../Engine/Plugins/FX/Niagara/Shaders/Private/NiagaraDataInterfacePlatformSetTemplate.ush" 3699
"../../../Engine/Plugins/Runtime/HairStrands/Shaders/Private/NiagaraDataInterfaceVelocityGrid.ush" 3700
"../../../Engine/Plugins/Runtime/HairStrands/Shaders/Private/NiagaraDataInterfaceVelocityGridTemplate.ush" 3701
"../../../Engine/Plugins/Runtime/HairStrands/Shaders/Private/NiagaraDataInterfacePressureGrid.ush" 3702
"../../../Engine/Plugins/Runtime/HairStrands/Shaders/Private/NiagaraDataInterfacePressureGridTemplate.ush" 3703
"../../../Engine/Plugins/FX/Niagara/Shaders/Private/NiagaraDataInterfaceRenderTarget2DTemplate.ush" 3704
"../../../Engine/Plugins/FX/Niagara/Shaders/Private/NiagaraDataInterfaceRenderTarget2DArrayTemplate.ush" 3705
"../../../Engine/Plugins/FX/Niagara/Shaders/Private/NiagaraDataInterfaceRenderTargetCubeTemplate.ush" 3706
"../../../Engine/Plugins/FX/Niagara/Shaders/Private/NiagaraDataInterfaceRenderTargetVolumeTemplate.ush" 3707
"../../../Engine/Plugins/FX/Niagara/Shaders/Private/NiagaraDataInterfaceRigidMeshCollisionQuery.ush" 3708
"../../../Engine/Plugins/FX/Niagara/Shaders/Private/NiagaraDistanceFieldQueries.ush" 3709
"../../../Engine/Plugins/FX/Niagara/Shaders/Private/NiagaraDataInterfaceSceneCapture2DTemplate.ush" 3710
"../../../Engine/Plugins/FX/Niagara/Shaders/Private/NiagaraDataInterfaceSimCacheReaderTemplate.ush" 3711
"../../../Engine/Plugins/FX/Niagara/Shaders/Private/NiagaraDataInterfaceSimpleCounterTemplate.ush" 3712
"../../../Engine/Plugins/FX/Niagara/Shaders/Private/NiagaraDataInterfaceSkeletalMesh.ush" 3713
"../../../Engine/Plugins/FX/Niagara/Shaders/Private/NiagaraBaryCentricUtils.ush" 3714
"../../../Engine/Plugins/FX/Niagara/Shaders/Private/NiagaraDataInterfaceSkeletalMeshTemplate.ush" 3715
"../../../Engine/Plugins/FX/Niagara/Shaders/Private/NiagaraDataInterfaceSocketReaderTemplate.ush" 3716
"../../../Engine/Plugins/FX/Niagara/Shaders/Private/NiagaraDataInterfaceSparseVolumeTextureTemplate.ush" 3717
"../../../Engine/Plugins/FX/Niagara/Shaders/Private/NiagaraDataInterfaceSplineTemplate.ush" 3718
"../../../Engine/Plugins/FX/Niagara/Shaders/Private/NiagaraDataInterfaceSpriteRendererInfoTemplate.ush" 3719
"../../../Engine/Plugins/FX/Niagara/Shaders/Private/NiagaraDataInterfaceStaticMeshTemplate.ush" 3720
"../../../Engine/Plugins/FX/Niagara/Shaders/Private/NiagaraDataInterfaceTextureTemplate.ush" 3721
"../../../Engine/Plugins/FX/Niagara/Shaders/Private/NiagaraDataInterfaceVirtualTexture.ush" 3722
"../../../Engine/Plugins/FX/Niagara/Shaders/Private/NiagaraDataInterfaceVirtualTextureTemplate.ush" 3723
"../../../Engine/Plugins/FX/Niagara/Shaders/Private/NiagaraDataInterfaceVirtualTextureSampleTemplate.ush" 3724
"../../../Engine/Plugins/FX/Niagara/Shaders/Private/NiagaraDataInterfaceVolumeCache.ush" 3725
"../../../Engine/Plugins/FX/Niagara/Shaders/Private/NiagaraDataInterfaceVolumeTextureTemplate.ush" 3726
"D:/game_develop/github/Orka2026-1/Orka/Content/Fab/4_Candles_pack__new_and_used_versions__mid-poly_/4_candles_pack_new_and_used_versions_mid_poly/Materials/Candles_new.uasset" 3727
"D:/game_develop/github/Orka2026-1/Orka/Content/Fab/4_Candles_pack__new_and_used_versions__mid-poly_/4_candles_pack_new_and_used_versions_mid_poly/StaticMeshes/4_candles_pack_new_an_sed_versions_mid_poly.uasset" 3728
"D:/game_develop/github/Orka2026-1/Orka/Content/Team/KYJ/blood_hand/SVGMat_003.uasset" 3729
"D:/game_develop/github/Orka2026-1/Orka/Content/Team/KYJ/blood_hand/SVGMat_001.uasset" 3730
"D:/game_develop/github/Orka2026-1/Orka/Content/Team/KYJ/blood_hand/red.uasset" 3731
"D:/game_develop/github/Orka2026-1/Orka/Content/Team/KYJ/blood_hand/Material_001.uasset" 3732
"D:/game_develop/github/Orka2026-1/Orka/Content/Fab/4_Candles_pack__new_and_used_versions__mid-poly_/4_candles_pack_new_and_used_versions_mid_poly/Materials/Extra_for_candles.uasset" 3733
"D:/game_develop/github/Orka2026-1/Orka/Content/Team/KYJ/blood_hand/Curve_132.uasset" 3734
"D:/game_develop/github/Orka2026-1/Orka/Content/Team/KYJ/blood_hand/Material_002.uasset" 3735
"D:/game_develop/github/Orka2026-1/Orka/Content/Team/KYJ/toilet_washstand/Material_003.uasset" 3736
"D:/game_develop/github/Orka2026-1/Orka/Content/Team/KYJ/toilet_washstand/Loseta_textura.uasset" 3737
"D:/game_develop/github/Orka2026-1/Orka/Content/Team/KYJ/toilet_washstand/Material_004.uasset" 3738
"D:/game_develop/github/Orka2026-1/Orka/Content/Team/KYJ/toilet_washstand/Material_002.uasset" 3739
"D:/game_develop/github/Orka2026-1/Orka/Content/Team/KYJ/toilet_washstand/Material_001.uasset" 3740
"D:/game_develop/github/Orka2026-1/Orka/Content/MY/MyBluePrints/Construct/BP_CandleHand.uasset" 3741
"D:/game_develop/github/Orka2026-1/Orka/Content/Fab/4_Candles_pack__new_and_used_versions__mid-poly_/4_candles_pack_new_and_used_versions_mid_poly/Materials/Used_candles.uasset" 3742
"D:/game_develop/github/Orka2026-1/Orka/Content/Team/KYJ/toilet_washstand/toilet_washstand.uasset" 3743
"D:/game_develop/github/Orka2026-1/Orka/Content/Team/Sound/29_??_???.uasset" 3744
"D:/game_develop/github/Orka2026-1/Orka/Content/Team/KGY/widget/WBP_NotOpenSleep.uasset" 3745
"D:/game_develop/github/Orka2026-1/Orka/Content/Team/YMJ/0_reimport/0_toilet_door_material.uasset" 3746
"/Game/Fab/4_Candles_pack__new_and_used_versions__mid-poly_/4_candles_pack_new_and_used_versions_mid_poly/Materials/Candles_new" 3747
"D:/game_develop/github/Orka2026-1/Orka/Content/Team/KGY/widget/WBP_lookelevaotr.uasset" 3748
"D:/game_develop/github/Orka2026-1/Orka/Content/MY/MyBluePrints/Construct/Sign/BP_Sign404.uasset" 3749
"D:/game_develop/github/Orka2026-1/Orka/Content/Team/KGY/widget/WBP_runfromheel.uasset" 3750
"D:/game_develop/github/Orka2026-1/Orka/Content/Team/KGY/widget/WBP_ArriveAtSleep.uasset" 3751
"D:/game_develop/github/Orka2026-1/Orka/Content/Team/KYJ/blood_hand/Curve_333.uasset" 3752
"D:/game_develop/github/Orka2026-1/Orka/Content/Team/KGY/widget/WBP_ArriveAtRest.uasset" 3753
"D:/game_develop/github/Orka2026-1/Orka/Content/MY/MyBluePrints/Trigger/BP_TriggerOpen.uasset" 3754
"D:/game_develop/github/Orka2026-1/Orka/Content/MY/MyBluePrints/Trigger/BP_SettingBGM.uasset" 3755
"D:/game_develop/github/Orka2026-1/Orka/Content/Team/KYJ/toilet_washstand/Material.uasset" 3756
"D:/game_develop/github/Orka2026-1/Orka/Content/Team/KGY/widget/WBP_heelsound.uasset" 3757
"D:/game_develop/github/Orka2026-1/Orka/Content/Team/KGY/widget/WBP_NotOpenHill.uasset" 3758
"D:/game_develop/github/Orka2026-1/Orka/Content/Team/Sound/28_?_.uasset" 3759
"../../Plugins/Interchange/Assets/Content/gltf/MaterialInstances/MI_Default_Opaque_DS.uasset" 3760
"../../Plugins/Interchange/Assets/Content/gltf/M_Default.uasset" 3761
"../../Plugins/Interchange/Assets/Content/Functions/MF_IridescenceNoLUT.uasset" 3762
"../../Plugins/Interchange/Assets/Content/gltf/MaterialBodies/MF_Default_Body.uasset" 3763
"../../Plugins/Interchange/Assets/Content/gltf/MaterialFunctions/MF_BaseColor.uasset" 3764
"../../Plugins/Interchange/Assets/Content/gltf/MaterialFunctions/MF_Emissive.uasset" 3765
"../../Plugins/Interchange/Assets/Content/gltf/MaterialFunctions/MF_IOR.uasset" 3766
"../../Plugins/Interchange/Assets/Content/gltf/MaterialFunctions/MF_Iridescence.uasset" 3767
"../../Plugins/Interchange/Assets/Content/gltf/MaterialFunctions/MF_MetallicRoughness.uasset" 3768
"../../Plugins/Interchange/Assets/Content/gltf/MaterialFunctions/MF_Normals.uasset" 3769
"../../Plugins/Interchange/Assets/Content/gltf/MaterialFunctions/MF_Occlusion.uasset" 3770
"../../Plugins/Interchange/Assets/Content/gltf/MaterialFunctions/MF_RotateNormals_TS.uasset" 3771
"../../Plugins/Interchange/Assets/Content/gltf/MaterialFunctions/MF_RotateV2.uasset" 3772
"../../Plugins/Interchange/Assets/Content/gltf/MaterialFunctions/MF_ScaleNormal.uasset" 3773
"../../Plugins/Interchange/Assets/Content/gltf/MaterialFunctions/MF_Specular.uasset" 3774
"../../Plugins/Interchange/Assets/Content/gltf/MaterialFunctions/MF_SpecularAnisotropy.uasset" 3775
"../../Plugins/Interchange/Assets/Content/gltf/MaterialFunctions/MF_TransformUVs.uasset" 3776
"../../Plugins/Interchange/Assets/Content/gltf/Textures/T_Anisotropy_Direction_Linear.uasset" 3777
"../../Plugins/Interchange/Assets/Content/gltf/Textures/T_Generic_N.uasset" 3778
"../../Plugins/Interchange/Assets/Content/gltf/Textures/T_White_Linear.uasset" 3779
"../../Plugins/Interchange/Assets/Content/gltf/Textures/T_White_srgb.uasset" 3780
"/Game/Team/KYJ/blood_hand/SVGMat_001" 3781
"../../Plugins/Interchange/Assets/Content/Materials/FBXLegacyPhongSurfaceMaterial.uasset" 3782
"../../../Engine/Content/Functions/Engine_MaterialFunctions03/Procedurals/NormalFromHeightmap.uasset" 3783
"../../Plugins/Interchange/Assets/Content/Functions/MF_PhongToMetalRoughness.uasset" 3784
"../../../Engine/Content/EngineMaterials/DefaultNormal.uasset" 3785
"/Game/Team/KYJ/blood_hand/red" 3786
"D:/game_develop/github/Orka2026-1/Orka/Content/MY/MyBluePrints/Trigger/BP_TriggerChoice.uasset" 3787
"/Game/Fab/4_Candles_pack__new_and_used_versions__mid-poly_/4_candles_pack_new_and_used_versions_mid_poly/Materials/Used_candles" 3788
"D:/game_develop/github/Orka2026-1/Orka/Content/MY/MyWidgets/Choose/WBP_Choose4.uasset" 3789
"D:/game_develop/github/Orka2026-1/Orka/Content/Team/Sound/1_?????2.uasset" 3790
"/Game/Fab/4_Candles_pack__new_and_used_versions__mid-poly_/4_candles_pack_new_and_used_versions_mid_poly/Materials/Extra_for_candles" 3791
"/Game/Fab/4_Candles_pack__new_and_used_versions__mid-poly_/4_candles_pack_new_and_used_versions_mid_poly/StaticMeshes/4_candles_pack_new_an_sed_versions_mid_poly" 3792
"/Game/Team/KYJ/blood_hand/SVGMat_003" 3793
"/Game/Team/KYJ/blood_hand/Material_001" 3794
"/Game/Team/KYJ/blood_hand/Curve_333" 3795
"/Game/Team/KYJ/blood_hand/Material_002" 3796
"/Game/Team/KYJ/blood_hand/Curve_132" 3797
"/Game/Team/KYJ/toilet_washstand/Material_004" 3798
"/Game/Team/KYJ/toilet_washstand/Material_003" 3799
"/Game/Team/KYJ/toilet_washstand/Loseta_textura" 3800
"/Game/Team/KYJ/toilet_washstand/Material_002" 3801
"/Game/Team/KYJ/toilet_washstand/Material_001" 3802
"/Game/Team/KYJ/toilet_washstand/Material" 3803
"/Game/Team/KYJ/toilet_washstand/toilet_washstand" 3804
"/Game/Team/Sound/29_??_???" 3805
"D:/game_develop/github/Orka2026-1/Orka/Content/MY/MyBluePrints/Sound/SC_Trigger.uasset" 3806
"/Game/Team/Sound/28_?_" 3807
"/Game/MY/MyBluePrints/Construct/BP_CandleHand" 3808
"../../../Engine/Content/EditorBlueprintResources/StandardMacros.uasset" 3809
"/Game/MY/MyBluePrints/Trigger/BP_SettingBGM" 3810
"D:/game_develop/github/Orka2026-1/Orka/Content/MY/MyBluePrints/BP_GameInstance.uasset" 3811
"D:/game_develop/github/Orka2026-1/Orka/Content/MY/MyBluePrints/Trigger/BP_TriggerT.uasset" 3812
"D:/game_develop/github/Orka2026-1/Orka/Content/Team/Sound/Alone_??_.uasset" 3813
"D:/game_develop/github/Orka2026-1/Orka/Content/MY/MyBluePrints/BP_Flashlight.uasset" 3814
"D:/game_develop/github/Orka2026-1/Orka/Content/MY/MyBluePrints/BP_Player.uasset" 3815
"D:/game_develop/github/Orka2026-1/Orka/Content/MY/EPickupType.uasset" 3816
"D:/game_develop/github/Orka2026-1/Orka/Content/MY/MyBluePrints/S_ItemData.uasset" 3817
"D:/game_develop/github/Orka2026-1/Orka/Content/MY/MyBluePrints/BPI_Interactable.uasset" 3818
"D:/game_develop/github/Orka2026-1/Orka/Content/Fab/Tactical_Flashlight/tactical_flashlight/StaticMeshes/SM_Flashlight.uasset" 3819
"D:/game_develop/github/Orka2026-1/Orka/Content/MY/MyWidgets/Item/WBP_GetFlashlight.uasset" 3820
"D:/game_develop/github/Orka2026-1/Orka/Content/Team/Sound/2_?????.uasset" 3821
"D:/game_develop/github/Orka2026-1/Orka/Content/MY/MyInputActions/IA_Close.uasset" 3822
"D:/game_develop/github/Orka2026-1/Orka/Content/MY/MyInputActions/IA_Down.uasset" 3823
"D:/game_develop/github/Orka2026-1/Orka/Content/MY/MyInputActions/IA_Flashlight.uasset" 3824
"D:/game_develop/github/Orka2026-1/Orka/Content/MY/MyInputActions/IA_Interact.uasset" 3825
"D:/game_develop/github/Orka2026-1/Orka/Content/MY/MyInputActions/IA_Inventory.uasset" 3826
"D:/game_develop/github/Orka2026-1/Orka/Content/MY/MyInputActions/IA_Jump.uasset" 3827
"D:/game_develop/github/Orka2026-1/Orka/Content/MY/MyInputActions/IA_Left.uasset" 3828
"D:/game_develop/github/Orka2026-1/Orka/Content/MY/MyInputActions/IA_Look.uasset" 3829
"D:/game_develop/github/Orka2026-1/Orka/Content/MY/MyInputActions/IA_Move.uasset" 3830
"D:/game_develop/github/Orka2026-1/Orka/Content/MY/MyInputActions/IA_Quit.uasset" 3831
"D:/game_develop/github/Orka2026-1/Orka/Content/MY/MyInputActions/IA_Right.uasset" 3832
"D:/game_develop/github/Orka2026-1/Orka/Content/MY/MyInputActions/IA_Sprint.uasset" 3833
"D:/game_develop/github/Orka2026-1/Orka/Content/MY/MyInputActions/IA_Up.uasset" 3834
"D:/game_develop/github/Orka2026-1/Orka/Content/MY/MyInputActions/IMC_Player.uasset" 3835
"D:/game_develop/github/Orka2026-1/Orka/Content/MY/MyWidgets/MainMenu/WBP_Quit.uasset" 3836
"D:/game_develop/github/Orka2026-1/Orka/Content/MY/MyWidgets/WBP_HUD.uasset" 3837
"D:/game_develop/github/Orka2026-1/Orka/Content/MY/MyWidgets/WBP_Inventory.uasset" 3838
"D:/game_develop/github/Orka2026-1/Orka/Content/Team/Sound/3_???.uasset" 3839
"D:/game_develop/github/Orka2026-1/Orka/Content/Fab/Tactical_Flashlight/tactical_flashlight/Materials/T_Flashlight.uasset" 3840
"D:/game_develop/github/Orka2026-1/Orka/Content/MY/MyImages/HowToUseFlashlightImage.uasset" 3841
"D:/game_develop/github/Orka2026-1/Orka/Content/MY/MyInputActions/IA_Space.uasset" 3842
"D:/game_develop/github/Orka2026-1/Orka/Content/MY/MyImages/Bag.uasset" 3843
"D:/game_develop/github/Orka2026-1/Orka/Content/MY/MyImages/FlashlightBattery.uasset" 3844
"D:/game_develop/github/Orka2026-1/Orka/Content/MY/MyImages/Sanity.uasset" 3845
"D:/game_develop/github/Orka2026-1/Orka/Content/MY/MyImages/WhiteDotImage.uasset" 3846
"D:/game_develop/github/Orka2026-1/Orka/Content/MY/MyWidgets/WBP_CannotUse.uasset" 3847
"D:/game_develop/github/Orka2026-1/Orka/Content/MY/MyWidgets/WBP_InventorySlot.uasset" 3848
"../../Plugins/Interchange/Assets/Content/gltf/MaterialInstances/MI_ClearCoat_Blend.uasset" 3849
"D:/game_develop/github/Orka2026-1/Orka/Content/Fab/Tactical_Flashlight/tactical_flashlight/Textures/tactical_flashlight_texture_0.uasset" 3850
"D:/game_develop/github/Orka2026-1/Orka/Content/Fab/Tactical_Flashlight/tactical_flashlight/Textures/tactical_flashlight_texture_1.uasset" 3851
"D:/game_develop/github/Orka2026-1/Orka/Content/Fab/Tactical_Flashlight/tactical_flashlight/Textures/tactical_flashlight_texture_2.uasset" 3852
"D:/game_develop/github/Orka2026-1/Orka/Content/MY/MyImages/CannotUseImage.uasset" 3853
"../../Plugins/Interchange/Assets/Content/gltf/M_ClearCoat.uasset" 3854
"../../../Engine/Content/Functions/Engine_MaterialFunctions01/Texturing/FlattenNormal.uasset" 3855
"../../../Engine/Content/Functions/Engine_MaterialFunctions03/Math/RemapValueRange.uasset" 3856
"../../Plugins/Interchange/Assets/Content/Functions/MF_Iridescence.uasset" 3857
"../../Plugins/Interchange/Assets/Content/gltf/MaterialBodies/MF_ClearCoat_Body.uasset" 3858
"../../Plugins/Interchange/Assets/Content/gltf/MaterialFunctions/MF_Clearcoat.uasset" 3859
"../../Plugins/Interchange/Assets/Content/Utilities/New_LUT.uasset" 3860
"/Game/MY/MyBluePrints/Construct/Sign/BP_Sign404" 3861
"/Game/Team/YMJ/0_reimport/0_toilet_door_material" 3862
"/Game/Team/KGY/widget/WBP_runfromheel" 3863
"/Game/Team/KGY/widget/WBP_NotOpenSleep" 3864
"/Game/Team/KGY/widget/WBP_NotOpenHill" 3865
"/Game/Team/KGY/widget/WBP_lookelevaotr" 3866
"/Game/Team/KGY/widget/WBP_heelsound" 3867
"/Game/Team/KGY/widget/WBP_ArriveAtSleep" 3868
"/Game/Team/KGY/widget/WBP_ArriveAtRest" 3869
"/Game/MY/MyBluePrints/Trigger/BP_TriggerOpen" 3870
"D:/game_develop/github/Orka2026-1/Orka/Content/MY/MyBluePrints/Construct/BP_WallDoor.uasset" 3871
"D:/game_develop/github/Orka2026-1/Orka/Content/MY/MyBluePrints/Trigger/BP_ResistanceEventTrigger.uasset" 3872
"D:/game_develop/github/Orka2026-1/Orka/Content/Team/YMJ/background/wall_basic.uasset" 3873
"D:/game_develop/github/Orka2026-1/Orka/Content/Team/YMJ/classroom/3_lectern_material.uasset" 3874
"D:/game_develop/github/Orka2026-1/Orka/Content/Team/YMJ/toilet/1_toilet_door_material.uasset" 3875
"D:/game_develop/github/Orka2026-1/Orka/Content/MY/MyMesh/SM_Door.uasset" 3876
"D:/game_develop/github/Orka2026-1/Orka/Content/MY/MyMesh/SM_DoorHandleLeft.uasset" 3877
"D:/game_develop/github/Orka2026-1/Orka/Content/MY/MyMesh/SM_DoorHandleRight.uasset" 3878
"D:/game_develop/github/Orka2026-1/Orka/Content/MY/MyWidgets/Ending/WBP_GameOverHall.uasset" 3879
"D:/game_develop/github/Orka2026-1/Orka/Content/MY/MyWidgets/WBP_NotOpen.uasset" 3880
"D:/game_develop/github/Orka2026-1/Orka/Content/Team/Sound/10_???2.uasset" 3881
"D:/game_develop/github/Orka2026-1/Orka/Content/Team/Sound/11_???1.uasset" 3882
"D:/game_develop/github/Orka2026-1/Orka/Content/Team/Sound/11_???2.uasset" 3883
"D:/game_develop/github/Orka2026-1/Orka/Content/Team/Sound/19_??_????_??.uasset" 3884
"D:/game_develop/github/Orka2026-1/Orka/Content/Team/Sound/48__????_???_???.uasset" 3885
"D:/game_develop/github/Orka2026-1/Orka/Content/Team/Sound/4_???1.uasset" 3886
"D:/game_develop/github/Orka2026-1/Orka/Content/MY/MyImages/GameOverImage.uasset" 3887
"D:/game_develop/github/Orka2026-1/Orka/Content/MY/MyImages/MenuImage.uasset" 3888
"D:/game_develop/github/Orka2026-1/Orka/Content/MY/MyImages/RetryImage.uasset" 3889
"D:/game_develop/github/Orka2026-1/Orka/Content/MY/MyBluePrints/Trigger/BP_SoundTrigger.uasset" 3890
"D:/game_develop/github/Orka2026-1/Orka/Content/Team/Sound/7_???.uasset" 3891
"D:/game_develop/github/Orka2026-1/Orka/Content/MY/MyBluePrints/Trigger/BP_SkipWarning.uasset" 3892
"D:/game_develop/github/Orka2026-1/Orka/Content/MY/MyBluePrints/Trigger/BP_SoundOffTrigger.uasset" 3893
"D:/game_develop/github/Orka2026-1/Orka/Content/MY/MyBluePrints/Trigger/BP_SoundOnTrigger.uasset" 3894
"D:/game_develop/github/Orka2026-1/Orka/Content/MY/MyBluePrints/Trigger/BP_SkipElevatorWarning.uasset" 3895
"D:/game_develop/github/Orka2026-1/Orka/Content/Team/KGY/widget/WBP_wnelevator.uasset" 3896
"D:/game_develop/github/Orka2026-1/Orka/Content/MY/MyWidgets/WBP_HowToMove.uasset" 3897
"D:/game_develop/github/Orka2026-1/Orka/Content/MY/MyBluePrints/Trigger/BP_KeyExplain.uasset" 3898
"D:/game_develop/github/Orka2026-1/Orka/Content/MY/MyWidgets/Ending/WBP_BadEnd.uasset" 3899
"D:/game_develop/github/Orka2026-1/Orka/Content/Team/KGY/widget/WBP_runfromsleep.uasset" 3900
"D:/game_develop/github/Orka2026-1/Orka/Content/MY/MyBluePrints/Read/BP_ReadPoster.uasset" 3901
"D:/game_develop/github/Orka2026-1/Orka/Content/MY/MyBluePrints/Trigger/BP_ASleepBRest.uasset" 3902
"D:/game_develop/github/Orka2026-1/Orka/Content/MY/MyBluePrints/Trigger/BP_CreateShoes.uasset" 3903
"D:/game_develop/github/Orka2026-1/Orka/Content/Team/YMJ/memo/4_under_the_recliner_texture.uasset" 3904
"D:/game_develop/github/Orka2026-1/Orka/Content/Team/YMJ/memo/4_under_the_recliner_material.uasset" 3905
"D:/game_develop/github/Orka2026-1/Orka/Content/MY/MyBluePrints/Read/BP_Note4.uasset" 3906
"D:/game_develop/github/Orka2026-1/Orka/Content/Team/YMJ/memo/4_under_the_recliner.uasset" 3907
"D:/game_develop/github/Orka2026-1/Orka/Content/Team/KGY/test.uasset" 3908
"D:/game_develop/github/Orka2026-1/Orka/Content/Team/YMJ/memo/3_on_the_sofa_texture.uasset" 3909
"D:/game_develop/github/Orka2026-1/Orka/Content/MY/MyBluePrints/Trigger/BP_Ending.uasset" 3910
"D:/game_develop/github/Orka2026-1/Orka/Content/MY/MyWidgets/Item/WBP_GetNote3.uasset" 3911
"D:/game_develop/github/Orka2026-1/Orka/Content/Team/YMJ/memo/3_on_the_sofa.uasset" 3912
"D:/game_develop/github/Orka2026-1/Orka/Content/MY/MyBluePrints/Read/BP_Note3.uasset" 3913
"D:/game_develop/github/Orka2026-1/Orka/Content/Team/KYJ/paper/paper3.uasset" 3914
"D:/game_develop/github/Orka2026-1/Orka/Content/MY/MyWidgets/Ending/WBP_GoodEnd.uasset" 3915
"D:/game_develop/github/Orka2026-1/Orka/Content/MY/MyWidgets/Item/WBP_GetNote4.uasset" 3916
"D:/game_develop/github/Orka2026-1/Orka/Content/Team/KYJ/paper/paper.uasset" 3917
"/Game/MY/MyBluePrints/Trigger/BP_TriggerChoice" 3918
"D:/game_develop/github/Orka2026-1/Orka/Content/Team/YMJ/memo/3_on_the_sofa_material.uasset" 3919
"D:/game_develop/github/Orka2026-1/Orka/Content/MY/MyBluePrints/BP_Shoes.uasset" 3920
"D:/game_develop/github/Orka2026-1/Orka/Content/MY/MyBluePrints/BPI_Use.uasset" 3921
"D:/game_develop/github/Orka2026-1/Orka/Content/Fab/Tie_Dye_Sneaker_-_photogrammetry/tie_dye_sneaker_photogrammetry/StaticMeshes/tie_dye_sneaker_photogrammetry.uasset" 3922
"D:/game_develop/github/Orka2026-1/Orka/Content/MY/MyWidgets/Item/WBP_getshoes.uasset" 3923
"D:/game_develop/github/Orka2026-1/Orka/Content/Fab/Tie_Dye_Sneaker_-_photogrammetry/tie_dye_sneaker_photogrammetry/Materials/trampek_tris_30k.uasset" 3924
"/Game/Team/KGY/widget/WBP_runfromsleep" 3925
"/Game/MY/MyWidgets/Ending/WBP_BadEnd" 3926
"/Game/MY/MyWidgets/WBP_HowToMove" 3927
"D:/game_develop/github/Orka2026-1/Orka/Content/MY/MyImages/CloseImage.uasset" 3928
"D:/game_develop/github/Orka2026-1/Orka/Content/Team/SGE/test.uasset" 3929
"/Game/MY/MyBluePrints/Trigger/BP_SkipElevatorWarning" 3930
"D:/game_develop/github/Orka2026-1/Orka/Content/MY/MyBluePrints/Trigger/BP_WidgetTrigger.uasset" 3931
"/Game/MY/MyBluePrints/Trigger/BP_SkipWarning" 3932
"/Game/MY/MyBluePrints/Trigger/BP_SoundOnTrigger" 3933
"/Game/MY/MyBluePrints/Trigger/BP_SoundTrigger" 3934
"D:/game_develop/github/Orka2026-1/Orka/Content/MY/MyWidgets/Item/WBP_GetUniveNews2.uasset" 3935
"D:/game_develop/github/Orka2026-1/Orka/Content/MY/MyWidgets/Item/WBP_GetUniveNews1.uasset" 3936
"D:/game_develop/github/Orka2026-1/Orka/Content/Team/KYJ/univnews/univ.uasset" 3937
"D:/game_develop/github/Orka2026-1/Orka/Content/MY/MyBluePrints/Read/BP_GetUniv1.uasset" 3938
"D:/game_develop/github/Orka2026-1/Orka/Content/Team/KYJ/univnews/Material_001.uasset" 3939
"D:/game_develop/github/Orka2026-1/Orka/Content/MY/MyBluePrints/Read/BP_GetUniv2.uasset" 3940
"D:/game_develop/github/Orka2026-1/Orka/Content/MY/MyWidgets/Item/WBP_PhotoHill.uasset" 3941
"/Game/Team/KYJ/paper/paper" 3942
"D:/game_develop/github/Orka2026-1/Orka/Content/Team/KYJ/ghost_photo/Material_001.uasset" 3943
"D:/game_develop/github/Orka2026-1/Orka/Content/Team/KYJ/ghost_photo/ghost_photo.uasset" 3944
"D:/game_develop/github/Orka2026-1/Orka/Content/Team/KYJ/univnews/univnews_.uasset" 3945
"D:/game_develop/github/Orka2026-1/Orka/Content/Team/KYJ/ghost_photo/girl.uasset" 3946
"D:/game_develop/github/Orka2026-1/Orka/Content/Team/KYJ/paper/Material_001.uasset" 3947
"/Game/MY/MyBluePrints/Read/BP_Note3" 3948
"/Game/MY/MyBluePrints/Read/BP_Note4" 3949
"/Game/MY/MyBluePrints/Trigger/BP_ASleepBRest" 3950
"/Game/MY/MyBluePrints/Trigger/BP_CreateShoes" 3951
"/Game/MY/MyBluePrints/Trigger/BP_Ending" 3952
"D:/game_develop/github/Orka2026-1/Orka/Content/MY/MyBluePrints/Construct/BP_Elevator.uasset" 3953
"D:/game_develop/github/Orka2026-1/Orka/Content/MY/MyBluePrints/Construct/BP_LampOn.uasset" 3954
"D:/game_develop/github/Orka2026-1/Orka/Content/MY/MyBluePrints/Construct/BP_Lever.uasset" 3955
"D:/game_develop/github/Orka2026-1/Orka/Content/Team/YMJ/elevator/Emission.uasset" 3956
"D:/game_develop/github/Orka2026-1/Orka/Content/MY/MyWidgets/Choose/WBP_GiveShoes.uasset" 3957
"D:/game_develop/github/Orka2026-1/Orka/Content/Team/Sound/36_???????.uasset" 3958
"D:/game_develop/github/Orka2026-1/Orka/Content/Team/Sound/37_??on.uasset" 3959
"D:/game_develop/github/Orka2026-1/Orka/Content/Team/YMJ/elevator/0_wall.uasset" 3960
"D:/game_develop/github/Orka2026-1/Orka/Content/Team/YMJ/elevator/1_0frame.uasset" 3961
"D:/game_develop/github/Orka2026-1/Orka/Content/Team/YMJ/elevator/1_1CallingButtons.uasset" 3962
"D:/game_develop/github/Orka2026-1/Orka/Content/Team/YMJ/elevator/1_2CallingButtons_panel.uasset" 3963
"D:/game_develop/github/Orka2026-1/Orka/Content/Team/YMJ/elevator/2_elevatorcage.uasset" 3964
"D:/game_develop/github/Orka2026-1/Orka/Content/Team/YMJ/elevator/3_nuberpad.uasset" 3965
"D:/game_develop/github/Orka2026-1/Orka/Content/Team/YMJ/elevator/LeftInteriorDoor.uasset" 3966
"D:/game_develop/github/Orka2026-1/Orka/Content/Team/KYJ/lamp/lamp_off2.uasset" 3967
"D:/game_develop/github/Orka2026-1/Orka/Content/Team/KGY/widget/WBP_CheckElevator.uasset" 3968
"D:/game_develop/github/Orka2026-1/Orka/Content/Team/Sound/40__???_??.uasset" 3969
"D:/game_develop/github/Orka2026-1/Orka/Content/Team/YMJ/fuse/0_lever.uasset" 3970
"D:/game_develop/github/Orka2026-1/Orka/Content/Team/YMJ/elevator/Wall.uasset" 3971
"D:/game_develop/github/Orka2026-1/Orka/Content/Team/YMJ/elevator/0_wall_PhysicsAsset.uasset" 3972
"D:/game_develop/github/Orka2026-1/Orka/Content/Team/YMJ/elevator/0_wall_Skeleton.uasset" 3973
"D:/game_develop/github/Orka2026-1/Orka/Content/Team/YMJ/elevator_no_screen_/Metal.uasset" 3974
"D:/game_develop/github/Orka2026-1/Orka/Content/Team/YMJ/elevator/1_0frame_PhysicsAsset.uasset" 3975
"D:/game_develop/github/Orka2026-1/Orka/Content/Team/YMJ/elevator/1_0frame_Skeleton.uasset" 3976
"D:/game_develop/github/Orka2026-1/Orka/Content/Team/YMJ/elevator/1_1CallingButtons_Skeleton.uasset" 3977
"D:/game_develop/github/Orka2026-1/Orka/Content/Team/YMJ/elevator_no_screen_/DarkerMetal.uasset" 3978
"D:/game_develop/github/Orka2026-1/Orka/Content/Team/YMJ/elevator/1_2CallingButtons_panel_Skeleton.uasset" 3979
"D:/game_develop/github/Orka2026-1/Orka/Content/Team/YMJ/elevator_no_screen_/Emission.uasset" 3980
"D:/game_develop/github/Orka2026-1/Orka/Content/Team/YMJ/elevator/2_elevatorcage_PhysicsAsset.uasset" 3981
"D:/game_develop/github/Orka2026-1/Orka/Content/Team/YMJ/elevator/2_elevatorcage_Skeleton.uasset" 3982
"D:/game_develop/github/Orka2026-1/Orka/Content/Team/YMJ/elevator/3_nuberpad_Skeleton.uasset" 3983
"D:/game_develop/github/Orka2026-1/Orka/Content/Team/YMJ/elevator/4_door_Skeleton.uasset" 3984
"D:/game_develop/github/Orka2026-1/Orka/Content/Team/YMJ/elevator/LeftInteriorDoor_PhysicsAsset.uasset" 3985
"D:/game_develop/github/Orka2026-1/Orka/Content/Team/KYJ/lamp/Material.uasset" 3986
"D:/game_develop/github/Orka2026-1/Orka/Content/Team/KYJ/lamp/Material_001.uasset" 3987
"D:/game_develop/github/Orka2026-1/Orka/Content/Team/YMJ/fuse/0_lever_handle_material.uasset" 3988
"D:/game_develop/github/Orka2026-1/Orka/Content/Team/YMJ/fuse/0_lever_handle_material1.uasset" 3989
"/Game/MY/MyBluePrints/Trigger/BP_KeyExplain" 3990
"/Game/MY/MyBluePrints/Trigger/BP_SoundOffTrigger" 3991
"D:/game_develop/github/Orka2026-1/Orka/Content/Team/YMJ/item/0_bookcover_front_material.uasset" 3992
"D:/game_develop/github/Orka2026-1/Orka/Content/MY/MyBluePrints/Read/BP_GetPhoto.uasset" 3993
"D:/game_develop/github/Orka2026-1/Orka/Content/Team/YMJ/item/0_bookpage2_material.uasset" 3994
"D:/game_develop/github/Orka2026-1/Orka/Content/Team/YMJ/item/0_bookcover_front.uasset" 3995
"D:/game_develop/github/Orka2026-1/Orka/Content/Team/YMJ/item/0_bookcover_back.uasset" 3996
"D:/game_develop/github/Orka2026-1/Orka/Content/Team/YMJ/classroom/2_whiteboard_surface.uasset" 3997
"D:/game_develop/github/Orka2026-1/Orka/Content/Team/YMJ/item/0_book.uasset" 3998
"D:/game_develop/github/Orka2026-1/Orka/Content/MY/MyWidgets/Item/WBP_FairyTail.uasset" 3999
"D:/game_develop/github/Orka2026-1/Orka/Content/Team/YMJ/classroom/2_whiteboard_surface1.uasset" 4000
"D:/game_develop/github/Orka2026-1/Orka/Content/Team/YMJ/classroom/2_whiteboard1.uasset" 4001
"D:/game_develop/github/Orka2026-1/Orka/Content/Team/YMJ/toilet/1_toilet_tissue_material.uasset" 4002
"D:/game_develop/github/Orka2026-1/Orka/Content/MY/MyBluePrints/Construct/BP_WhiteBoardwr.uasset" 4003
"D:/game_develop/github/Orka2026-1/Orka/Content/MY/MyBluePrints/Construct/BP_WhiteBoard1.uasset" 4004
"D:/game_develop/github/Orka2026-1/Orka/Content/MY/MyBluePrints/Read/BP_GetFairy.uasset" 4005
"D:/game_develop/github/Orka2026-1/Orka/Content/Team/YMJ/classroom/2_whiteboard_scribble.uasset" 4006
"D:/game_develop/github/Orka2026-1/Orka/Content/Team/YMJ/classroom/2_whiteboard_material.uasset" 4007
"D:/game_develop/github/Orka2026-1/Orka/Content/Team/YMJ/classroom/2_whiteboard.uasset" 4008
"D:/game_develop/github/Orka2026-1/Orka/Content/Team/YMJ/item/0_bookcover_back_material.uasset" 4009
"/Game/Team/KYJ/paper/paper3" 4010
"/Game/MY/MyWidgets/Item/WBP_PhotoHill" 4011
"/Game/Team/KYJ/ghost_photo/ghost_photo" 4012
"/Game/MY/MyBluePrints/Read/BP_ReadPoster" 4013
"/Game/MY/MyBluePrints/Read/BP_GetUniv1" 4014
"/Game/MY/MyBluePrints/Read/BP_GetUniv2" 4015
"D:/game_develop/github/Orka2026-1/Orka/Content/Team/YMJ/toilet/1_toilet_rubber_material.uasset" 4016
"D:/game_develop/github/Orka2026-1/Orka/Content/Team/YMJ/toilet/1_toilet_wall2.uasset" 4017
"D:/game_develop/github/Orka2026-1/Orka/Content/MY/MyBluePrints/Construct/BP_WallRestRoom.uasset" 4018
"D:/game_develop/github/Orka2026-1/Orka/Content/MY/MyBluePrints/Construct/BP_WallHalf.uasset" 4019
"D:/game_develop/github/Orka2026-1/Orka/Content/Team/YMJ/toilet/1_toilet_wall_material.uasset" 4020
"D:/game_develop/github/Orka2026-1/Orka/Content/Team/YMJ/toilet/1_toilet_wall3.uasset" 4021
"D:/game_develop/github/Orka2026-1/Orka/Content/Team/YMJ/toilet/1_toilet_vacant_material.uasset" 4022
"D:/game_develop/github/Orka2026-1/Orka/Content/MY/MyBluePrints/Construct/BP_WallDoor_NoTrigger.uasset" 4023
"D:/game_develop/github/Orka2026-1/Orka/Content/Team/YMJ/toilet/1_toilet_door.uasset" 4024
"D:/game_develop/github/Orka2026-1/Orka/Content/Team/Sound/31_???_??_??_??.uasset" 4025
"D:/game_develop/github/Orka2026-1/Orka/Content/Team/YMJ/toilet/1_toilet_lock_body_material.uasset" 4026
"D:/game_develop/github/Orka2026-1/Orka/Content/Team/YMJ/toilet/1_vacant_image.uasset" 4027
"D:/game_develop/github/Orka2026-1/Orka/Content/MY/MyBluePrints/Construct/BP_WallDoorTrigger.uasset" 4028
"D:/game_develop/github/Orka2026-1/Orka/Content/Team/YMJ/toilet/1_toilet_lock_material.uasset" 4029
"/Game/MY/MyBluePrints/Construct/BP_WhiteBoardwr" 4030
"/Game/MY/MyBluePrints/Construct/BP_WhiteBoard1" 4031
"/Game/MY/MyBluePrints/Read/BP_GetFairy" 4032
"D:/game_develop/github/Orka2026-1/Orka/Content/MY/MyBluePrints/Construct/BP_WallDoorRestRoom.uasset" 4033
"D:/game_develop/github/Orka2026-1/Orka/Content/Team/YMJ/toilet/1_toilet_water.uasset" 4034
"D:/game_develop/github/Orka2026-1/Orka/Content/Team/YMJ/toilet/1_toilet_metal_material.uasset" 4035
"D:/game_develop/github/Orka2026-1/Orka/Content/MY/MyBluePrints/Construct/BP_Wall.uasset" 4036
"D:/game_develop/github/Orka2026-1/Orka/Content/Team/YMJ/toilet/1_toilet_cover.uasset" 4037
"D:/game_develop/github/Orka2026-1/Orka/Content/MY/MyBluePrints/Construct/BP_toilet.uasset" 4038
"D:/game_develop/github/Orka2026-1/Orka/Content/Team/YMJ/toilet/1_toilet1.uasset" 4039
"D:/game_develop/github/Orka2026-1/Orka/Content/Team/YMJ/classroom/5_table_frame_material.uasset" 4040
"/Game/Team/Sound/31_???_??_??_??" 4041
"D:/game_develop/github/Orka2026-1/Orka/Content/Team/Sound/34_????.uasset" 4042
"D:/game_develop/github/Orka2026-1/Orka/Content/Team/YMJ/classroom/3_lectern.uasset" 4043
"D:/game_develop/github/Orka2026-1/Orka/Content/Team/Sound/30_????.uasset" 4044
"D:/game_develop/github/Orka2026-1/Orka/Content/Team/YMJ/toilet/1_toilet_material.uasset" 4045
"D:/game_develop/github/Orka2026-1/Orka/Content/MY/MyBluePrints/Construct/BP_TeachTable.uasset" 4046
"D:/game_develop/github/Orka2026-1/Orka/Content/Team/YMJ/classroom/5_table_box_material.uasset" 4047
"D:/game_develop/github/Orka2026-1/Orka/Content/Team/YMJ/classroom/5_table_material.uasset" 4048
"D:/game_develop/github/Orka2026-1/Orka/Content/Team/YMJ/classroom/5_table_wheel_material.uasset" 4049
"/Game/Team/YMJ/toilet/1_toilet_door" 4050
"/Game/Team/YMJ/toilet/1_toilet_tissue_material" 4051
"/Game/Team/YMJ/toilet/1_toilet_rubber_material" 4052
"/Game/Team/YMJ/toilet/1_toilet_wall_material" 4053
"/Game/MY/MyBluePrints/Construct/BP_WallDoorTrigger" 4054
"D:/game_develop/github/Orka2026-1/Orka/Content/Team/YMJ/classroom/1_chair_material.uasset" 4055
"/Game/MY/MyBluePrints/Construct/BP_WallDoor_NoTrigger" 4056
"/Game/MY/MyBluePrints/Construct/BP_WallHalf" 4057
"/Game/MY/MyBluePrints/Read/BP_GetPhoto" 4058
"D:/game_develop/github/Orka2026-1/Orka/Content/Fab/Archviz___Adorn_India_Damian_Sofa/adorn_india_damian_sofa/Materials/FURNITURE_083_MAT.uasset" 4059
"D:/game_develop/github/Orka2026-1/Orka/Content/MY/MyBluePrints/Construct/BP_table.uasset" 4060
"D:/game_develop/github/Orka2026-1/Orka/Content/Team/YMJ/classroom/5_table.uasset" 4061
"D:/game_develop/github/Orka2026-1/Orka/Content/Fab/Archviz___Adorn_India_Damian_Sofa/adorn_india_damian_sofa/Textures/FURNITURE_083_MAT_Metallic-FURNITURE_083_MAT_Roughness.uasset" 4062
"D:/game_develop/github/Orka2026-1/Orka/Content/Team/KYJ/sleeping_sign/today2.uasset" 4063
"D:/game_develop/github/Orka2026-1/Orka/Content/Team/KYJ/sleeping_sign/Material.uasset" 4064
"/Game/Team/Sound/30_????" 4065
"D:/game_develop/github/Orka2026-1/Orka/Content/Fab/Archviz___Adorn_India_Damian_Sofa/adorn_india_damian_sofa/StaticMeshes/adorn_india_damian_sofa.uasset" 4066
"D:/game_develop/github/Orka2026-1/Orka/Content/Team/KYJ/sleeping_sign/sleep_sign_final3333.uasset" 4067
"D:/game_develop/github/Orka2026-1/Orka/Content/MY/MyBluePrints/Construct/BP_sleep.uasset" 4068
"D:/game_develop/github/Orka2026-1/Orka/Content/Team/YMJ/toilet/2_toilet_light_trim_material.uasset" 4069
"D:/game_develop/github/Orka2026-1/Orka/Content/Team/KYJ/sleeping_sign/today.uasset" 4070
"D:/game_develop/github/Orka2026-1/Orka/Content/Team/KYJ/sleeping_sign/Material_007.uasset" 4071
"D:/game_develop/github/Orka2026-1/Orka/Content/MY/MyBluePrints/Construct/BP_Sofa.uasset" 4072
"/Game/MY/MyBluePrints/Construct/BP_toilet" 4073
"/Game/MY/MyBluePrints/Construct/BP_Wall" 4074
"/Game/MY/MyBluePrints/Construct/BP_WallDoorRestRoom" 4075
"D:/game_develop/github/Orka2026-1/Orka/Content/Team/Sound/????_???_??_??X__????.uasset" 4076
"/Game/MY/MyBluePrints/Construct/BP_WallRestRoom" 4077
"/Game/Team/YMJ/classroom/3_lectern" 4078
"/Game/MY/MyBluePrints/Construct/BP_TeachTable" 4079
"/Game/Team/YMJ/classroom/5_table_wheel_material" 4080
"/Game/Team/YMJ/classroom/5_table_material" 4081
"/Game/Team/YMJ/classroom/5_table_frame_material" 4082
"/Game/Team/YMJ/classroom/5_table_box_material" 4083
"D:/game_develop/github/Orka2026-1/Orka/Content/Team/KYJ/recliner/Material_012.uasset" 4084
"D:/game_develop/github/Orka2026-1/Orka/Content/Team/YMJ/toilet/2_toilet_light.uasset" 4085
"D:/game_develop/github/Orka2026-1/Orka/Content/Team/KYJ/recliner/Material_011.uasset" 4086
"D:/game_develop/github/Orka2026-1/Orka/Content/Team/KYJ/recliner/Material.uasset" 4087
"D:/game_develop/github/Orka2026-1/Orka/Content/Team/KYJ/recliner/Material_001.uasset" 4088
"D:/game_develop/github/Orka2026-1/Orka/Content/Team/KYJ/recliner/Material_013.uasset" 4089
"D:/game_develop/github/Orka2026-1/Orka/Content/Team/Sound/49_??_?_??__????_??.uasset" 4090
"D:/game_develop/github/Orka2026-1/Orka/Content/MY/MyBluePrints/Construct/BP_recliner.uasset" 4091
"D:/game_develop/github/Orka2026-1/Orka/Content/Team/YMJ/classroom/4_locker_nametag_background_material_.uasset" 4092
"D:/game_develop/github/Orka2026-1/Orka/Content/Team/YMJ/classroom/4_locker_door_material_.uasset" 4093
"D:/game_develop/github/Orka2026-1/Orka/Content/Team/KYJ/recliner/Cube_002.uasset" 4094
"/Game/Team/YMJ/toilet/2_toilet_light_trim_material" 4095
"D:/game_develop/github/Orka2026-1/Orka/Content/MY/MyBluePrints/Construct/BP_LockerDoor.uasset" 4096
"D:/game_develop/github/Orka2026-1/Orka/Content/MY/MyBluePrints/Construct/BP_RestroomLight.uasset" 4097
"D:/game_develop/github/Orka2026-1/Orka/Content/Team/KYJ/recliner/Material_004.uasset" 4098
"D:/game_develop/github/Orka2026-1/Orka/Content/Team/KYJ/recliner/Cube_001.uasset" 4099
"D:/game_develop/github/Orka2026-1/Orka/Content/Team/YMJ/classroom/4_locker_door.uasset" 4100
"D:/game_develop/github/Orka2026-1/Orka/Content/Team/YMJ/classroom/4_locker_nametag_outline_material_.uasset" 4101
"D:/game_develop/github/Orka2026-1/Orka/Content/Team/KYJ/recliner/Material_009.uasset" 4102
"D:/game_develop/github/Orka2026-1/Orka/Content/Team/KYJ/recliner/Material_010.uasset" 4103
"/Game/MY/MyBluePrints/Construct/BP_sleep" 4104
"/Game/MY/MyBluePrints/Construct/BP_Sofa" 4105
"/Game/MY/MyBluePrints/Construct/BP_table" 4106
"D:/game_develop/github/Orka2026-1/Orka/Content/Team/YMJ/background/toilet_floor_Roughness.uasset" 4107
"D:/game_develop/github/Orka2026-1/Orka/Content/Team/YMJ/classroom/4_locker_body.uasset" 4108
"D:/game_develop/github/Orka2026-1/Orka/Content/MY/MyBluePrints/Construct/BP_Locker.uasset" 4109
"D:/game_develop/github/Orka2026-1/Orka/Content/Team/YMJ/background/toilet_floor_color.uasset" 4110
"D:/game_develop/github/Orka2026-1/Orka/Content/MY/MyBluePrints/Construct/BP_GroundToilet.uasset" 4111
"D:/game_develop/github/Orka2026-1/Orka/Content/MY/MyBluePrints/Construct/BP_GroundHalf.uasset" 4112
"D:/game_develop/github/Orka2026-1/Orka/Content/Team/YMJ/background/toilet_floor.uasset" 4113
"D:/game_develop/github/Orka2026-1/Orka/Content/Team/KYJ/fire_hydrant/new2.uasset" 4114
"/Game/MY/MyBluePrints/Construct/BP_LockerDoor" 4115
"D:/game_develop/github/Orka2026-1/Orka/Content/Team/KYJ/fire_hydrant/new4.uasset" 4116
"D:/game_develop/github/Orka2026-1/Orka/Content/MY/MyBluePrints/Construct/BP_Ground.uasset" 4117
"D:/game_develop/github/Orka2026-1/Orka/Content/MY/MyBluePrints/Construct/BP_GroundQuarter.uasset" 4118
"D:/game_develop/github/Orka2026-1/Orka/Content/Team/KYJ/fire_hydrant/new3.uasset" 4119
"D:/game_develop/github/Orka2026-1/Orka/Content/Team/YMJ/background/toilet_floor_normalDX.uasset" 4120
"D:/game_develop/github/Orka2026-1/Orka/Content/Team/Sound/26_?????.uasset" 4121
"D:/game_develop/github/Orka2026-1/Orka/Content/Team/YMJ/classroom/4_locker_handle_material_.uasset" 4122
"/Game/MY/MyBluePrints/Construct/BP_recliner" 4123
"/Game/MY/MyBluePrints/Construct/BP_RestroomLight" 4124
"D:/game_develop/github/Orka2026-1/Orka/Content/Team/KYJ/fire_hydrant/new.uasset" 4125
"D:/game_develop/github/Orka2026-1/Orka/Content/Team/YMJ/sleepting_room/1_exit_sign_image.uasset" 4126
"D:/game_develop/github/Orka2026-1/Orka/Content/MY/MyBluePrints/Construct/BP_elevatorlabel.uasset" 4127
"D:/game_develop/github/Orka2026-1/Orka/Content/Team/KYJ/fire_hydrant/9fire.uasset" 4128
"D:/game_develop/github/Orka2026-1/Orka/Content/Team/YMJ/elevator_no_screen_/1_2CallingButtons_panel.uasset" 4129
"D:/game_develop/github/Orka2026-1/Orka/Content/Team/YMJ/elevator_no_screen_/1_1CallingButtons.uasset" 4130
"D:/game_develop/github/Orka2026-1/Orka/Content/MY/MyBluePrints/Construct/BP_ElevatorButton.uasset" 4131
"D:/game_develop/github/Orka2026-1/Orka/Content/Team/YMJ/sleepting_room/1_exit_sign.uasset" 4132
"D:/game_develop/github/Orka2026-1/Orka/Content/Team/YMJ/fuse/0_metal_material2.uasset" 4133
"D:/game_develop/github/Orka2026-1/Orka/Content/Team/YMJ/fuse/0_metal_material3.uasset" 4134
"D:/game_develop/github/Orka2026-1/Orka/Content/Team/YMJ/fuse/0_metal_material1.uasset" 4135
"D:/game_develop/github/Orka2026-1/Orka/Content/Team/YMJ/fuse/0_metal_material0.uasset" 4136
"D:/game_develop/github/Orka2026-1/Orka/Content/Team/YMJ/fuse/0_fusebox0.uasset" 4137
"D:/game_develop/github/Orka2026-1/Orka/Content/Team/YMJ/fuse/0_fusebox1.uasset" 4138
"D:/game_develop/github/Orka2026-1/Orka/Content/Team/YMJ/sleepting_room/1_exit_sign_material.uasset" 4139
"D:/game_develop/github/Orka2026-1/Orka/Content/Team/YMJ/background/floor_basic.uasset" 4140
"D:/game_develop/github/Orka2026-1/Orka/Content/MY/MyBluePrints/Construct/BP_fire.uasset" 4141
"/Game/Team/KYJ/fire_hydrant/new2" 4142
"D:/game_develop/github/Orka2026-1/Orka/Content/Team/YMJ/fuse/0_fusebox2.uasset" 4143
"D:/game_develop/github/Orka2026-1/Orka/Content/MY/MyBluePrints/Construct/BP_Exit.uasset" 4144
"/Game/Team/KYJ/fire_hydrant/new3" 4145
"/Game/Team/KYJ/fire_hydrant/new4" 4146
"/Game/MY/MyBluePrints/Construct/BP_GroundToilet" 4147
"/Game/MY/MyBluePrints/Construct/BP_Locker" 4148
"D:/game_develop/github/Orka2026-1/Orka/Content/Team/YMJ/classroom/4_locker_material_.uasset" 4149
"/Game/Team/KYJ/fire_hydrant/new" 4150
"D:/game_develop/github/Orka2026-1/Orka/Content/Team/KGY/widget/WBP_wnswitch.uasset" 4151
"D:/game_develop/github/Orka2026-1/Orka/Content/Team/KGY/widget/WBP_OnlyKey1.uasset" 4152
"D:/game_develop/github/Orka2026-1/Orka/Content/Team/Sound/39__????_??.uasset" 4153
"D:/game_develop/github/Orka2026-1/Orka/Content/Team/Sound/18_??_???_?_??_?_??_.uasset" 4154
"/Game/MY/MyBluePrints/Construct/BP_ElevatorButton" 4155
"D:/game_develop/github/Orka2026-1/Orka/Content/Team/KYJ/recliner/Material_025.uasset" 4156
"D:/game_develop/github/Orka2026-1/Orka/Content/Team/KGY/widget/WBP_clickswitch.uasset" 4157
"D:/game_develop/github/Orka2026-1/Orka/Content/Team/Sound/8_??????.uasset" 4158
"D:/game_develop/github/Orka2026-1/Orka/Content/MY/MyBluePrints/Construct/BP_electricity.uasset" 4159
"D:/game_develop/github/Orka2026-1/Orka/Content/Team/KYJ/recliner/Plane_002.uasset" 4160
"D:/game_develop/github/Orka2026-1/Orka/Content/MY/MyBluePrints/Construct/BP_CleaningTrigger.uasset" 4161
"D:/game_develop/github/Orka2026-1/Orka/Content/MY/MyBluePrints/Construct/BP_Cusion.uasset" 4162
"/Game/MY/MyBluePrints/Construct/BP_elevatorlabel" 4163
"/Game/MY/MyBluePrints/Construct/BP_Ground" 4164
"/Game/MY/MyBluePrints/Construct/BP_GroundHalf" 4165
"/Game/MY/MyBluePrints/Construct/BP_GroundQuarter" 4166
"/Game/MY/MyBluePrints/Construct/BP_Exit" 4167
"/Game/MY/MyBluePrints/Construct/BP_fire" 4168
"/Game/Team/YMJ/fuse/0_fusebox2" 4169
"/Game/Team/YMJ/fuse/0_fusebox1" 4170
"/Game/Team/YMJ/fuse/0_metal_material3" 4171
"/Game/Team/YMJ/fuse/0_metal_material2" 4172
"/Game/Team/YMJ/fuse/0_metal_material1" 4173
"/Game/Team/YMJ/fuse/0_fusebox0" 4174
"D:/game_develop/github/Orka2026-1/Orka/Content/MY/MyBluePrints/Construct/BP_Chair.uasset" 4175
"D:/game_develop/github/Orka2026-1/Orka/Content/Team/YMJ/toilet/3_cleaning_tool_cabinet.uasset" 4176
"D:/game_develop/github/Orka2026-1/Orka/Content/Team/YMJ/toilet/3_cleaning_tool_cabinet1.uasset" 4177
"D:/game_develop/github/Orka2026-1/Orka/Content/MY/MyBluePrints/Construct/BP_CeilingQuarter1.uasset" 4178
"D:/game_develop/github/Orka2026-1/Orka/Content/Team/YMJ/toilet/3_cleaning_tool_cabinet_wheel_material.uasset" 4179
"D:/game_develop/github/Orka2026-1/Orka/Content/Fab/Old_Rusty_Metal_Locker_-_Game_Ready_Low_Poly_Hiding_Spot-ca633bf9/fbx/source_extracted/Body.uasset" 4180
"D:/game_develop/github/Orka2026-1/Orka/Content/Fab/Old_Rusty_Metal_Locker_-_Game_Ready_Low_Poly_Hiding_Spot-ca633bf9/fbx/source_extracted/Old_metal_002.uasset" 4181
"D:/game_develop/github/Orka2026-1/Orka/Content/Fab/Old_Rusty_Metal_Locker_-_Game_Ready_Low_Poly_Hiding_Spot-ca633bf9/fbx/source_extracted/door.uasset" 4182
"D:/game_develop/github/Orka2026-1/Orka/Content/MY/MyBluePrints/Construct/BP_CleaningTool.uasset" 4183
"D:/game_develop/github/Orka2026-1/Orka/Content/Fab/Old_Rusty_Metal_Locker_-_Game_Ready_Low_Poly_Hiding_Spot-ca633bf9/fbx/source_extracted/Material_002.uasset" 4184
"D:/game_develop/github/Orka2026-1/Orka/Content/Team/YMJ/classroom/1_chair0.uasset" 4185
"D:/game_develop/github/Orka2026-1/Orka/Content/Team/KYJ/notice_board/Material_004.uasset" 4186
"D:/game_develop/github/Orka2026-1/Orka/Content/MY/MyBluePrints/Construct/BP_CeilingHalf.uasset" 4187
"D:/game_develop/github/Orka2026-1/Orka/Content/Team/YMJ/toilet/3_cleaning_tool_cabinet_door0.uasset" 4188
"/Game/Team/Sound/18_??_???_?_??_?_??_" 4189
"D:/game_develop/github/Orka2026-1/Orka/Content/MY/MyBluePrints/Construct/BP_Cabinet.uasset" 4190
"D:/game_develop/github/Orka2026-1/Orka/Content/Team/KYJ/notice_board/today2.uasset" 4191
"D:/game_develop/github/Orka2026-1/Orka/Content/Team/KYJ/notice_board/today.uasset" 4192
"D:/game_develop/github/Orka2026-1/Orka/Content/MY/MyBluePrints/Construct/BP_Ceiling.uasset" 4193
"D:/game_develop/github/Orka2026-1/Orka/Content/Team/YMJ/background/ceiling_basic.uasset" 4194
"D:/game_develop/github/Orka2026-1/Orka/Content/Team/KYJ/notice_board/Material_006.uasset" 4195
"D:/game_develop/github/Orka2026-1/Orka/Content/Team/YMJ/toilet/3_cleaning_tool_cabinet_material.uasset" 4196
"/Game/MY/MyBluePrints/Construct/BP_Cusion" 4197
"/Game/MY/MyBluePrints/Construct/BP_electricity" 4198
"D:/game_develop/github/Orka2026-1/Orka/Content/Team/KYJ/recliner/taxture.uasset" 4199
"D:/game_develop/github/Orka2026-1/Orka/Content/Team/KYJ/notice_board/notice_board5555.uasset" 4200
"D:/game_develop/github/Orka2026-1/Orka/Content/Team/KYJ/recliner/Material_008.uasset" 4201
"D:/game_develop/github/Orka2026-1/Orka/Content/MY/MyBluePrints/Construct/BP_board.uasset" 4202
"D:/game_develop/github/Orka2026-1/Orka/Content/Team/KYJ/410_sign/today.uasset" 4203
"D:/game_develop/github/Orka2026-1/Orka/Content/MY/MyBluePrints/Construct/BP_Blanket.uasset" 4204
"D:/game_develop/github/Orka2026-1/Orka/Content/Team/KYJ/recliner/blanket_texture_image_file.uasset" 4205
"D:/game_develop/github/Orka2026-1/Orka/Content/Team/KYJ/notice_board/Material_003.uasset" 4206
"D:/game_develop/github/Orka2026-1/Orka/Content/Team/KYJ/recliner/Plane.uasset" 4207
"D:/game_develop/github/Orka2026-1/Orka/Content/Team/KYJ/410_sign/Material_007.uasset" 4208
"/Game/MY/MyBluePrints/Construct/BP_Cabinet" 4209
"/Game/MY/MyBluePrints/Construct/BP_Ceiling" 4210
"/Game/MY/MyBluePrints/Construct/BP_CeilingHalf" 4211
"/Game/MY/MyBluePrints/Construct/BP_CeilingQuarter1" 4212
"/Game/MY/MyBluePrints/Construct/BP_Chair" 4213
"/Game/Team/KYJ/notice_board/today2" 4214
"/Game/Team/KYJ/notice_board/Material_004" 4215
"/Game/Team/KYJ/notice_board/Material_006" 4216
"/Game/MY/MyBluePrints/Construct/BP_CleaningTrigger" 4217
"/Game/MY/MyBluePrints/Construct/BP_CleaningTool" 4218
"D:/game_develop/github/Orka2026-1/Orka/Content/Team/KYJ/410_sign/Material_001.uasset" 4219
"D:/game_develop/github/Orka2026-1/Orka/Content/Team/KYJ/410_sign/today2.uasset" 4220
"D:/game_develop/github/Orka2026-1/Orka/Content/Team/KYJ/409_sign/Material_007.uasset" 4221
"D:/game_develop/github/Orka2026-1/Orka/Content/Team/KYJ/409_sign/today2.uasset" 4222
"D:/game_develop/github/Orka2026-1/Orka/Content/Team/KYJ/408_sign/today2.uasset" 4223
"D:/game_develop/github/Orka2026-1/Orka/Content/MY/MyBluePrints/Construct/BP_409.uasset" 4224
"D:/game_develop/github/Orka2026-1/Orka/Content/MY/MyBluePrints/Construct/BP_410.uasset" 4225
"D:/game_develop/github/Orka2026-1/Orka/Content/Team/KYJ/409_sign/today.uasset" 4226
"D:/game_develop/github/Orka2026-1/Orka/Content/Team/KYJ/410_sign/410_sign_final2222.uasset" 4227
"D:/game_develop/github/Orka2026-1/Orka/Content/Team/KYJ/409_sign/Material_001.uasset" 4228
"D:/game_develop/github/Orka2026-1/Orka/Content/MY/MyBluePrints/Construct/BP_408.uasset" 4229
"D:/game_develop/github/Orka2026-1/Orka/Content/Team/KYJ/407/today.uasset" 4230
"D:/game_develop/github/Orka2026-1/Orka/Content/Team/KYJ/408_sign/Material_001.uasset" 4231
"D:/game_develop/github/Orka2026-1/Orka/Content/Team/KYJ/409_sign/409_sign_final2222.uasset" 4232
"D:/game_develop/github/Orka2026-1/Orka/Content/Team/KYJ/407/Material_007.uasset" 4233
"D:/game_develop/github/Orka2026-1/Orka/Content/Team/KYJ/407/Material_001.uasset" 4234
"D:/game_develop/github/Orka2026-1/Orka/Content/Team/KYJ/408_sign/today.uasset" 4235
"D:/game_develop/github/Orka2026-1/Orka/Content/MY/MyBluePrints/Construct/BP_407.uasset" 4236
"D:/game_develop/github/Orka2026-1/Orka/Content/Team/KYJ/407/today2.uasset" 4237
"D:/game_develop/github/Orka2026-1/Orka/Content/Team/KYJ/408_sign/Material_007.uasset" 4238
"D:/game_develop/github/Orka2026-1/Orka/Content/Team/KYJ/407/407_sign_final2222.uasset" 4239
"D:/game_develop/github/Orka2026-1/Orka/Content/Team/KYJ/408_sign/408_sign_final2222.uasset" 4240
"/Game/Team/KYJ/410_sign/Material_007" 4241
"/Game/MY/MyBluePrints/Construct/BP_Blanket" 4242
"/Game/MY/MyBluePrints/Construct/BP_board" 4243
"/Game/Team/KYJ/409_sign/Material_007" 4244
"/Game/Team/KYJ/410_sign/Material_001" 4245
"D:/game_develop/github/Orka2026-1/Orka/Content/Team/KYJ/406/today.uasset" 4246
"D:/game_develop/github/Orka2026-1/Orka/Content/Team/KYJ/406/Material_007.uasset" 4247
"D:/game_develop/github/Orka2026-1/Orka/Content/Team/KYJ/406/today2.uasset" 4248
"D:/game_develop/github/Orka2026-1/Orka/Content/MY/MyBluePrints/Construct/BP_406.uasset" 4249
"D:/game_develop/github/Orka2026-1/Orka/Content/Team/KYJ/406/406_sign_final2222.uasset" 4250
"D:/game_develop/github/Orka2026-1/Orka/Content/Team/KYJ/405/Material_001.uasset" 4251
"D:/game_develop/github/Orka2026-1/Orka/Content/Team/KYJ/405/Material_007.uasset" 4252
"D:/game_develop/github/Orka2026-1/Orka/Content/Team/KYJ/406/Material_001.uasset" 4253
"D:/game_develop/github/Orka2026-1/Orka/Content/Team/KYJ/405/today2.uasset" 4254
"D:/game_develop/github/Orka2026-1/Orka/Content/Team/KYJ/405/405_sign_final2222.uasset" 4255
"D:/game_develop/github/Orka2026-1/Orka/Content/MY/MyBluePrints/Construct/BP_405.uasset" 4256
"D:/game_develop/github/Orka2026-1/Orka/Content/Team/KYJ/404/today.uasset" 4257
"D:/game_develop/github/Orka2026-1/Orka/Content/Team/KYJ/404/Material_007.uasset" 4258
"/Game/MY/MyBluePrints/Construct/BP_407" 4259
"D:/game_develop/github/Orka2026-1/Orka/Content/Team/KYJ/405/today.uasset" 4260
"/Game/MY/MyBluePrints/Construct/BP_408" 4261
"/Game/MY/MyBluePrints/Construct/BP_409" 4262
"/Game/Team/KYJ/406/today2" 4263
"/Game/MY/MyBluePrints/Construct/BP_410" 4264
"D:/game_develop/github/Orka2026-1/Orka/Content/Team/KYJ/404/today2.uasset" 4265
"D:/game_develop/github/Orka2026-1/Orka/Content/Team/Sound/Anxiety_??_.uasset" 4266
"D:/game_develop/github/Orka2026-1/Orka/Content/Team/Sound/21_???_?_??????_??_??.uasset" 4267
"D:/game_develop/github/Orka2026-1/Orka/Content/Team/Sound/20_?????_??.uasset" 4268
"D:/game_develop/github/Orka2026-1/Orka/Content/Team/Sound/13_????+4?.uasset" 4269
"D:/game_develop/github/Orka2026-1/Orka/Content/MY/MyBluePrints/Construct/BP_404.uasset" 4270
"D:/game_develop/github/Orka2026-1/Orka/Content/Team/Sound/09_??2.uasset" 4271
"D:/game_develop/github/Orka2026-1/Orka/Content/Team/Sound/22_???_???.uasset" 4272
"/Game/Team/KYJ/404/Material_007" 4273
"D:/game_develop/github/Orka2026-1/Orka/Content/Team/Sound/15_????_??.uasset" 4274
"D:/game_develop/github/Orka2026-1/Orka/Content/Team/Sound/12_??_??.uasset" 4275
"D:/game_develop/github/Orka2026-1/Orka/Content/Team/Sound/35_??_???.uasset" 4276
"D:/game_develop/github/Orka2026-1/Orka/Content/Team/Sound/06_??1.uasset" 4277
"D:/game_develop/github/Orka2026-1/Orka/Content/Team/KGY/BP_407door.uasset" 4278
"D:/game_develop/github/Orka2026-1/Orka/Content/MY/MyImages/HowToMoveDialog.uasset" 4279
"D:/game_develop/github/Orka2026-1/Orka/Content/MY/MyWidgets/WBP_LetMove.uasset" 4280
"D:/game_develop/github/Orka2026-1/Orka/Content/MY/MyImages/IntroDialogImage.uasset" 4281
"D:/game_develop/github/Orka2026-1/Orka/Content/Team/KYJ/404/404_sign_final2222.uasset" 4282
"D:/game_develop/github/Orka2026-1/Orka/Content/Team/KYJ/404/Material_001.uasset" 4283
"D:/game_develop/github/Orka2026-1/Orka/Content/MY/MyWidgets/WBP_IntroDialog.uasset" 4284
"/Game/MY/MyBluePrints/Construct/BP_405" 4285
"/Game/MY/MyBluePrints/Construct/BP_406" 4286
"D:/game_develop/github/Orka2026-1/Orka/Content/MY/MyImages/CheckElectricity.uasset" 4287
"D:/game_develop/github/Orka2026-1/Orka/Content/Team/YMJ/elevator/5_0ElevatorCallingButtons_down_Skeleton.uasset" 4288
"D:/game_develop/github/Orka2026-1/Orka/Content/MY/MyWidgets/WBP_FindFlashlight.uasset" 4289
"D:/game_develop/github/Orka2026-1/Orka/Content/MY/MyBluePrints/BP_SleepGhost.uasset" 4290
"D:/game_develop/github/Orka2026-1/Orka/Content/MY/MyLevelSequence/SEO_SleepGhost.uasset" 4291
"D:/game_develop/github/Orka2026-1/Orka/Content/Fab/Prescription_Pill_Bottle/M_Pill.uasset" 4292
"D:/game_develop/github/Orka2026-1/Orka/Content/MY/MyLevelSequence/SEO_HillGhost.uasset" 4293
"D:/game_develop/github/Orka2026-1/Orka/Content/MY/MyImages/HowToInteract.uasset" 4294
"D:/game_develop/github/Orka2026-1/Orka/Content/Team/Sound/5_???????.uasset" 4295
"/Game/MY/MyWidgets/WBP_LetMove" 4296
"D:/game_develop/github/Orka2026-1/Orka/Content/Team/YMJ/elevator/down.uasset" 4297
"D:/game_develop/github/Orka2026-1/Orka/Content/MY/MyWidgets/WBP_CheckElectricity.uasset" 4298
"D:/game_develop/github/Orka2026-1/Orka/Content/MY/MyImages/FlashlightDialogImage.uasset" 4299
"D:/game_develop/github/Orka2026-1/Orka/Content/MY/MyLevelSequence/SEQ_GameIntro.uasset" 4300
"/Game/Team/KGY/BP_407door" 4301
"/Game/MY/MyWidgets/WBP_IntroDialog" 4302
"/Game/Team/Sound/06_??1" 4303
"/Game/Team/Sound/09_??2" 4304
"/Game/Team/Sound/12_??_??" 4305
"/Game/Team/Sound/13_????+4?" 4306
"/Game/Team/Sound/15_????_??" 4307
"/Game/Team/Sound/20_?????_??" 4308
"/Game/Team/Sound/21_???_?_??????_??_??" 4309
"/Game/Team/Sound/22_???_???" 4310
"/Game/Team/Sound/35_??_???" 4311
"/Game/Team/Sound/Anxiety_??_" 4312
"/Game/MY/MyBluePrints/Construct/BP_404" 4313
"/Game/MY/MyImages/CheckElectricity" 4314
"D:/game_develop/github/Orka2026-1/Orka/Content/Fab/Prescription_Pill_Bottle/M_PillBottle.uasset" 4315
"D:/game_develop/github/Orka2026-1/Orka/Content/Team/KYJ/phone/phone3.uasset" 4316
"D:/game_develop/github/Orka2026-1/Orka/Content/Team/KYJ/phone/material_0.uasset" 4317
"D:/game_develop/github/Orka2026-1/Orka/Content/Fab/Prescription_Pill_Bottle/PillBottle.uasset" 4318
"D:/game_develop/github/Orka2026-1/Orka/Content/Team/KYJ/phone/phone2.uasset" 4319
"D:/game_develop/github/Orka2026-1/Orka/Content/Team/YMJ/memo/2_in_the_hallway2_material.uasset" 4320
"D:/game_develop/github/Orka2026-1/Orka/Content/Team/YMJ/memo/2_in_the_hallway2.uasset" 4321
"D:/game_develop/github/Orka2026-1/Orka/Content/MY/MyBluePrints/Read/BP_Note2.uasset" 4322
"D:/game_develop/github/Orka2026-1/Orka/Content/MY/MyWidgets/Item/WBP_GetNote1.uasset" 4323
"D:/game_develop/github/Orka2026-1/Orka/Content/MY/MyWidgets/Item/WBP_GetNote2.uasset" 4324
"D:/game_develop/github/Orka2026-1/Orka/Content/Team/YMJ/memo/1_in_the_cleaningtoolcabinet.uasset" 4325
"D:/game_develop/github/Orka2026-1/Orka/Content/MY/MyImages/Note2Image.uasset" 4326
"D:/game_develop/github/Orka2026-1/Orka/Content/Fab/Prescription_Pill_Bottle/SM_PillBottle.uasset" 4327
"D:/game_develop/github/Orka2026-1/Orka/Content/MY/MyBluePrints/Read/BP_Note1.uasset" 4328
"D:/game_develop/github/Orka2026-1/Orka/Content/Team/YMJ/memo/2_in_the_hallway2_texture.uasset" 4329
"D:/game_develop/github/Orka2026-1/Orka/Content/Team/YMJ/memo/1_in_the_cleaningtoolcabinet_texture.uasset" 4330
"D:/game_develop/github/Orka2026-1/Orka/Content/MY/MyWidgets/Item/WBP_GetPhone.uasset" 4331
"D:/game_develop/github/Orka2026-1/Orka/Content/Team/YMJ/memo/1_in_the_cleaningtoolcabinet_material.uasset" 4332
"D:/game_develop/github/Orka2026-1/Orka/Content/MY/MyBluePrints/BP_Phone.uasset" 4333
"/Game/Fab/Prescription_Pill_Bottle/M_Pill" 4334
"D:/game_develop/github/Orka2026-1/Orka/Content/MY/MyBluePrints/BP_Pill.uasset" 4335
"/Game/MY/MyBluePrints/BP_SleepGhost" 4336
"/Game/MY/MyLevelSequence/SEO_HillGhost" 4337
"/Game/MY/MyLevelSequence/SEO_SleepGhost" 4338
"/Game/MY/MyLevelSequence/SEQ_GameIntro" 4339
"/Game/MY/MyWidgets/WBP_CheckElectricity" 4340
"/Game/MY/MyWidgets/WBP_FindFlashlight" 4341
"D:/game_develop/github/Orka2026-1/Orka/Content/Team/YMJ/memo/0_in_the_cabinet_texture.uasset" 4342
"D:/game_develop/github/Orka2026-1/Orka/Content/Team/YMJ/memo/0_in_the_cabinet.uasset" 4343
"D:/game_develop/github/Orka2026-1/Orka/Content/Team/KYJ/clubnews/clubnews_.uasset" 4344
"D:/game_develop/github/Orka2026-1/Orka/Content/Team/KYJ/clubnews/univ2.uasset" 4345
"D:/game_develop/github/Orka2026-1/Orka/Content/MY/MyWidgets/Item/WBP_getMagazine.uasset" 4346
"D:/game_develop/github/Orka2026-1/Orka/Content/MY/MyBluePrints/Read/BP_Note.uasset" 4347
"/Game/MY/MyBluePrints/Read/BP_Note1" 4348
"D:/game_develop/github/Orka2026-1/Orka/Content/MY/MyWidgets/Item/WBP_GetNote0.uasset" 4349
"D:/game_develop/github/Orka2026-1/Orka/Content/MY/MyImages/Key2Image.uasset" 4350
"D:/game_develop/github/Orka2026-1/Orka/Content/Team/KYJ/clubnews/Material_001.uasset" 4351
"D:/game_develop/github/Orka2026-1/Orka/Content/MY/MyBluePrints/Read/BP_Magazine.uasset" 4352
"D:/game_develop/github/Orka2026-1/Orka/Content/Team/YMJ/memo/0_in_the_cabinet_material.uasset" 4353
"D:/game_develop/github/Orka2026-1/Orka/Content/MY/MyImages/Note1Image.uasset" 4354
"/Game/MY/MyBluePrints/Read/BP_Note2" 4355
"/Game/MY/MyBluePrints/BP_Phone" 4356
"/Game/MY/MyBluePrints/BP_Pill" 4357
"D:/game_develop/github/Orka2026-1/Orka/Content/MY/MyWidgets/WBP_OpenInventory.uasset" 4358
"D:/game_develop/github/Orka2026-1/Orka/Content/MY/MyWidgets/Item/WBP_GetKey1.uasset" 4359
"D:/game_develop/github/Orka2026-1/Orka/Content/Fab/Battery_Low_Poly/battery_low_poly/Materials/Scene_-_Root.uasset" 4360
"D:/game_develop/github/Orka2026-1/Orka/Content/MY/MyImages/GetKey2Image.uasset" 4361
"D:/game_develop/github/Orka2026-1/Orka/Content/MY/MyImages/GetKey1Image.uasset" 4362
"D:/game_develop/github/Orka2026-1/Orka/Content/MY/MyImages/Key1Image.uasset" 4363
"../../../Engine/Content/EngineSky/VolumetricClouds/VT_PerlinWorley_Balanced.uasset" 4364
"D:/game_develop/github/Orka2026-1/Orka/Content/Fab/Battery_Low_Poly/battery_low_poly/Textures/battery_low_poly_texture_2.uasset" 4365
"D:/game_develop/github/Orka2026-1/Orka/Content/MY/MyBluePrints/BP_Battery.uasset" 4366
"../../../Engine/Content/EngineSky/VolumetricClouds/T_CloudMask.uasset" 4367
"D:/game_develop/github/Orka2026-1/Orka/Content/MY/MyBluePrints/BP_HillGhost.uasset" 4368
"../../../Engine/Content/EngineSky/VolumetricClouds/T_CloudPattern.uasset" 4369
"../../../Engine/Content/EngineSky/VolumetricClouds/T_Profile_08.uasset" 4370
"D:/game_develop/github/Orka2026-1/Orka/Content/Fab/Battery_Low_Poly/battery_low_poly/StaticMeshes/SM_Battery.uasset" 4371
"D:/game_develop/github/Orka2026-1/Orka/Content/Fab/Low_Poly_Key/key/Materials/Material_001.uasset" 4372
"D:/game_develop/github/Orka2026-1/Orka/Content/Fab/Battery_Low_Poly/battery_low_poly/Textures/battery_low_poly_texture_0.uasset" 4373
"D:/game_develop/github/Orka2026-1/Orka/Content/MY/MyBluePrints/BP_Key1.uasset" 4374
"D:/game_develop/github/Orka2026-1/Orka/Content/Fab/Battery_Low_Poly/battery_low_poly/Textures/battery_low_poly_texture_1.uasset" 4375
"D:/game_develop/github/Orka2026-1/Orka/Content/Fab/Low_Poly_Key/key/StaticMeshes/key.uasset" 4376
"D:/game_develop/github/Orka2026-1/Orka/Content/MY/MyWidgets/Item/WBP_GetKey0.uasset" 4377
"D:/game_develop/github/Orka2026-1/Orka/Content/MY/MyBluePrints/BP_Key0.uasset" 4378
"/Game/MY/MyImages/Key2Image" 4379
"/Game/MY/MyBluePrints/Read/BP_Magazine" 4380
"/Game/MY/MyImages/GetKey1Image" 4381
"/Game/MY/MyBluePrints/Read/BP_Note" 4382
"/Game/MY/MyImages/Key1Image" 4383
"/Game/MY/MyWidgets/Item/WBP_GetKey1" 4384
"../../../Engine/Content/EngineSky/VolumetricClouds/VT_Lightning.uasset" 4385
"../../../Engine/Content/Functions/Engine_MaterialFunctions02/Utility/MakeFloat4.uasset" 4386
"../../../Engine/Content/Functions/Engine_MaterialFunctions02/Utility/BreakOutFloat4Components.uasset" 4387
"../../../Engine/Content/EngineSky/VolumetricClouds/m_SimpleVolumetricCloud.uasset" 4388
"../../../Engine/Content/Functions/Engine_MaterialFunctions01/Units/Km-to-Cm.uasset" 4389
"D:/game_develop/github/Orka2026-1/Orka/Content/MY/MyImages/MainMenuArchiveImage.uasset" 4390
"D:/game_develop/github/Orka2026-1/Orka/Content/Team/Sound/????_??_????.uasset" 4391
"D:/game_develop/github/Orka2026-1/Orka/Content/MY/MyImages/MainMenuStartButtonImage.uasset" 4392
"D:/game_develop/github/Orka2026-1/Orka/Content/Blueprints/BP_GameMode.uasset" 4393
"../../../Engine/Content/EngineSky/VolumetricClouds/m_SimpleVolumetricCloud_Inst.uasset" 4394
"D:/game_develop/github/Orka2026-1/Orka/Content/MainMenu.umap" 4395
"D:/game_develop/github/Orka2026-1/Orka/Content/MY/MyImages/MainMenuExitImage.uasset" 4396
"D:/game_develop/github/Orka2026-1/Orka/Content/MY/MyWidgets/MainMenu/WBP_MainMenu.uasset" 4397
"D:/game_develop/github/Orka2026-1/Orka/Content/MY/MyImages/MainMenuImage.uasset" 4398
"/Engine/EngineSky/VolumetricClouds/T_Profile_08" 4399
"/Engine/EngineSky/VolumetricClouds/VT_PerlinWorley_Balanced" 4400
"/Game/MY/MyBluePrints/BP_Battery" 4401
"/Engine/EngineSky/VolumetricClouds/T_CloudMask" 4402
"/Engine/EngineSky/VolumetricClouds/T_CloudPattern" 4403
"/Game/MY/MyBluePrints/BP_Key0" 4404
"/Game/MY/MyBluePrints/BP_HillGhost" 4405
"/Game/MY/MyBluePrints/BP_Key1" 4406
"/Engine/Functions/Engine_MaterialFunctions02/Utility/BreakOutFloat4Components" 4407
"/Engine/Functions/Engine_MaterialFunctions02/Utility/MakeFloat4" 4408
"/Engine/EngineSky/VolumetricClouds/VT_Lightning" 4409
"/Engine/Functions/Engine_MaterialFunctions01/Units/Km-to-Cm" 4410
"/Game/MY/MyImages/MainMenuStartButtonImage" 4411
"/Game/MY/MyImages/MainMenuExitImage" 4412
"/Game/MY/MyImages/MainMenuArchiveImage" 4413
"/Game/Blueprints/BP_GameMode" 4414
"../../../Engine/Content/EngineSounds/Submixes/MasterEQEffectPreset.uasset" 4415
"../../../Engine/Content/EngineSounds/Submixes/MasterReverbSubmixDefault.uasset" 4416
"../../../Engine/Content/EngineSounds/Submixes/MasterEQSubmixDefault.uasset" 4417
"../../../Engine/Content/EngineSounds/Submixes/MasterReverbEffectPreset.uasset" 4418
"../../../Engine/Content/EngineSounds/Submixes/MasterSubmixDefault.uasset" 4419
"../../../Engine/Plugins/Interchange/Assets/Content/gltf/MaterialInstances/MI_ClearCoat_Mask.uasset" 4420
"../../../Engine/Plugins/Interchange/Assets/Content/gltf/MaterialInstances/MI_ClearCoat_Opaque.uasset" 4421
"../../../Engine/Plugins/Interchange/Assets/Content/gltf/MaterialInstances/MI_ClearCoat_Opaque_DS.uasset" 4422
"../../../Engine/Plugins/Interchange/Assets/Content/gltf/MaterialInstances/MI_Default_Opaque.uasset" 4423
"../../../Engine/Plugins/Interchange/Assets/Content/gltf/MaterialInstances/MI_ClearCoat_Mask_DS.uasset" 4424
"../../../Engine/Plugins/Interchange/Assets/Content/gltf/MaterialInstances/MI_ClearCoat_Blend_DS.uasset" 4425
"../../../Engine/Plugins/Interchange/Assets/Content/gltf/MaterialInstances/MI_Default_Mask.uasset" 4426
"../../../Engine/Plugins/Interchange/Assets/Content/gltf/MaterialInstances/MI_Default_Blend.uasset" 4427
"../../../Engine/Plugins/Interchange/Assets/Content/gltf/MaterialInstances/MI_Default_Mask_DS.uasset" 4428
"../../../Engine/Plugins/Interchange/Assets/Shaders/ThinFilmFunctions.usf" 4429
"/Engine/EngineSky/VolumetricClouds/m_SimpleVolumetricCloud_Inst" 4430
"/Game/OrkaMap" 4431
"/Game/MY/MyImages/MainMenuImage" 4432
"/Game/MY/MyWidgets/MainMenu/WBP_MainMenu" 4433
"/Game/Team/Sound/????_??_????" 4434
"/Game/MainMenu" 4435
"/InterchangeAssets/gltf/MaterialInstances/MI_Default_Mask_DS" 4436
"/InterchangeAssets/gltf/MaterialInstances/MI_Default_Blend" 4437
"/InterchangeAssets/gltf/MaterialInstances/MI_Default_Mask" 4438
"/InterchangeAssets/gltf/MaterialInstances/MI_Default_Opaque" 4439
"/Engine/EditorResources/EmptyActor" 4440
"../../../Engine/Content/EditorResources/EmptyActor.uasset" 4441
"/Engine/EditorResources/LightIcons/S_LightError" 4442
"../../../Engine/Content/EditorResources/LightIcons/S_LightError.uasset" 4443
"/InterchangeAssets/gltf/MaterialInstances/MI_ClearCoat_Blend_DS" 4444
"/InterchangeAssets/gltf/MaterialInstances/MI_ClearCoat_Mask_DS" 4445
"/InterchangeAssets/gltf/MaterialInstances/MI_ClearCoat_Opaque_DS" 4446
"/InterchangeAssets/gltf/MaterialInstances/MI_ClearCoat_Mask" 4447
"/InterchangeAssets/gltf/MaterialInstances/MI_ClearCoat_Opaque" 4448
"/Engine/EngineSounds/Submixes/MasterReverbSubmixDefault" 4449
"../../../Engine/Plugins/Interchange/Assets/Content/gltf/MaterialInstances/MI_Default_Blend_DS.uasset" 4450
"../../../Engine/Plugins/Interchange/Assets/Content/gltf/MaterialBodies/MF_Sheen_Body.uasset" 4451
"../../../Engine/Plugins/Interchange/Assets/Content/gltf/MaterialFunctions/MF_Sheen.uasset" 4452
"../../../Engine/Plugins/Interchange/Assets/Content/gltf/M_Sheen.uasset" 4453
"../../../Engine/Plugins/Interchange/Assets/Content/gltf/MaterialInstances/MI_Sheen_Mask_DS.uasset" 4454
"../../../Engine/Plugins/Interchange/Assets/Content/gltf/MaterialInstances/MI_Transmission.uasset" 4455
"../../../Engine/Plugins/Interchange/Assets/Content/gltf/MaterialFunctions/MF_Transmission.uasset" 4456
"../../../Engine/Content/Functions/Engine_MaterialFunctions02/Math/AddComponents.uasset" 4457
"../../../Engine/Plugins/Interchange/Assets/Content/gltf/MaterialInstances/MI_Sheen_Blend.uasset" 4458
"../../../Engine/Plugins/Interchange/Assets/Content/gltf/MaterialFunctions/MF_Temporal_Blur.uasset" 4459
"../../../Engine/Plugins/Interchange/Assets/Content/gltf/MaterialInstances/MI_Transmission_DS.uasset" 4460
"../../../Engine/Content/Functions/Engine_MaterialFunctions02/Texturing/ScreenAlignedPixelToPixelUVs.uasset" 4461
"../../../Engine/Plugins/Interchange/Assets/Content/gltf/MaterialBodies/MF_SpecularGlossiness_Body.uasset" 4462
"../../../Engine/Plugins/Interchange/Assets/Content/gltf/MaterialFunctions/MF_Fresnel_DS.uasset" 4463
"../../../Engine/Plugins/Interchange/Assets/Content/gltf/MaterialFunctions/MF_MaxComponentValue.uasset" 4464
"../../../Engine/Plugins/Interchange/Assets/Content/gltf/MaterialBodies/MF_Transmission_Body.uasset" 4465
"../../../Engine/Plugins/Interchange/Assets/Content/gltf/MaterialInstances/MI_Sheen_Blend_DS.uasset" 4466
"../../../Engine/Plugins/Interchange/Assets/Content/gltf/M_SpecularGlossiness.uasset" 4467
"../../../Engine/Plugins/Interchange/Assets/Content/gltf/MaterialInstances/MI_SpecularGlossiness_Mask.uasset" 4468
"../../../Engine/Plugins/Interchange/Assets/Content/gltf/MaterialInstances/MI_SpecularGlossiness_Blend_DS.uasset" 4469
"../../../Engine/Plugins/Interchange/Assets/Content/gltf/MaterialInstances/MI_SpecularGlossiness_Blend.uasset" 4470
"../../../Engine/Plugins/Interchange/Assets/Content/gltf/MaterialInstances/MI_Sheen_Opaque_DS.uasset" 4471
"../../../Engine/Plugins/Interchange/Assets/Content/gltf/MaterialFunctions/MF_SpecGlossToMetalRoughness.uasset" 4472
"../../../Engine/Plugins/Interchange/Assets/Content/gltf/MaterialFunctions/MF_PerceivedBrightness.uasset" 4473
"../../../Engine/Plugins/Interchange/Assets/Content/gltf/MaterialInstances/MI_SpecularGlossiness_Opaque.uasset" 4474
"../../../Engine/Plugins/Interchange/Assets/Content/gltf/MaterialFunctions/MF_DiffuseSpecGloss.uasset" 4475
"../../../Engine/Plugins/Interchange/Assets/Content/gltf/MaterialInstances/MI_SpecularGlossiness_Mask_DS.uasset" 4476
"../../../Engine/Plugins/Interchange/Assets/Content/gltf/MaterialInstances/MI_SpecularGlossiness_Opaque_DS.uasset" 4477
"D:/game_develop/github/Orka2026-1/Orka/Content/Team/KYJ/lampon/Material_001.uasset" 4478
"../../../Engine/Plugins/Interchange/Assets/Content/gltf/MaterialInstances/MI_Sheen_Opaque.uasset" 4479
"../../../Engine/Plugins/Interchange/Assets/Content/gltf/MaterialInstances/MI_Sheen_Mask.uasset" 4480
"../../../Engine/Plugins/Interchange/Assets/Content/gltf/M_Transmission.uasset" 4481
"/InterchangeAssets/gltf/MaterialFunctions/MF_Sheen" 4482
"/InterchangeAssets/gltf/MaterialInstances/MI_Default_Blend_DS" 4483
"D:/game_develop/github/Orka2026-1/Orka/Content/Team/KYJ/lampon/Material.uasset" 4484
"D:/game_develop/github/Orka2026-1/Orka/Content/Team/KYJ/lampon/lamp_on22.uasset" 4485
"/InterchangeAssets/gltf/MaterialFunctions/MF_SpecGlossToMetalRoughness" 4486
"/Game/Team/KYJ/lampon/Material_001" 4487
"/InterchangeAssets/gltf/MaterialInstances/MI_SpecularGlossiness_Blend_DS" 4488
"/InterchangeAssets/gltf/MaterialInstances/MI_SpecularGlossiness_Mask_DS" 4489
"/InterchangeAssets/gltf/MaterialInstances/MI_SpecularGlossiness_Opaque_DS" 4490
"/InterchangeAssets/gltf/MaterialInstances/MI_SpecularGlossiness_Blend" 4491
"/InterchangeAssets/gltf/MaterialInstances/MI_SpecularGlossiness_Mask" 4492
"/InterchangeAssets/gltf/MaterialInstances/MI_SpecularGlossiness_Opaque" 4493
"/InterchangeAssets/gltf/MaterialFunctions/MF_Fresnel_DS" 4494
"/InterchangeAssets/gltf/MaterialFunctions/MF_Temporal_Blur" 4495
"/InterchangeAssets/gltf/MaterialBodies/MF_Transmission_Body" 4496
"/InterchangeAssets/gltf/MaterialInstances/MI_Sheen_Blend_DS" 4497
"/InterchangeAssets/gltf/MaterialInstances/MI_Sheen_Mask_DS" 4498
"/InterchangeAssets/gltf/MaterialInstances/MI_Sheen_Opaque_DS" 4499
"/InterchangeAssets/gltf/MaterialInstances/MI_Sheen_Blend" 4500
"/InterchangeAssets/gltf/MaterialInstances/MI_Sheen_Mask" 4501
"/InterchangeAssets/gltf/MaterialInstances/MI_Sheen_Opaque" 4502
"/InterchangeAssets/gltf/MaterialInstances/MI_Transmission_DS" 4503
"/InterchangeAssets/gltf/MaterialInstances/MI_Transmission" 4504
"D:/game_develop/github/Orka2026-1/Orka/Content/MY/MyBluePrints/Construct/BP_Lamp.uasset" 4505
"../../../Engine/Plugins/Interchange/Assets/Content/gltf/M_Unlit.uasset" 4506
"../../../Engine/Plugins/Interchange/Assets/Content/gltf/MaterialBodies/MF_Unlit_Body.uasset" 4507
"../../../Engine/Plugins/Interchange/Assets/Content/gltf/MaterialInstances/MI_Unlit_Opaque.uasset" 4508
"../../../Engine/Plugins/Interchange/Assets/Content/gltf/MaterialInstances/MI_Unlit_Mask_DS.uasset" 4509
"../../../Engine/Plugins/Interchange/Assets/Content/gltf/MaterialInstances/MI_Unlit_Blend.uasset" 4510
"../../../Engine/Plugins/Interchange/Assets/Content/gltf/MaterialInstances/MI_Unlit_Mask.uasset" 4511
"../../../Engine/Plugins/Interchange/Assets/Content/gltf/MaterialInstances/MI_Unlit_Opaque_DS.uasset" 4512
"../../../Engine/Plugins/Interchange/Assets/Content/gltf/MaterialInstances/MI_Unlit_Blend_DS.uasset" 4513
"/Game/Team/KYJ/lampon/lamp_on22" 4514
"/InterchangeAssets/gltf/MaterialInstances/MI_Unlit_Blend_DS" 4515
"/InterchangeAssets/gltf/MaterialInstances/MI_Unlit_Mask_DS" 4516
"/InterchangeAssets/gltf/MaterialInstances/MI_Unlit_Opaque_DS" 4517
"/InterchangeAssets/gltf/MaterialInstances/MI_Unlit_Blend" 4518
"/InterchangeAssets/gltf/MaterialInstances/MI_Unlit_Mask" 4519
"/InterchangeAssets/gltf/MaterialInstances/MI_Unlit_Opaque" 4520
"/Game/MY/MyBluePrints/Construct/BP_Lamp" 4521
"../../../Engine/Plugins/Interchange/Assets/Content/Functions/MX_StandardSurface.uasset" 4522
"../../../Engine/Content/Functions/Substrate/MF_SchlickInternal.uasset" 4523
"../../../Engine/Content/Functions/Engine_MaterialFunctions01/Volumetrics/BeersLaw.uasset" 4524
"../../../Engine/Plugins/Interchange/Assets/Content/Functions/MF_OrenNayerView.uasset" 4525
"../../../Engine/Plugins/Interchange/Assets/Content/Functions/MX_OpenPBR_Translucent.uasset" 4526
"../../../Engine/Plugins/Interchange/Assets/Content/Functions/MX_Transmission.uasset" 4527
"../../../Engine/Plugins/Interchange/Assets/Content/Functions/MX_TransmissionSurface.uasset" 4528
"/InterchangeAssets/Functions/MX_OpenPBR_Translucent" 4529
"../../../Engine/Plugins/Animation/ControlRig/Content/Controls/ControlRig_Sphere_solid.uasset" 4530
"../../../Engine/Plugins/Interchange/Assets/Content/Functions/MX_OpenPBR_Opaque.uasset" 4531
"../../../Engine/Plugins/Animation/ControlRig/Content/Controls/ControlRig_Arrow2_1mm.uasset" 4532
"../../../Engine/Plugins/Animation/ControlRig/Content/Controls/ControlRig_Arrow2_solid.uasset" 4533
"../../../Engine/Plugins/Animation/ControlRig/Content/Controls/ControlRig_Arrow2_3mm.uasset" 4534
"../../../Engine/Plugins/Animation/ControlRig/Content/Controls/ControlRig_Arrow4_3mm.uasset" 4535
"../../../Engine/Plugins/Animation/ControlRig/Content/Controls/ControlRig_Arrow4_1mm.uasset" 4536
"/ControlRig/Controls/ControlRig_Arrow2_solid" 4537
"../../../Engine/Plugins/Animation/ControlRig/Content/Controls/ControlRig_Arrow4_solid.uasset" 4538
"../../../Engine/Plugins/Animation/ControlRig/Content/Controls/ControlRig_Arrow_1mm.uasset" 4539
"../../../Engine/Plugins/Animation/ControlRig/Content/Controls/ControlRig_Arrow_3mm.uasset" 4540
"../../../Engine/Plugins/Animation/ControlRig/Content/Controls/ControlRig_Arrow_solid.uasset" 4541
"../../../Engine/Plugins/Animation/ControlRig/Content/Controls/ControlRig_Box_1mm.uasset" 4542
"../../../Engine/Plugins/Animation/ControlRig/Content/Controls/ControlRig_Box_3mm.uasset" 4543
"../../../Engine/Plugins/Animation/ControlRig/Content/Controls/ControlRig_Box_solid.uasset" 4544
"../../../Engine/Plugins/Animation/ControlRig/Content/Controls/ControlRig_Circle_1mm.uasset" 4545
"../../../Engine/Plugins/Animation/ControlRig/Content/Controls/ControlRig_Circle_3mm.uasset" 4546
"../../../Engine/Plugins/Animation/ControlRig/Content/Controls/ControlRig_Circle_solid.uasset" 4547
"../../../Engine/Plugins/Animation/ControlRig/Content/Controls/ControlRig_Diamond_1mm.uasset" 4548
"../../../Engine/Plugins/Animation/ControlRig/Content/Controls/ControlRig_Diamond_3mm.uasset" 4549
"../../../Engine/Plugins/Animation/ControlRig/Content/Controls/ControlRig_Diamond_solid.uasset" 4550
"../../../Engine/Plugins/Animation/ControlRig/Content/Controls/ControlRig_HalfCircle_1mm.uasset" 4551
"../../../Engine/Plugins/Animation/ControlRig/Content/Controls/ControlRig_HalfCircle_3mm.uasset" 4552
"../../../Engine/Plugins/Animation/ControlRig/Content/Controls/ControlRig_HalfCircle_solid.uasset" 4553
"../../../Engine/Plugins/Animation/ControlRig/Content/Controls/ControlRig_Hexagon_1mm.uasset" 4554
"../../../Engine/Plugins/Animation/ControlRig/Content/Controls/ControlRig_Hexagon_3mm.uasset" 4555
"../../../Engine/Plugins/Animation/ControlRig/Content/Controls/ControlRig_Hexagon_solid.uasset" 4556
"../../../Engine/Plugins/Animation/ControlRig/Content/Controls/ControlRig_Octagon_1mm.uasset" 4557
"../../../Engine/Plugins/Animation/ControlRig/Content/Controls/ControlRig_Octagon_3mm.uasset" 4558
"../../../Engine/Plugins/Animation/ControlRig/Content/Controls/ControlRig_Octagon_solid.uasset" 4559
"../../../Engine/Plugins/Animation/ControlRig/Content/Controls/ControlRig_Pyramid_1mm.uasset" 4560
"../../../Engine/Plugins/Animation/ControlRig/Content/Controls/ControlRig_Pyramid_3mm.uasset" 4561
"../../../Engine/Plugins/Animation/ControlRig/Content/Controls/ControlRig_Pyramid_solid.uasset" 4562
"/ControlRig/Controls/ControlRig_Arrow2_3mm" 4563
"/ControlRig/Controls/ControlRig_Arrow2_1mm" 4564
"/ControlRig/Controls/ControlRig_Sphere_solid" 4565
"/InterchangeAssets/Functions/MX_OpenPBR_Opaque" 4566
"../../../Engine/Plugins/Animation/ControlRig/Content/Controls/ControlRig_QuarterCircle_3mm.uasset" 4567
"../../../Engine/Plugins/Animation/ControlRig/Content/Controls/ControlRig_QuarterCircle_1mm.uasset" 4568
"../../../Engine/Plugins/Animation/ControlRig/Content/Controls/ControlRig_QuarterCircle_solid.uasset" 4569
"../../../Engine/Plugins/Animation/ControlRig/Content/Controls/ControlRig_RoundedSquare_1mm.uasset" 4570
"/ControlRig/Controls/ControlRig_Pyramid_solid" 4571
"/ControlRig/Controls/ControlRig_Pyramid_3mm" 4572
"/ControlRig/Controls/ControlRig_Pyramid_1mm" 4573
"/ControlRig/Controls/ControlRig_Octagon_solid" 4574
"/ControlRig/Controls/ControlRig_Octagon_3mm" 4575
"/ControlRig/Controls/ControlRig_Octagon_1mm" 4576
"/ControlRig/Controls/ControlRig_Hexagon_solid" 4577
"/ControlRig/Controls/ControlRig_Hexagon_3mm" 4578
"/ControlRig/Controls/ControlRig_Hexagon_1mm" 4579
"/ControlRig/Controls/ControlRig_HalfCircle_solid" 4580
"/ControlRig/Controls/ControlRig_HalfCircle_3mm" 4581
"/ControlRig/Controls/ControlRig_HalfCircle_1mm" 4582
"/ControlRig/Controls/ControlRig_Diamond_solid" 4583
"/ControlRig/Controls/ControlRig_Diamond_3mm" 4584
"/ControlRig/Controls/ControlRig_Diamond_1mm" 4585
"/ControlRig/Controls/ControlRig_Circle_solid" 4586
"/ControlRig/Controls/ControlRig_Circle_3mm" 4587
"/ControlRig/Controls/ControlRig_Circle_1mm" 4588
"/ControlRig/Controls/ControlRig_Box_solid" 4589
"/ControlRig/Controls/ControlRig_Box_3mm" 4590
"/ControlRig/Controls/ControlRig_Arrow_1mm" 4591
"/ControlRig/Controls/ControlRig_Arrow4_solid" 4592
"/ControlRig/Controls/ControlRig_Arrow4_3mm" 4593
"/ControlRig/Controls/ControlRig_Arrow4_1mm" 4594
"/ControlRig/Controls/ControlRig_Box_1mm" 4595
"/ControlRig/Controls/ControlRig_Arrow_solid" 4596
"/ControlRig/Controls/ControlRig_Arrow_3mm" 4597
"../../../Engine/Plugins/Animation/ControlRig/Content/Controls/ControlRig_RoundedSquare_3mm.uasset" 4598
"../../../Engine/Plugins/Animation/ControlRig/Content/Controls/ControlRig_RoundedSquare_solid.uasset" 4599
"../../../Engine/Plugins/Animation/ControlRig/Content/Controls/ControlRig_RoundedTriangle_1mm.uasset" 4600
"../../../Engine/Plugins/Animation/ControlRig/Content/Controls/ControlRig_RoundedTriangle_3mm.uasset" 4601
"../../../Engine/Plugins/Animation/ControlRig/Content/Controls/ControlRig_RoundedTriangle_solid.uasset" 4602
"../../../Engine/Plugins/Animation/ControlRig/Content/Controls/ControlRig_Sphere_3mm.uasset" 4603
"../../../Engine/Plugins/Animation/ControlRig/Content/Controls/ControlRig_Sphere_1mm.uasset" 4604
"../../../Engine/Plugins/Animation/ControlRig/Content/Controls/ControlRig_Square_1mm.uasset" 4605
"../../../Engine/Plugins/Animation/ControlRig/Content/Controls/ControlRig_Square_3mm.uasset" 4606
"../../../Engine/Plugins/Animation/ControlRig/Content/Controls/ControlRig_Square_solid.uasset" 4607
"../../../Engine/Plugins/Animation/ControlRig/Content/Controls/ControlRig_Star4_1mm.uasset" 4608
"../../../Engine/Plugins/Animation/ControlRig/Content/Controls/ControlRig_Star4_3mm.uasset" 4609
"../../../Engine/Plugins/Animation/ControlRig/Content/Controls/ControlRig_Star4_solid.uasset" 4610
"../../../Engine/Plugins/Animation/ControlRig/Content/Controls/ControlRig_Triangle_1mm.uasset" 4611
"../../../Engine/Plugins/Animation/ControlRig/Content/Controls/ControlRig_Triangle_3mm.uasset" 4612
"../../../Engine/Plugins/Animation/ControlRig/Content/Controls/ControlRig_Triangle_solid.uasset" 4613
"../../../Engine/Plugins/Animation/ControlRig/Content/Controls/ControlRig_Wedge_1mm.uasset" 4614
"../../../Engine/Plugins/Animation/ControlRig/Content/Controls/ControlRig_Wedge_3mm.uasset" 4615
"../../../Engine/Plugins/Animation/ControlRig/Content/Controls/ControlRig_Wedge_solid.uasset" 4616
"../../../Engine/Content/Maps/Entry.umap" 4617
"../../../Engine/Content/Maps/Entry_BuiltData.uasset" 4618
"/ControlRig/Controls/ControlRig_RoundedSquare_1mm" 4619
"/ControlRig/Controls/ControlRig_QuarterCircle_solid" 4620
"/ControlRig/Controls/ControlRig_QuarterCircle_3mm" 4621
"/ControlRig/Controls/ControlRig_QuarterCircle_1mm" 4622
"/Engine/Maps/Entry" 4623
"/ControlRig/Controls/ControlRig_Wedge_solid" 4624
"/ControlRig/Controls/ControlRig_Wedge_3mm" 4625
"/ControlRig/Controls/ControlRig_Wedge_1mm" 4626
"/ControlRig/Controls/ControlRig_Triangle_solid" 4627
"/ControlRig/Controls/ControlRig_Triangle_3mm" 4628
"/ControlRig/Controls/ControlRig_Triangle_1mm" 4629
"/ControlRig/Controls/ControlRig_Star4_solid" 4630
"/ControlRig/Controls/ControlRig_Star4_3mm" 4631
"/ControlRig/Controls/ControlRig_Star4_1mm" 4632
"/ControlRig/Controls/ControlRig_Square_solid" 4633
"/ControlRig/Controls/ControlRig_Square_3mm" 4634
"/ControlRig/Controls/ControlRig_Square_1mm" 4635
"/ControlRig/Controls/ControlRig_Sphere_3mm" 4636
"/ControlRig/Controls/ControlRig_Sphere_1mm" 4637
"/ControlRig/Controls/ControlRig_RoundedTriangle_solid" 4638
"/ControlRig/Controls/ControlRig_RoundedTriangle_3mm" 4639
"/ControlRig/Controls/ControlRig_RoundedTriangle_1mm" 4640
"/ControlRig/Controls/ControlRig_RoundedSquare_solid" 4641
"/ControlRig/Controls/ControlRig_RoundedSquare_3mm" 4642
"../../../Engine/Content/EditorMaterials/PreviewShadowIndicatorMaterial.uasset" 4643
"../../../Engine/Content/EditorMaterials/PreviewShadowIndicator.uasset" 4644
"../../../Engine/Content/EngineMaterials/Substrate/GLints/dict_16_192_64_0p5_0p02_0063_0015.uasset" 4645
"../../../Engine/Content/EngineMaterials/Substrate/GLints/dict_16_192_64_0p5_0p02_0063_0014.uasset" 4646
"../../../Engine/Content/EngineMaterials/Substrate/GLints/dict_16_192_64_0p5_0p02_0063_0013.uasset" 4647
"../../../Engine/Content/EngineMaterials/Substrate/GLints/dict_16_192_64_0p5_0p02_0063_0012.uasset" 4648
"../../../Engine/Content/EngineMaterials/Substrate/GLints/dict_16_192_64_0p5_0p02_0063_0011.uasset" 4649
"../../../Engine/Content/EngineMaterials/Substrate/GLints/dict_16_192_64_0p5_0p02_0063_0010.uasset" 4650
"../../../Engine/Content/EngineMaterials/Substrate/GLints/dict_16_192_64_0p5_0p02_0063_0009.uasset" 4651
"../../../Engine/Content/EngineMaterials/Substrate/GLints/dict_16_192_64_0p5_0p02_0063_0008.uasset" 4652
"../../../Engine/Content/EngineMaterials/Substrate/GLints/dict_16_192_64_0p5_0p02_0063_0007.uasset" 4653
"../../../Engine/Content/EngineMaterials/Substrate/GLints/dict_16_192_64_0p5_0p02_0063_0006.uasset" 4654
"../../../Engine/Content/EngineMaterials/Substrate/GLints/dict_16_192_64_0p5_0p02_0063_0005.uasset" 4655
"../../../Engine/Content/EngineMaterials/Substrate/GLints/dict_16_192_64_0p5_0p02_0063_0004.uasset" 4656
"../../../Engine/Content/EngineMaterials/Substrate/GLints/dict_16_192_64_0p5_0p02_0063_0003.uasset" 4657
"../../../Engine/Content/EngineMaterials/Substrate/GLints/dict_16_192_64_0p5_0p02_0063_0002.uasset" 4658
"../../../Engine/Content/EngineMaterials/Substrate/GLints/dict_16_192_64_0p5_0p02_0063_0001.uasset" 4659
"../../../Engine/Content/EngineMaterials/Substrate/GLints/dict_16_192_64_0p5_0p02_0063_0000.uasset" 4660
"../../../Engine/Content/EngineMaterials/Substrate/GLints/dict_16_192_64_0p5_0p02_0062_0015.uasset" 4661
"../../../Engine/Content/EngineMaterials/Substrate/GLints/dict_16_192_64_0p5_0p02_0062_0014.uasset" 4662
"../../../Engine/Content/EngineMaterials/Substrate/GLints/dict_16_192_64_0p5_0p02_0062_0013.uasset" 4663
"../../../Engine/Content/EngineMaterials/Substrate/GLints/dict_16_192_64_0p5_0p02_0062_0012.uasset" 4664
"../../../Engine/Content/EngineMaterials/Substrate/GLints/dict_16_192_64_0p5_0p02_0062_0011.uasset" 4665
"../../../Engine/Content/EngineMaterials/Substrate/GLints/dict_16_192_64_0p5_0p02_0062_0010.uasset" 4666
"../../../Engine/Content/EngineMaterials/Substrate/GLints/dict_16_192_64_0p5_0p02_0062_0009.uasset" 4667
"../../../Engine/Content/EngineMaterials/Substrate/GLints/dict_16_192_64_0p5_0p02_0062_0008.uasset" 4668
"../../../Engine/Content/EngineMaterials/Substrate/GLints/dict_16_192_64_0p5_0p02_0062_0007.uasset" 4669
"../../../Engine/Content/EngineMaterials/Substrate/GLints/dict_16_192_64_0p5_0p02_0062_0006.uasset" 4670
"../../../Engine/Content/EngineMaterials/Substrate/GLints/dict_16_192_64_0p5_0p02_0062_0005.uasset" 4671
"../../../Engine/Content/EngineMaterials/Substrate/GLints/dict_16_192_64_0p5_0p02_0062_0004.uasset" 4672
"../../../Engine/Content/EngineMaterials/Substrate/GLints/dict_16_192_64_0p5_0p02_0062_0003.uasset" 4673
"../../../Engine/Content/EngineMaterials/Substrate/GLints/dict_16_192_64_0p5_0p02_0062_0002.uasset" 4674
"/Engine/EngineMaterials/Substrate/GLints/dict_16_192_64_0p5_0p02_0062_0003" 4675
"/Engine/EngineMaterials/Substrate/GLints/dict_16_192_64_0p5_0p02_0062_0004" 4676
"/Engine/EngineMaterials/Substrate/GLints/dict_16_192_64_0p5_0p02_0062_0005" 4677
"/Engine/EngineMaterials/Substrate/GLints/dict_16_192_64_0p5_0p02_0062_0006" 4678
"/Engine/EngineMaterials/Substrate/GLints/dict_16_192_64_0p5_0p02_0062_0007" 4679
"/Engine/EngineMaterials/Substrate/GLints/dict_16_192_64_0p5_0p02_0062_0008" 4680
"/Engine/EngineMaterials/Substrate/GLints/dict_16_192_64_0p5_0p02_0062_0013" 4681
"/Engine/EngineMaterials/Substrate/GLints/dict_16_192_64_0p5_0p02_0062_0014" 4682
"/Engine/EngineMaterials/Substrate/GLints/dict_16_192_64_0p5_0p02_0062_0015" 4683
"/Engine/EngineMaterials/Substrate/GLints/dict_16_192_64_0p5_0p02_0063_0000" 4684
"/Engine/EngineMaterials/Substrate/GLints/dict_16_192_64_0p5_0p02_0063_0001" 4685
"/Engine/EngineMaterials/Substrate/GLints/dict_16_192_64_0p5_0p02_0063_0002" 4686
"/Engine/EngineMaterials/Substrate/GLints/dict_16_192_64_0p5_0p02_0063_0003" 4687
"/Engine/EngineMaterials/Substrate/GLints/dict_16_192_64_0p5_0p02_0063_0004" 4688
"/Engine/EngineMaterials/Substrate/GLints/dict_16_192_64_0p5_0p02_0063_0005" 4689
"/Engine/EngineMaterials/Substrate/GLints/dict_16_192_64_0p5_0p02_0063_0006" 4690
"/Engine/EngineMaterials/Substrate/GLints/dict_16_192_64_0p5_0p02_0063_0007" 4691
"/Engine/EngineMaterials/Substrate/GLints/dict_16_192_64_0p5_0p02_0063_0008" 4692
"/Engine/EngineMaterials/Substrate/GLints/dict_16_192_64_0p5_0p02_0063_0009" 4693
"/Engine/EngineMaterials/Substrate/GLints/dict_16_192_64_0p5_0p02_0063_0010" 4694
"/Engine/EngineMaterials/Substrate/GLints/dict_16_192_64_0p5_0p02_0063_0011" 4695
"/Engine/EngineMaterials/Substrate/GLints/dict_16_192_64_0p5_0p02_0063_0012" 4696
"/Engine/EngineMaterials/Substrate/GLints/dict_16_192_64_0p5_0p02_0063_0013" 4697
"/Engine/EngineMaterials/Substrate/GLints/dict_16_192_64_0p5_0p02_0063_0014" 4698
"/Engine/EngineMaterials/Substrate/GLints/dict_16_192_64_0p5_0p02_0062_0002" 4699
"/Engine/EngineMaterials/Substrate/GLints/dict_16_192_64_0p5_0p02_0062_0009" 4700
"/Engine/EngineMaterials/Substrate/GLints/dict_16_192_64_0p5_0p02_0062_0010" 4701
"/Engine/EngineMaterials/Substrate/GLints/dict_16_192_64_0p5_0p02_0063_0015" 4702
"/Engine/EngineMaterials/Substrate/GLints/dict_16_192_64_0p5_0p02_0062_0011" 4703
"/Engine/EngineMaterials/Substrate/GLints/dict_16_192_64_0p5_0p02_0062_0012" 4704
"/Engine/EditorMaterials/PreviewShadowIndicatorMaterial" 4705
"../../../Engine/Content/EngineMaterials/Substrate/GLints/dict_16_192_64_0p5_0p02_0062_0001.uasset" 4706
"../../../Engine/Content/EngineMaterials/Substrate/GLints/dict_16_192_64_0p5_0p02_0062_0000.uasset" 4707
"../../../Engine/Content/EngineMaterials/Substrate/GLints/dict_16_192_64_0p5_0p02_0061_0015.uasset" 4708
"../../../Engine/Content/EngineMaterials/Substrate/GLints/dict_16_192_64_0p5_0p02_0061_0013.uasset" 4709
"../../../Engine/Content/EngineMaterials/Substrate/GLints/dict_16_192_64_0p5_0p02_0061_0014.uasset" 4710
"../../../Engine/Content/EngineMaterials/Substrate/GLints/dict_16_192_64_0p5_0p02_0061_0012.uasset" 4711
"../../../Engine/Content/EngineMaterials/Substrate/GLints/dict_16_192_64_0p5_0p02_0061_0011.uasset" 4712
"../../../Engine/Content/EngineMaterials/Substrate/GLints/dict_16_192_64_0p5_0p02_0061_0010.uasset" 4713
"../../../Engine/Content/EngineMaterials/Substrate/GLints/dict_16_192_64_0p5_0p02_0061_0009.uasset" 4714
"../../../Engine/Content/EngineMaterials/Substrate/GLints/dict_16_192_64_0p5_0p02_0061_0008.uasset" 4715
"../../../Engine/Content/EngineMaterials/Substrate/GLints/dict_16_192_64_0p5_0p02_0061_0006.uasset" 4716
"../../../Engine/Content/EngineMaterials/Substrate/GLints/dict_16_192_64_0p5_0p02_0061_0007.uasset" 4717
"../../../Engine/Content/EngineMaterials/Substrate/GLints/dict_16_192_64_0p5_0p02_0061_0005.uasset" 4718
"../../../Engine/Content/EngineMaterials/Substrate/GLints/dict_16_192_64_0p5_0p02_0061_0004.uasset" 4719
"../../../Engine/Content/EngineMaterials/Substrate/GLints/dict_16_192_64_0p5_0p02_0061_0003.uasset" 4720
"../../../Engine/Content/EngineMaterials/Substrate/GLints/dict_16_192_64_0p5_0p02_0061_0002.uasset" 4721
"../../../Engine/Content/EngineMaterials/Substrate/GLints/dict_16_192_64_0p5_0p02_0061_0001.uasset" 4722
"../../../Engine/Content/EngineMaterials/Substrate/GLints/dict_16_192_64_0p5_0p02_0061_0000.uasset" 4723
"../../../Engine/Content/EngineMaterials/Substrate/GLints/dict_16_192_64_0p5_0p02_0060_0015.uasset" 4724
"../../../Engine/Content/EngineMaterials/Substrate/GLints/dict_16_192_64_0p5_0p02_0060_0014.uasset" 4725
"../../../Engine/Content/EngineMaterials/Substrate/GLints/dict_16_192_64_0p5_0p02_0060_0012.uasset" 4726
"../../../Engine/Content/EngineMaterials/Substrate/GLints/dict_16_192_64_0p5_0p02_0060_0013.uasset" 4727
"../../../Engine/Content/EngineMaterials/Substrate/GLints/dict_16_192_64_0p5_0p02_0060_0011.uasset" 4728
"../../../Engine/Content/EngineMaterials/Substrate/GLints/dict_16_192_64_0p5_0p02_0060_0010.uasset" 4729
"../../../Engine/Content/EngineMaterials/Substrate/GLints/dict_16_192_64_0p5_0p02_0060_0009.uasset" 4730
"../../../Engine/Content/EngineMaterials/Substrate/GLints/dict_16_192_64_0p5_0p02_0060_0008.uasset" 4731
"../../../Engine/Content/EngineMaterials/Substrate/GLints/dict_16_192_64_0p5_0p02_0060_0006.uasset" 4732
"../../../Engine/Content/EngineMaterials/Substrate/GLints/dict_16_192_64_0p5_0p02_0060_0005.uasset" 4733
"../../../Engine/Content/EngineMaterials/Substrate/GLints/dict_16_192_64_0p5_0p02_0060_0007.uasset" 4734
"../../../Engine/Content/EngineMaterials/Substrate/GLints/dict_16_192_64_0p5_0p02_0060_0004.uasset" 4735
"../../../Engine/Content/EngineMaterials/Substrate/GLints/dict_16_192_64_0p5_0p02_0060_0003.uasset" 4736
"../../../Engine/Content/EngineMaterials/Substrate/GLints/dict_16_192_64_0p5_0p02_0060_0002.uasset" 4737
"../../../Engine/Plugins/Animation/DeformerGraph/Shaders/Private/DataInterfaceCustomComputeKernel.ush" 4738
"../../../Engine/Plugins/Animation/DeformerGraph/Shaders/Private/DataInterfaceCloth.ush" 4739
"../../../Engine/Plugins/Animation/DeformerGraph/Shaders/Private/DataInterfaceSkinnedMeshRead.ush" 4740
"../../../Engine/Plugins/Animation/DeformerGraph/Shaders/Private/DataInterfaceSkeleton.ush" 4741
"../../../Engine/Plugins/Animation/DeformerGraph/Shaders/Private/DataInterfaceSkeletonCommon.ush" 4742
"../../../Engine/Plugins/Animation/DeformerGraph/Shaders/Private/DataInterfaceMorphTarget.ush" 4743
"../../../Engine/Plugins/Animation/DeformerGraph/Shaders/Private/DataInterfaceSkinnedMeshWrite.ush" 4744
"../../../Engine/Plugins/Animation/DeformerGraph/Shaders/Private/DataInterfaceRawBuffer.ush" 4745
"../../../Engine/Plugins/Runtime/ComputeFramework/Shaders/Private/BufferAlias.ush" 4746
"../../../Engine/Plugins/Animation/DeformerGraph/Shaders/Private/DataInterfaceSkinnedMesh.ush" 4747
"../../../Engine/Plugins/Animation/DeformerGraph/Shaders/Private/DataInterfaceHalfEdge.ush" 4748
"/Engine/EngineMaterials/Substrate/GLints/dict_16_192_64_0p5_0p02_0060_0002" 4749
"/Engine/EngineMaterials/Substrate/GLints/dict_16_192_64_0p5_0p02_0060_0003" 4750
"/Engine/EngineMaterials/Substrate/GLints/dict_16_192_64_0p5_0p02_0060_0004" 4751
"/Engine/EngineMaterials/Substrate/GLints/dict_16_192_64_0p5_0p02_0060_0005" 4752
"/Engine/EngineMaterials/Substrate/GLints/dict_16_192_64_0p5_0p02_0060_0006" 4753
"/Engine/EngineMaterials/Substrate/GLints/dict_16_192_64_0p5_0p02_0060_0007" 4754
"/Engine/EngineMaterials/Substrate/GLints/dict_16_192_64_0p5_0p02_0060_0008" 4755
"/Engine/EngineMaterials/Substrate/GLints/dict_16_192_64_0p5_0p02_0060_0009" 4756
"/Engine/EngineMaterials/Substrate/GLints/dict_16_192_64_0p5_0p02_0060_0010" 4757
"/Engine/EngineMaterials/Substrate/GLints/dict_16_192_64_0p5_0p02_0060_0011" 4758
"/Engine/EngineMaterials/Substrate/GLints/dict_16_192_64_0p5_0p02_0060_0012" 4759
"/Engine/EngineMaterials/Substrate/GLints/dict_16_192_64_0p5_0p02_0060_0013" 4760
"/Engine/EngineMaterials/Substrate/GLints/dict_16_192_64_0p5_0p02_0060_0014" 4761
"/Engine/EngineMaterials/Substrate/GLints/dict_16_192_64_0p5_0p02_0060_0015" 4762
"/Engine/EngineMaterials/Substrate/GLints/dict_16_192_64_0p5_0p02_0061_0000" 4763
"/Engine/EngineMaterials/Substrate/GLints/dict_16_192_64_0p5_0p02_0061_0001" 4764
"/Engine/EngineMaterials/Substrate/GLints/dict_16_192_64_0p5_0p02_0061_0002" 4765
"/Engine/EngineMaterials/Substrate/GLints/dict_16_192_64_0p5_0p02_0061_0003" 4766
"/Engine/EngineMaterials/Substrate/GLints/dict_16_192_64_0p5_0p02_0061_0004" 4767
"/Engine/EngineMaterials/Substrate/GLints/dict_16_192_64_0p5_0p02_0061_0005" 4768
"/Engine/EngineMaterials/Substrate/GLints/dict_16_192_64_0p5_0p02_0061_0006" 4769
"/Engine/EngineMaterials/Substrate/GLints/dict_16_192_64_0p5_0p02_0061_0007" 4770
"/Engine/EngineMaterials/Substrate/GLints/dict_16_192_64_0p5_0p02_0061_0008" 4771
"/Engine/EngineMaterials/Substrate/GLints/dict_16_192_64_0p5_0p02_0061_0009" 4772
"/Engine/EngineMaterials/Substrate/GLints/dict_16_192_64_0p5_0p02_0061_0010" 4773
"/Engine/EngineMaterials/Substrate/GLints/dict_16_192_64_0p5_0p02_0061_0011" 4774
"/Engine/EngineMaterials/Substrate/GLints/dict_16_192_64_0p5_0p02_0061_0012" 4775
"/Engine/EngineMaterials/Substrate/GLints/dict_16_192_64_0p5_0p02_0061_0013" 4776
"/Engine/EngineMaterials/Substrate/GLints/dict_16_192_64_0p5_0p02_0061_0014" 4777
"/Engine/EngineMaterials/Substrate/GLints/dict_16_192_64_0p5_0p02_0061_0015" 4778
"/Engine/EngineMaterials/Substrate/GLints/dict_16_192_64_0p5_0p02_0062_0000" 4779
"/Engine/EngineMaterials/Substrate/GLints/dict_16_192_64_0p5_0p02_0062_0001" 4780
"../../../Engine/Content/EngineMaterials/Substrate/GLints/dict_16_192_64_0p5_0p02_0059_0013.uasset" 4781
"../../../Engine/Content/EngineMaterials/Substrate/GLints/dict_16_192_64_0p5_0p02_0060_0001.uasset" 4782
"../../../Engine/Content/EngineMaterials/Substrate/GLints/dict_16_192_64_0p5_0p02_0059_0015.uasset" 4783
"../../../Engine/Content/EngineMaterials/Substrate/GLints/dict_16_192_64_0p5_0p02_0059_0009.uasset" 4784
"../../../Engine/Content/EngineMaterials/Substrate/GLints/dict_16_192_64_0p5_0p02_0060_0000.uasset" 4785
"../../../Engine/Content/EngineMaterials/Substrate/GLints/dict_16_192_64_0p5_0p02_0059_0002.uasset" 4786
"../../../Engine/Content/EngineMaterials/Substrate/GLints/dict_16_192_64_0p5_0p02_0059_0005.uasset" 4787
"../../../Engine/Content/EngineMaterials/Substrate/GLints/dict_16_192_64_0p5_0p02_0059_0011.uasset" 4788
"../../../Engine/Content/EngineMaterials/Substrate/GLints/dict_16_192_64_0p5_0p02_0059_0012.uasset" 4789
"../../../Engine/Content/EngineMaterials/Substrate/GLints/dict_16_192_64_0p5_0p02_0059_0001.uasset" 4790
"../../../Engine/Content/EngineMaterials/Substrate/GLints/dict_16_192_64_0p5_0p02_0059_0003.uasset" 4791
"../../../Engine/Content/EngineMaterials/Substrate/GLints/dict_16_192_64_0p5_0p02_0059_0000.uasset" 4792
"../../../Engine/Content/EngineMaterials/Substrate/GLints/dict_16_192_64_0p5_0p02_0059_0004.uasset" 4793
"../../../Engine/Content/EngineMaterials/Substrate/GLints/dict_16_192_64_0p5_0p02_0058_0013.uasset" 4794
"../../../Engine/Content/EngineMaterials/Substrate/GLints/dict_16_192_64_0p5_0p02_0059_0007.uasset" 4795
"../../../Engine/Content/EngineMaterials/Substrate/GLints/dict_16_192_64_0p5_0p02_0058_0014.uasset" 4796
"../../../Engine/Content/EngineMaterials/Substrate/GLints/dict_16_192_64_0p5_0p02_0059_0010.uasset" 4797
"../../../Engine/Content/EngineMaterials/Substrate/GLints/dict_16_192_64_0p5_0p02_0058_0010.uasset" 4798
"../../../Engine/Content/EngineMaterials/Substrate/GLints/dict_16_192_64_0p5_0p02_0058_0007.uasset" 4799
"../../../Engine/Content/EngineMaterials/Substrate/GLints/dict_16_192_64_0p5_0p02_0058_0009.uasset" 4800
"../../../Engine/Content/EngineMaterials/Substrate/GLints/dict_16_192_64_0p5_0p02_0058_0004.uasset" 4801
"../../../Engine/Content/EngineMaterials/Substrate/GLints/dict_16_192_64_0p5_0p02_0059_0008.uasset" 4802
"../../../Engine/Content/EngineMaterials/Substrate/GLints/dict_16_192_64_0p5_0p02_0058_0005.uasset" 4803
"../../../Engine/Content/EngineMaterials/Substrate/GLints/dict_16_192_64_0p5_0p02_0059_0006.uasset" 4804
"../../../Engine/Content/EngineMaterials/Substrate/GLints/dict_16_192_64_0p5_0p02_0058_0003.uasset" 4805
"../../../Engine/Content/EngineMaterials/Substrate/GLints/dict_16_192_64_0p5_0p02_0058_0006.uasset" 4806
"../../../Engine/Content/EngineMaterials/Substrate/GLints/dict_16_192_64_0p5_0p02_0058_0002.uasset" 4807
"../../../Engine/Content/EngineMaterials/Substrate/GLints/dict_16_192_64_0p5_0p02_0059_0014.uasset" 4808
"../../../Engine/Content/EngineMaterials/Substrate/GLints/dict_16_192_64_0p5_0p02_0058_0015.uasset" 4809
"../../../Engine/Content/EngineMaterials/Substrate/GLints/dict_16_192_64_0p5_0p02_0058_0008.uasset" 4810
"../../../Engine/Content/EngineMaterials/Substrate/GLints/dict_16_192_64_0p5_0p02_0058_0012.uasset" 4811
"../../../Engine/Content/EngineMaterials/Substrate/GLints/dict_16_192_64_0p5_0p02_0058_0011.uasset" 4812
"/Engine/EngineMaterials/Substrate/GLints/dict_16_192_64_0p5_0p02_0058_0013" 4813
"/Engine/EngineMaterials/Substrate/GLints/dict_16_192_64_0p5_0p02_0058_0014" 4814
"/Engine/EngineMaterials/Substrate/GLints/dict_16_192_64_0p5_0p02_0059_0000" 4815
"/Engine/EngineMaterials/Substrate/GLints/dict_16_192_64_0p5_0p02_0059_0001" 4816
"/Engine/EngineMaterials/Substrate/GLints/dict_16_192_64_0p5_0p02_0059_0002" 4817
"/Engine/EngineMaterials/Substrate/GLints/dict_16_192_64_0p5_0p02_0059_0003" 4818
"/Engine/EngineMaterials/Substrate/GLints/dict_16_192_64_0p5_0p02_0059_0004" 4819
"/Engine/EngineMaterials/Substrate/GLints/dict_16_192_64_0p5_0p02_0059_0005" 4820
"/Engine/EngineMaterials/Substrate/GLints/dict_16_192_64_0p5_0p02_0059_0007" 4821
"/Engine/EngineMaterials/Substrate/GLints/dict_16_192_64_0p5_0p02_0059_0009" 4822
"/Engine/EngineMaterials/Substrate/GLints/dict_16_192_64_0p5_0p02_0059_0010" 4823
"/Engine/EngineMaterials/Substrate/GLints/dict_16_192_64_0p5_0p02_0059_0011" 4824
"/Engine/EngineMaterials/Substrate/GLints/dict_16_192_64_0p5_0p02_0059_0012" 4825
"/Engine/EngineMaterials/Substrate/GLints/dict_16_192_64_0p5_0p02_0059_0013" 4826
"/Engine/EngineMaterials/Substrate/GLints/dict_16_192_64_0p5_0p02_0059_0015" 4827
"/Engine/EngineMaterials/Substrate/GLints/dict_16_192_64_0p5_0p02_0060_0000" 4828
"/Engine/EngineMaterials/Substrate/GLints/dict_16_192_64_0p5_0p02_0060_0001" 4829
"../../../Engine/Content/EngineMaterials/Substrate/GLints/dict_16_192_64_0p5_0p02_0058_0000.uasset" 4830
"../../../Engine/Content/EngineMaterials/Substrate/GLints/dict_16_192_64_0p5_0p02_0058_0001.uasset" 4831
"../../../Engine/Content/EngineMaterials/Substrate/GLints/dict_16_192_64_0p5_0p02_0057_0014.uasset" 4832
"../../../Engine/Content/EngineMaterials/Substrate/GLints/dict_16_192_64_0p5_0p02_0057_0010.uasset" 4833
"../../../Engine/Content/EngineMaterials/Substrate/GLints/dict_16_192_64_0p5_0p02_0057_0008.uasset" 4834
"../../../Engine/Content/EngineMaterials/Substrate/GLints/dict_16_192_64_0p5_0p02_0057_0003.uasset" 4835
"../../../Engine/Content/EngineMaterials/Substrate/GLints/dict_16_192_64_0p5_0p02_0057_0009.uasset" 4836
"../../../Engine/Content/EngineMaterials/Substrate/GLints/dict_16_192_64_0p5_0p02_0057_0002.uasset" 4837
"../../../Engine/Content/EngineMaterials/Substrate/GLints/dict_16_192_64_0p5_0p02_0057_0001.uasset" 4838
"../../../Engine/Content/EngineMaterials/Substrate/GLints/dict_16_192_64_0p5_0p02_0057_0007.uasset" 4839
"../../../Engine/Content/EngineMaterials/Substrate/GLints/dict_16_192_64_0p5_0p02_0057_0006.uasset" 4840
"../../../Engine/Content/EngineMaterials/Substrate/GLints/dict_16_192_64_0p5_0p02_0057_0005.uasset" 4841
"../../../Engine/Content/EngineMaterials/Substrate/GLints/dict_16_192_64_0p5_0p02_0057_0004.uasset" 4842
"../../../Engine/Content/EngineMaterials/Substrate/GLints/dict_16_192_64_0p5_0p02_0057_0013.uasset" 4843
"../../../Engine/Content/EngineMaterials/Substrate/GLints/dict_16_192_64_0p5_0p02_0057_0011.uasset" 4844
"../../../Engine/Content/EngineMaterials/Substrate/GLints/dict_16_192_64_0p5_0p02_0057_0012.uasset" 4845
"../../../Engine/Content/EngineMaterials/Substrate/GLints/dict_16_192_64_0p5_0p02_0057_0015.uasset" 4846
"/Engine/EngineMaterials/Substrate/GLints/dict_16_192_64_0p5_0p02_0058_0002" 4847
"/Engine/EngineMaterials/Substrate/GLints/dict_16_192_64_0p5_0p02_0058_0003" 4848
"/Engine/EngineMaterials/Substrate/GLints/dict_16_192_64_0p5_0p02_0058_0004" 4849
"/Engine/EngineMaterials/Substrate/GLints/dict_16_192_64_0p5_0p02_0058_0005" 4850
"/Engine/EngineMaterials/Substrate/GLints/dict_16_192_64_0p5_0p02_0058_0006" 4851
"/Engine/EngineMaterials/Substrate/GLints/dict_16_192_64_0p5_0p02_0058_0007" 4852
"/Engine/EngineMaterials/Substrate/GLints/dict_16_192_64_0p5_0p02_0058_0008" 4853
"/Engine/EngineMaterials/Substrate/GLints/dict_16_192_64_0p5_0p02_0058_0009" 4854
"/Engine/EngineMaterials/Substrate/GLints/dict_16_192_64_0p5_0p02_0058_0010" 4855
"/Engine/EngineMaterials/Substrate/GLints/dict_16_192_64_0p5_0p02_0058_0011" 4856
"/Engine/EngineMaterials/Substrate/GLints/dict_16_192_64_0p5_0p02_0058_0012" 4857
"/Engine/EngineMaterials/Substrate/GLints/dict_16_192_64_0p5_0p02_0058_0015" 4858
"/Engine/EngineMaterials/Substrate/GLints/dict_16_192_64_0p5_0p02_0059_0006" 4859
"/Engine/EngineMaterials/Substrate/GLints/dict_16_192_64_0p5_0p02_0059_0008" 4860
"/Engine/EngineMaterials/Substrate/GLints/dict_16_192_64_0p5_0p02_0057_0014" 4861
"/Engine/EngineMaterials/Substrate/GLints/dict_16_192_64_0p5_0p02_0059_0014" 4862
"/Engine/EngineMaterials/Substrate/GLints/dict_16_192_64_0p5_0p02_0058_0000" 4863
"/Engine/EngineMaterials/Substrate/GLints/dict_16_192_64_0p5_0p02_0058_0001" 4864
"../../../Engine/Content/EngineMaterials/Substrate/GLints/dict_16_192_64_0p5_0p02_0056_0015.uasset" 4865
"../../../Engine/Content/EngineMaterials/Substrate/GLints/dict_16_192_64_0p5_0p02_0057_0000.uasset" 4866
"../../../Engine/Content/EngineMaterials/Substrate/GLints/dict_16_192_64_0p5_0p02_0056_0014.uasset" 4867
"../../../Engine/Content/EngineMaterials/Substrate/GLints/dict_16_192_64_0p5_0p02_0056_0013.uasset" 4868
"../../../Engine/Content/EngineMaterials/Substrate/GLints/dict_16_192_64_0p5_0p02_0056_0012.uasset" 4869
"../../../Engine/Content/EngineMaterials/Substrate/GLints/dict_16_192_64_0p5_0p02_0056_0011.uasset" 4870
"../../../Engine/Content/EngineMaterials/Substrate/GLints/dict_16_192_64_0p5_0p02_0056_0010.uasset" 4871
"../../../Engine/Content/EngineMaterials/Substrate/GLints/dict_16_192_64_0p5_0p02_0056_0009.uasset" 4872
"../../../Engine/Content/EngineMaterials/Substrate/GLints/dict_16_192_64_0p5_0p02_0056_0008.uasset" 4873
"../../../Engine/Content/EngineMaterials/Substrate/GLints/dict_16_192_64_0p5_0p02_0056_0007.uasset" 4874
"../../../Engine/Content/EngineMaterials/Substrate/GLints/dict_16_192_64_0p5_0p02_0056_0006.uasset" 4875
"../../../Engine/Content/EngineMaterials/Substrate/GLints/dict_16_192_64_0p5_0p02_0056_0005.uasset" 4876
"../../../Engine/Content/EngineMaterials/Substrate/GLints/dict_16_192_64_0p5_0p02_0056_0004.uasset" 4877
"../../../Engine/Content/EngineMaterials/Substrate/GLints/dict_16_192_64_0p5_0p02_0056_0003.uasset" 4878
"../../../Engine/Content/EngineMaterials/Substrate/GLints/dict_16_192_64_0p5_0p02_0056_0002.uasset" 4879
"../../../Engine/Content/EngineMaterials/Substrate/GLints/dict_16_192_64_0p5_0p02_0056_0001.uasset" 4880
"../../../Engine/Content/EngineMaterials/Substrate/GLints/dict_16_192_64_0p5_0p02_0055_0015.uasset" 4881
"../../../Engine/Content/EngineMaterials/Substrate/GLints/dict_16_192_64_0p5_0p02_0056_0000.uasset" 4882
"/Engine/EngineMaterials/Substrate/GLints/dict_16_192_64_0p5_0p02_0057_0001" 4883
"/Engine/EngineMaterials/Substrate/GLints/dict_16_192_64_0p5_0p02_0057_0002" 4884
"/Engine/EngineMaterials/Substrate/GLints/dict_16_192_64_0p5_0p02_0057_0003" 4885
"/Engine/EngineMaterials/Substrate/GLints/dict_16_192_64_0p5_0p02_0057_0004" 4886
"/Engine/EngineMaterials/Substrate/GLints/dict_16_192_64_0p5_0p02_0057_0005" 4887
"/Engine/EngineMaterials/Substrate/GLints/dict_16_192_64_0p5_0p02_0057_0006" 4888
"/Engine/EngineMaterials/Substrate/GLints/dict_16_192_64_0p5_0p02_0057_0007" 4889
"/Engine/EngineMaterials/Substrate/GLints/dict_16_192_64_0p5_0p02_0057_0008" 4890
"/Engine/EngineMaterials/Substrate/GLints/dict_16_192_64_0p5_0p02_0057_0009" 4891
"/Engine/EngineMaterials/Substrate/GLints/dict_16_192_64_0p5_0p02_0057_0010" 4892
"/Engine/EngineMaterials/Substrate/GLints/dict_16_192_64_0p5_0p02_0057_0011" 4893
"/Engine/EngineMaterials/Substrate/GLints/dict_16_192_64_0p5_0p02_0057_0012" 4894
"/Engine/EngineMaterials/Substrate/GLints/dict_16_192_64_0p5_0p02_0057_0013" 4895
"/Engine/EngineMaterials/Substrate/GLints/dict_16_192_64_0p5_0p02_0057_0015" 4896
"../../../Engine/Content/EngineMaterials/Substrate/GLints/dict_16_192_64_0p5_0p02_0055_0013.uasset" 4897
"../../../Engine/Content/EngineMaterials/Substrate/GLints/dict_16_192_64_0p5_0p02_0055_0014.uasset" 4898
"../../../Engine/Content/EngineMaterials/Substrate/GLints/dict_16_192_64_0p5_0p02_0055_0012.uasset" 4899
"../../../Engine/Content/EngineMaterials/Substrate/GLints/dict_16_192_64_0p5_0p02_0055_0011.uasset" 4900
"../../../Engine/Content/EngineMaterials/Substrate/GLints/dict_16_192_64_0p5_0p02_0055_0010.uasset" 4901
"../../../Engine/Content/EngineMaterials/Substrate/GLints/dict_16_192_64_0p5_0p02_0055_0009.uasset" 4902
"../../../Engine/Content/EngineMaterials/Substrate/GLints/dict_16_192_64_0p5_0p02_0055_0008.uasset" 4903
"../../../Engine/Content/EngineMaterials/Substrate/GLints/dict_16_192_64_0p5_0p02_0055_0007.uasset" 4904
"../../../Engine/Content/EngineMaterials/Substrate/GLints/dict_16_192_64_0p5_0p02_0055_0005.uasset" 4905
"../../../Engine/Content/EngineMaterials/Substrate/GLints/dict_16_192_64_0p5_0p02_0055_0006.uasset" 4906
"../../../Engine/Content/EngineMaterials/Substrate/GLints/dict_16_192_64_0p5_0p02_0055_0004.uasset" 4907
"../../../Engine/Content/EngineMaterials/Substrate/GLints/dict_16_192_64_0p5_0p02_0055_0003.uasset" 4908
"../../../Engine/Content/EngineMaterials/Substrate/GLints/dict_16_192_64_0p5_0p02_0055_0002.uasset" 4909
"../../../Engine/Content/EngineMaterials/Substrate/GLints/dict_16_192_64_0p5_0p02_0055_0001.uasset" 4910
"/Engine/EngineMaterials/Substrate/GLints/dict_16_192_64_0p5_0p02_0055_0015" 4911
"/Engine/EngineMaterials/Substrate/GLints/dict_16_192_64_0p5_0p02_0056_0000" 4912
"/Engine/EngineMaterials/Substrate/GLints/dict_16_192_64_0p5_0p02_0056_0001" 4913
"/Engine/EngineMaterials/Substrate/GLints/dict_16_192_64_0p5_0p02_0056_0002" 4914
"/Engine/EngineMaterials/Substrate/GLints/dict_16_192_64_0p5_0p02_0056_0003" 4915
"/Engine/EngineMaterials/Substrate/GLints/dict_16_192_64_0p5_0p02_0056_0004" 4916
"/Engine/EngineMaterials/Substrate/GLints/dict_16_192_64_0p5_0p02_0056_0005" 4917
"/Engine/EngineMaterials/Substrate/GLints/dict_16_192_64_0p5_0p02_0056_0006" 4918
"/Engine/EngineMaterials/Substrate/GLints/dict_16_192_64_0p5_0p02_0056_0007" 4919
"/Engine/EngineMaterials/Substrate/GLints/dict_16_192_64_0p5_0p02_0056_0008" 4920
"/Engine/EngineMaterials/Substrate/GLints/dict_16_192_64_0p5_0p02_0056_0009" 4921
"/Engine/EngineMaterials/Substrate/GLints/dict_16_192_64_0p5_0p02_0056_0010" 4922
"/Engine/EngineMaterials/Substrate/GLints/dict_16_192_64_0p5_0p02_0056_0011" 4923
"/Engine/EngineMaterials/Substrate/GLints/dict_16_192_64_0p5_0p02_0056_0012" 4924
"/Engine/EngineMaterials/Substrate/GLints/dict_16_192_64_0p5_0p02_0056_0013" 4925
"/Engine/EngineMaterials/Substrate/GLints/dict_16_192_64_0p5_0p02_0056_0014" 4926
"/Engine/EngineMaterials/Substrate/GLints/dict_16_192_64_0p5_0p02_0056_0015" 4927
"/Engine/EngineMaterials/Substrate/GLints/dict_16_192_64_0p5_0p02_0057_0000" 4928
"../../../Engine/Content/EngineMaterials/Substrate/GLints/dict_16_192_64_0p5_0p02_0054_0015.uasset" 4929
"../../../Engine/Content/EngineMaterials/Substrate/GLints/dict_16_192_64_0p5_0p02_0055_0000.uasset" 4930
"../../../Engine/Content/EngineMaterials/Substrate/GLints/dict_16_192_64_0p5_0p02_0054_0014.uasset" 4931
"../../../Engine/Content/EngineMaterials/Substrate/GLints/dict_16_192_64_0p5_0p02_0054_0013.uasset" 4932
"../../../Engine/Content/EngineMaterials/Substrate/GLints/dict_16_192_64_0p5_0p02_0054_0012.uasset" 4933
"../../../Engine/Content/EngineMaterials/Substrate/GLints/dict_16_192_64_0p5_0p02_0054_0011.uasset" 4934
"../../../Engine/Content/EngineMaterials/Substrate/GLints/dict_16_192_64_0p5_0p02_0054_0010.uasset" 4935
"../../../Engine/Content/EngineMaterials/Substrate/GLints/dict_16_192_64_0p5_0p02_0054_0009.uasset" 4936
"../../../Engine/Content/EngineMaterials/Substrate/GLints/dict_16_192_64_0p5_0p02_0054_0008.uasset" 4937
"../../../Engine/Content/EngineMaterials/Substrate/GLints/dict_16_192_64_0p5_0p02_0054_0007.uasset" 4938
"../../../Engine/Content/EngineMaterials/Substrate/GLints/dict_16_192_64_0p5_0p02_0054_0006.uasset" 4939
"../../../Engine/Content/EngineMaterials/Substrate/GLints/dict_16_192_64_0p5_0p02_0054_0005.uasset" 4940
"../../../Engine/Content/EngineMaterials/Substrate/GLints/dict_16_192_64_0p5_0p02_0054_0003.uasset" 4941
"../../../Engine/Content/EngineMaterials/Substrate/GLints/dict_16_192_64_0p5_0p02_0054_0004.uasset" 4942
"../../../Engine/Content/EngineMaterials/Substrate/GLints/dict_16_192_64_0p5_0p02_0054_0002.uasset" 4943
"../../../Engine/Content/EngineMaterials/Substrate/GLints/dict_16_192_64_0p5_0p02_0054_0001.uasset" 4944
"../../../Engine/Content/EngineMaterials/Substrate/GLints/dict_16_192_64_0p5_0p02_0054_0000.uasset" 4945
"../../../Engine/Content/EngineMaterials/Substrate/GLints/dict_16_192_64_0p5_0p02_0053_0015.uasset" 4946
"/Engine/EngineMaterials/Substrate/GLints/dict_16_192_64_0p5_0p02_0055_0001" 4947
"/Engine/EngineMaterials/Substrate/GLints/dict_16_192_64_0p5_0p02_0055_0002" 4948
"/Engine/EngineMaterials/Substrate/GLints/dict_16_192_64_0p5_0p02_0055_0003" 4949
"/Engine/EngineMaterials/Substrate/GLints/dict_16_192_64_0p5_0p02_0055_0004" 4950
"/Engine/EngineMaterials/Substrate/GLints/dict_16_192_64_0p5_0p02_0055_0005" 4951
"/Engine/EngineMaterials/Substrate/GLints/dict_16_192_64_0p5_0p02_0055_0006" 4952
"/Engine/EngineMaterials/Substrate/GLints/dict_16_192_64_0p5_0p02_0055_0007" 4953
"/Engine/EngineMaterials/Substrate/GLints/dict_16_192_64_0p5_0p02_0055_0008" 4954
"/Engine/EngineMaterials/Substrate/GLints/dict_16_192_64_0p5_0p02_0055_0009" 4955
"/Engine/EngineMaterials/Substrate/GLints/dict_16_192_64_0p5_0p02_0055_0010" 4956
"/Engine/EngineMaterials/Substrate/GLints/dict_16_192_64_0p5_0p02_0055_0011" 4957
"/Engine/EngineMaterials/Substrate/GLints/dict_16_192_64_0p5_0p02_0055_0012" 4958
"/Engine/EngineMaterials/Substrate/GLints/dict_16_192_64_0p5_0p02_0055_0013" 4959
"/Engine/EngineMaterials/Substrate/GLints/dict_16_192_64_0p5_0p02_0055_0014" 4960
"/Engine/EngineMaterials/Substrate/GLints/dict_16_192_64_0p5_0p02_0053_0015" 4961
"../../../Engine/Content/EngineMaterials/Substrate/GLints/dict_16_192_64_0p5_0p02_0053_0014.uasset" 4962
"../../../Engine/Content/EngineMaterials/Substrate/GLints/dict_16_192_64_0p5_0p02_0053_0013.uasset" 4963
"../../../Engine/Content/EngineMaterials/Substrate/GLints/dict_16_192_64_0p5_0p02_0053_0012.uasset" 4964
"../../../Engine/Content/EngineMaterials/Substrate/GLints/dict_16_192_64_0p5_0p02_0053_0010.uasset" 4965
"../../../Engine/Content/EngineMaterials/Substrate/GLints/dict_16_192_64_0p5_0p02_0053_0011.uasset" 4966
"../../../Engine/Content/EngineMaterials/Substrate/GLints/dict_16_192_64_0p5_0p02_0053_0009.uasset" 4967
"/Engine/EngineMaterials/Substrate/GLints/dict_16_192_64_0p5_0p02_0054_0000" 4968
"../../../Engine/Content/EngineMaterials/Substrate/GLints/dict_16_192_64_0p5_0p02_0053_0008.uasset" 4969
"../../../Engine/Content/EngineMaterials/Substrate/GLints/dict_16_192_64_0p5_0p02_0053_0007.uasset" 4970
"../../../Engine/Content/EngineMaterials/Substrate/GLints/dict_16_192_64_0p5_0p02_0053_0006.uasset" 4971
"../../../Engine/Content/EngineMaterials/Substrate/GLints/dict_16_192_64_0p5_0p02_0053_0005.uasset" 4972
"../../../Engine/Content/EngineMaterials/Substrate/GLints/dict_16_192_64_0p5_0p02_0053_0004.uasset" 4973
"../../../Engine/Content/EngineMaterials/Substrate/GLints/dict_16_192_64_0p5_0p02_0053_0003.uasset" 4974
"../../../Engine/Content/EngineMaterials/Substrate/GLints/dict_16_192_64_0p5_0p02_0053_0002.uasset" 4975
"/Engine/EngineMaterials/Substrate/GLints/dict_16_192_64_0p5_0p02_0054_0001" 4976
"../../../Engine/Content/EngineMaterials/Substrate/GLints/dict_16_192_64_0p5_0p02_0053_0001.uasset" 4977
"/Engine/EngineMaterials/Substrate/GLints/dict_16_192_64_0p5_0p02_0054_0002" 4978
"/Engine/EngineMaterials/Substrate/GLints/dict_16_192_64_0p5_0p02_0054_0003" 4979
"/Engine/EngineMaterials/Substrate/GLints/dict_16_192_64_0p5_0p02_0054_0004" 4980
"/Engine/EngineMaterials/Substrate/GLints/dict_16_192_64_0p5_0p02_0054_0005" 4981
"/Engine/EngineMaterials/Substrate/GLints/dict_16_192_64_0p5_0p02_0054_0006" 4982
"/Engine/EngineMaterials/Substrate/GLints/dict_16_192_64_0p5_0p02_0054_0007" 4983
"/Engine/EngineMaterials/Substrate/GLints/dict_16_192_64_0p5_0p02_0054_0008" 4984
"/Engine/EngineMaterials/Substrate/GLints/dict_16_192_64_0p5_0p02_0054_0009" 4985
"/Engine/EngineMaterials/Substrate/GLints/dict_16_192_64_0p5_0p02_0054_0010" 4986
"/Engine/EngineMaterials/Substrate/GLints/dict_16_192_64_0p5_0p02_0054_0011" 4987
"/Engine/EngineMaterials/Substrate/GLints/dict_16_192_64_0p5_0p02_0054_0012" 4988
"/Engine/EngineMaterials/Substrate/GLints/dict_16_192_64_0p5_0p02_0054_0013" 4989
"/Engine/EngineMaterials/Substrate/GLints/dict_16_192_64_0p5_0p02_0054_0014" 4990
"/Engine/EngineMaterials/Substrate/GLints/dict_16_192_64_0p5_0p02_0054_0015" 4991
"/Engine/EngineMaterials/Substrate/GLints/dict_16_192_64_0p5_0p02_0055_0000" 4992
"../../../Engine/Content/EngineMaterials/Substrate/GLints/dict_16_192_64_0p5_0p02_0053_0000.uasset" 4993
"../../../Engine/Content/EngineMaterials/Substrate/GLints/dict_16_192_64_0p5_0p02_0052_0015.uasset" 4994
"/Engine/EngineMaterials/Substrate/GLints/dict_16_192_64_0p5_0p02_0053_0001" 4995
"../../../Engine/Content/EngineMaterials/Substrate/GLints/dict_16_192_64_0p5_0p02_0052_0014.uasset" 4996
"../../../Engine/Content/EngineMaterials/Substrate/GLints/dict_16_192_64_0p5_0p02_0052_0012.uasset" 4997
"../../../Engine/Content/EngineMaterials/Substrate/GLints/dict_16_192_64_0p5_0p02_0052_0013.uasset" 4998
"../../../Engine/Content/EngineMaterials/Substrate/GLints/dict_16_192_64_0p5_0p02_0052_0011.uasset" 4999
"../../../Engine/Content/EngineMaterials/Substrate/GLints/dict_16_192_64_0p5_0p02_0052_0010.uasset" 5000
"../../../Engine/Content/EngineMaterials/Substrate/GLints/dict_16_192_64_0p5_0p02_0052_0008.uasset" 5001
"../../../Engine/Content/EngineMaterials/Substrate/GLints/dict_16_192_64_0p5_0p02_0052_0009.uasset" 5002
"../../../Engine/Content/EngineMaterials/Substrate/GLints/dict_16_192_64_0p5_0p02_0052_0007.uasset" 5003
"../../../Engine/Content/EngineMaterials/Substrate/GLints/dict_16_192_64_0p5_0p02_0052_0006.uasset" 5004
"/Engine/EngineMaterials/Substrate/GLints/dict_16_192_64_0p5_0p02_0053_0002" 5005
"../../../Engine/Content/EngineMaterials/Substrate/GLints/dict_16_192_64_0p5_0p02_0052_0005.uasset" 5006
"../../../Engine/Content/EngineMaterials/Substrate/GLints/dict_16_192_64_0p5_0p02_0052_0004.uasset" 5007
"../../../Engine/Content/EngineMaterials/Substrate/GLints/dict_16_192_64_0p5_0p02_0052_0003.uasset" 5008
"../../../Engine/Content/EngineMaterials/Substrate/GLints/dict_16_192_64_0p5_0p02_0052_0002.uasset" 5009
"../../../Engine/Content/EngineMaterials/Substrate/GLints/dict_16_192_64_0p5_0p02_0052_0001.uasset" 5010
"../../../Engine/Content/EngineMaterials/Substrate/GLints/dict_16_192_64_0p5_0p02_0052_0000.uasset" 5011
"../../../Engine/Content/EngineMaterials/Substrate/GLints/dict_16_192_64_0p5_0p02_0051_0015.uasset" 5012
"/Engine/EngineMaterials/Substrate/GLints/dict_16_192_64_0p5_0p02_0053_0003" 5013
"/Engine/EngineMaterials/Substrate/GLints/dict_16_192_64_0p5_0p02_0053_0004" 5014
"/Engine/EngineMaterials/Substrate/GLints/dict_16_192_64_0p5_0p02_0053_0005" 5015
"/Engine/EngineMaterials/Substrate/GLints/dict_16_192_64_0p5_0p02_0053_0006" 5016
"/Engine/EngineMaterials/Substrate/GLints/dict_16_192_64_0p5_0p02_0053_0007" 5017
"/Engine/EngineMaterials/Substrate/GLints/dict_16_192_64_0p5_0p02_0053_0008" 5018
"/Engine/EngineMaterials/Substrate/GLints/dict_16_192_64_0p5_0p02_0053_0009" 5019
"/Engine/EngineMaterials/Substrate/GLints/dict_16_192_64_0p5_0p02_0053_0010" 5020
"/Engine/EngineMaterials/Substrate/GLints/dict_16_192_64_0p5_0p02_0053_0011" 5021
"/Engine/EngineMaterials/Substrate/GLints/dict_16_192_64_0p5_0p02_0053_0012" 5022
"/Engine/EngineMaterials/Substrate/GLints/dict_16_192_64_0p5_0p02_0053_0013" 5023
"/Engine/EngineMaterials/Substrate/GLints/dict_16_192_64_0p5_0p02_0053_0014" 5024
"../../../Engine/Content/EngineMaterials/Substrate/GLints/dict_16_192_64_0p5_0p02_0051_0014.uasset" 5025
"../../../Engine/Content/EngineMaterials/Substrate/GLints/dict_16_192_64_0p5_0p02_0051_0013.uasset" 5026
"/Engine/EngineMaterials/Substrate/GLints/dict_16_192_64_0p5_0p02_0051_0015" 5027
"../../../Engine/Content/EngineMaterials/Substrate/GLints/dict_16_192_64_0p5_0p02_0051_0012.uasset" 5028
"../../../Engine/Content/EngineMaterials/Substrate/GLints/dict_16_192_64_0p5_0p02_0051_0011.uasset" 5029
"../../../Engine/Content/EngineMaterials/Substrate/GLints/dict_16_192_64_0p5_0p02_0051_0009.uasset" 5030
"../../../Engine/Content/EngineMaterials/Substrate/GLints/dict_16_192_64_0p5_0p02_0051_0010.uasset" 5031
"../../../Engine/Content/EngineMaterials/Substrate/GLints/dict_16_192_64_0p5_0p02_0051_0008.uasset" 5032
"/Engine/EngineMaterials/Substrate/GLints/dict_16_192_64_0p5_0p02_0052_0000" 5033
"../../../Engine/Content/EngineMaterials/Substrate/GLints/dict_16_192_64_0p5_0p02_0051_0007.uasset" 5034
"../../../Engine/Content/EngineMaterials/Substrate/GLints/dict_16_192_64_0p5_0p02_0051_0006.uasset" 5035
"../../../Engine/Content/EngineMaterials/Substrate/GLints/dict_16_192_64_0p5_0p02_0051_0005.uasset" 5036
"../../../Engine/Content/EngineMaterials/Substrate/GLints/dict_16_192_64_0p5_0p02_0051_0004.uasset" 5037
"../../../Engine/Content/EngineMaterials/Substrate/GLints/dict_16_192_64_0p5_0p02_0051_0003.uasset" 5038
"../../../Engine/Content/EngineMaterials/Substrate/GLints/dict_16_192_64_0p5_0p02_0051_0002.uasset" 5039
"../../../Engine/Content/EngineMaterials/Substrate/GLints/dict_16_192_64_0p5_0p02_0051_0001.uasset" 5040
"/Engine/EngineMaterials/Substrate/GLints/dict_16_192_64_0p5_0p02_0052_0001" 5041
"/Engine/EngineMaterials/Substrate/GLints/dict_16_192_64_0p5_0p02_0052_0002" 5042
"/Engine/EngineMaterials/Substrate/GLints/dict_16_192_64_0p5_0p02_0052_0003" 5043
"/Engine/EngineMaterials/Substrate/GLints/dict_16_192_64_0p5_0p02_0052_0004" 5044
"/Engine/EngineMaterials/Substrate/GLints/dict_16_192_64_0p5_0p02_0052_0005" 5045
"/Engine/EngineMaterials/Substrate/GLints/dict_16_192_64_0p5_0p02_0052_0006" 5046
"/Engine/EngineMaterials/Substrate/GLints/dict_16_192_64_0p5_0p02_0052_0007" 5047
"/Engine/EngineMaterials/Substrate/GLints/dict_16_192_64_0p5_0p02_0052_0008" 5048
"/Engine/EngineMaterials/Substrate/GLints/dict_16_192_64_0p5_0p02_0052_0009" 5049
"/Engine/EngineMaterials/Substrate/GLints/dict_16_192_64_0p5_0p02_0052_0010" 5050
"/Engine/EngineMaterials/Substrate/GLints/dict_16_192_64_0p5_0p02_0052_0011" 5051
"/Engine/EngineMaterials/Substrate/GLints/dict_16_192_64_0p5_0p02_0052_0012" 5052
"/Engine/EngineMaterials/Substrate/GLints/dict_16_192_64_0p5_0p02_0052_0013" 5053
"/Engine/EngineMaterials/Substrate/GLints/dict_16_192_64_0p5_0p02_0052_0014" 5054
"/Engine/EngineMaterials/Substrate/GLints/dict_16_192_64_0p5_0p02_0052_0015" 5055
"/Engine/EngineMaterials/Substrate/GLints/dict_16_192_64_0p5_0p02_0053_0000" 5056
"../../../Engine/Content/EngineMaterials/Substrate/GLints/dict_16_192_64_0p5_0p02_0051_0000.uasset" 5057
"../../../Engine/Content/EngineMaterials/Substrate/GLints/dict_16_192_64_0p5_0p02_0050_0015.uasset" 5058
"/Engine/EngineMaterials/Substrate/GLints/dict_16_192_64_0p5_0p02_0051_0001" 5059
"../../../Engine/Content/EngineMaterials/Substrate/GLints/dict_16_192_64_0p5_0p02_0050_0014.uasset" 5060
"../../../Engine/Content/EngineMaterials/Substrate/GLints/dict_16_192_64_0p5_0p02_0050_0012.uasset" 5061
"../../../Engine/Content/EngineMaterials/Substrate/GLints/dict_16_192_64_0p5_0p02_0050_0011.uasset" 5062
"../../../Engine/Content/EngineMaterials/Substrate/GLints/dict_16_192_64_0p5_0p02_0050_0013.uasset" 5063
"../../../Engine/Content/EngineMaterials/Substrate/GLints/dict_16_192_64_0p5_0p02_0050_0010.uasset" 5064
"/Engine/EngineMaterials/Substrate/GLints/dict_16_192_64_0p5_0p02_0051_0002" 5065
"../../../Engine/Content/EngineMaterials/Substrate/GLints/dict_16_192_64_0p5_0p02_0050_0008.uasset" 5066
"../../../Engine/Content/EngineMaterials/Substrate/GLints/dict_16_192_64_0p5_0p02_0050_0009.uasset" 5067
"../../../Engine/Content/EngineMaterials/Substrate/GLints/dict_16_192_64_0p5_0p02_0050_0007.uasset" 5068
"../../../Engine/Content/EngineMaterials/Substrate/GLints/dict_16_192_64_0p5_0p02_0050_0006.uasset" 5069
"../../../Engine/Content/EngineMaterials/Substrate/GLints/dict_16_192_64_0p5_0p02_0050_0004.uasset" 5070
"../../../Engine/Content/EngineMaterials/Substrate/GLints/dict_16_192_64_0p5_0p02_0050_0005.uasset" 5071
"../../../Engine/Content/EngineMaterials/Substrate/GLints/dict_16_192_64_0p5_0p02_0050_0003.uasset" 5072
"/Engine/EngineMaterials/Substrate/GLints/dict_16_192_64_0p5_0p02_0051_0003" 5073
"../../../Engine/Content/EngineMaterials/Substrate/GLints/dict_16_192_64_0p5_0p02_0050_0001.uasset" 5074
"../../../Engine/Content/EngineMaterials/Substrate/GLints/dict_16_192_64_0p5_0p02_0050_0002.uasset" 5075
"../../../Engine/Content/EngineMaterials/Substrate/GLints/dict_16_192_64_0p5_0p02_0050_0000.uasset" 5076
"../../../Engine/Content/EngineMaterials/Substrate/GLints/dict_16_192_64_0p5_0p02_0049_0015.uasset" 5077
"/Engine/EngineMaterials/Substrate/GLints/dict_16_192_64_0p5_0p02_0051_0004" 5078
"/Engine/EngineMaterials/Substrate/GLints/dict_16_192_64_0p5_0p02_0051_0005" 5079
"/Engine/EngineMaterials/Substrate/GLints/dict_16_192_64_0p5_0p02_0051_0006" 5080
"/Engine/EngineMaterials/Substrate/GLints/dict_16_192_64_0p5_0p02_0051_0007" 5081
"/Engine/EngineMaterials/Substrate/GLints/dict_16_192_64_0p5_0p02_0051_0008" 5082
"/Engine/EngineMaterials/Substrate/GLints/dict_16_192_64_0p5_0p02_0051_0009" 5083
"/Engine/EngineMaterials/Substrate/GLints/dict_16_192_64_0p5_0p02_0051_0010" 5084
"/Engine/EngineMaterials/Substrate/GLints/dict_16_192_64_0p5_0p02_0051_0011" 5085
"/Engine/EngineMaterials/Substrate/GLints/dict_16_192_64_0p5_0p02_0051_0012" 5086
"/Engine/EngineMaterials/Substrate/GLints/dict_16_192_64_0p5_0p02_0051_0013" 5087
"/Engine/EngineMaterials/Substrate/GLints/dict_16_192_64_0p5_0p02_0051_0014" 5088
"../../../Engine/Content/EngineMaterials/Substrate/GLints/dict_16_192_64_0p5_0p02_0049_0013.uasset" 5089
"../../../Engine/Content/EngineMaterials/Substrate/GLints/dict_16_192_64_0p5_0p02_0049_0014.uasset" 5090
"../../../Engine/Content/EngineMaterials/Substrate/GLints/dict_16_192_64_0p5_0p02_0049_0012.uasset" 5091
"../../../Engine/Content/EngineMaterials/Substrate/GLints/dict_16_192_64_0p5_0p02_0049_0011.uasset" 5092
"../../../Engine/Content/EngineMaterials/Substrate/GLints/dict_16_192_64_0p5_0p02_0049_0010.uasset" 5093
"/Engine/EngineMaterials/Substrate/GLints/dict_16_192_64_0p5_0p02_0049_0015" 5094
"../../../Engine/Content/EngineMaterials/Substrate/GLints/dict_16_192_64_0p5_0p02_0049_0009.uasset" 5095
"../../../Engine/Content/EngineMaterials/Substrate/GLints/dict_16_192_64_0p5_0p02_0049_0008.uasset" 5096
"../../../Engine/Content/EngineMaterials/Substrate/GLints/dict_16_192_64_0p5_0p02_0049_0007.uasset" 5097
"../../../Engine/Content/EngineMaterials/Substrate/GLints/dict_16_192_64_0p5_0p02_0049_0006.uasset" 5098
"../../../Engine/Content/EngineMaterials/Substrate/GLints/dict_16_192_64_0p5_0p02_0049_0005.uasset" 5099
"../../../Engine/Content/EngineMaterials/Substrate/GLints/dict_16_192_64_0p5_0p02_0049_0004.uasset" 5100
"../../../Engine/Content/EngineMaterials/Substrate/GLints/dict_16_192_64_0p5_0p02_0049_0003.uasset" 5101
"../../../Engine/Content/EngineMaterials/Substrate/GLints/dict_16_192_64_0p5_0p02_0049_0002.uasset" 5102
"../../../Engine/Content/EngineMaterials/Substrate/GLints/dict_16_192_64_0p5_0p02_0049_0001.uasset" 5103
"/Engine/EngineMaterials/Substrate/GLints/dict_16_192_64_0p5_0p02_0050_0000" 5104
"/Engine/EngineMaterials/Substrate/GLints/dict_16_192_64_0p5_0p02_0050_0001" 5105
"/Engine/EngineMaterials/Substrate/GLints/dict_16_192_64_0p5_0p02_0050_0002" 5106
"/Engine/EngineMaterials/Substrate/GLints/dict_16_192_64_0p5_0p02_0050_0003" 5107
"/Engine/EngineMaterials/Substrate/GLints/dict_16_192_64_0p5_0p02_0050_0004" 5108
"/Engine/EngineMaterials/Substrate/GLints/dict_16_192_64_0p5_0p02_0050_0005" 5109
"/Engine/EngineMaterials/Substrate/GLints/dict_16_192_64_0p5_0p02_0050_0006" 5110
"/Engine/EngineMaterials/Substrate/GLints/dict_16_192_64_0p5_0p02_0050_0007" 5111
"/Engine/EngineMaterials/Substrate/GLints/dict_16_192_64_0p5_0p02_0050_0008" 5112
"/Engine/EngineMaterials/Substrate/GLints/dict_16_192_64_0p5_0p02_0050_0009" 5113
"/Engine/EngineMaterials/Substrate/GLints/dict_16_192_64_0p5_0p02_0050_0010" 5114
"/Engine/EngineMaterials/Substrate/GLints/dict_16_192_64_0p5_0p02_0050_0011" 5115
"/Engine/EngineMaterials/Substrate/GLints/dict_16_192_64_0p5_0p02_0050_0012" 5116
"/Engine/EngineMaterials/Substrate/GLints/dict_16_192_64_0p5_0p02_0049_0013" 5117
"/Engine/EngineMaterials/Substrate/GLints/dict_16_192_64_0p5_0p02_0050_0013" 5118
"/Engine/EngineMaterials/Substrate/GLints/dict_16_192_64_0p5_0p02_0050_0014" 5119
"/Engine/EngineMaterials/Substrate/GLints/dict_16_192_64_0p5_0p02_0049_0014" 5120
"/Engine/EngineMaterials/Substrate/GLints/dict_16_192_64_0p5_0p02_0050_0015" 5121
"/Engine/EngineMaterials/Substrate/GLints/dict_16_192_64_0p5_0p02_0051_0000" 5122
"../../../Engine/Content/EngineMaterials/Substrate/GLints/dict_16_192_64_0p5_0p02_0048_0015.uasset" 5123
"/Engine/EngineMaterials/Substrate/GLints/dict_16_192_64_0p5_0p02_0049_0001" 5124
"../../../Engine/Content/EngineMaterials/Substrate/GLints/dict_16_192_64_0p5_0p02_0049_0000.uasset" 5125
"../../../Engine/Content/EngineMaterials/Substrate/GLints/dict_16_192_64_0p5_0p02_0048_0013.uasset" 5126
"../../../Engine/Content/EngineMaterials/Substrate/GLints/dict_16_192_64_0p5_0p02_0048_0014.uasset" 5127
"../../../Engine/Content/EngineMaterials/Substrate/GLints/dict_16_192_64_0p5_0p02_0048_0012.uasset" 5128
"../../../Engine/Content/EngineMaterials/Substrate/GLints/dict_16_192_64_0p5_0p02_0048_0011.uasset" 5129
"/Engine/EngineMaterials/Substrate/GLints/dict_16_192_64_0p5_0p02_0049_0002" 5130
"../../../Engine/Content/EngineMaterials/Substrate/GLints/dict_16_192_64_0p5_0p02_0048_0010.uasset" 5131
"../../../Engine/Content/EngineMaterials/Substrate/GLints/dict_16_192_64_0p5_0p02_0048_0009.uasset" 5132
"../../../Engine/Content/EngineMaterials/Substrate/GLints/dict_16_192_64_0p5_0p02_0048_0008.uasset" 5133
"../../../Engine/Content/EngineMaterials/Substrate/GLints/dict_16_192_64_0p5_0p02_0048_0007.uasset" 5134
"../../../Engine/Content/EngineMaterials/Substrate/GLints/dict_16_192_64_0p5_0p02_0048_0006.uasset" 5135
"../../../Engine/Content/EngineMaterials/Substrate/GLints/dict_16_192_64_0p5_0p02_0048_0005.uasset" 5136
"../../../Engine/Content/EngineMaterials/Substrate/GLints/dict_16_192_64_0p5_0p02_0048_0004.uasset" 5137
"../../../Engine/Content/EngineMaterials/Substrate/GLints/dict_16_192_64_0p5_0p02_0048_0003.uasset" 5138
"../../../Engine/Content/EngineMaterials/Substrate/GLints/dict_16_192_64_0p5_0p02_0048_0002.uasset" 5139
"/Engine/EngineMaterials/Substrate/GLints/dict_16_192_64_0p5_0p02_0049_0003" 5140
"../../../Engine/Content/EngineMaterials/Substrate/GLints/dict_16_192_64_0p5_0p02_0048_0001.uasset" 5141
"../../../Engine/Content/EngineMaterials/Substrate/GLints/dict_16_192_64_0p5_0p02_0048_0000.uasset" 5142
"../../../Engine/Content/EngineMaterials/Substrate/GLints/dict_16_192_64_0p5_0p02_0047_0015.uasset" 5143
"../../../Engine/Content/EngineMaterials/Substrate/GLints/dict_16_192_64_0p5_0p02_0047_0014.uasset" 5144
"../../../Engine/Content/EngineMaterials/Substrate/GLints/dict_16_192_64_0p5_0p02_0047_0013.uasset" 5145
"/Engine/EngineMaterials/Substrate/GLints/dict_16_192_64_0p5_0p02_0049_0004" 5146
"/Engine/EngineMaterials/Substrate/GLints/dict_16_192_64_0p5_0p02_0049_0005" 5147
"/Engine/EngineMaterials/Substrate/GLints/dict_16_192_64_0p5_0p02_0049_0006" 5148
"/Engine/EngineMaterials/Substrate/GLints/dict_16_192_64_0p5_0p02_0049_0007" 5149
"/Engine/EngineMaterials/Substrate/GLints/dict_16_192_64_0p5_0p02_0049_0008" 5150
"/Engine/EngineMaterials/Substrate/GLints/dict_16_192_64_0p5_0p02_0049_0009" 5151
"/Engine/EngineMaterials/Substrate/GLints/dict_16_192_64_0p5_0p02_0049_0010" 5152
"/Engine/EngineMaterials/Substrate/GLints/dict_16_192_64_0p5_0p02_0049_0011" 5153
"/Engine/EngineMaterials/Substrate/GLints/dict_16_192_64_0p5_0p02_0049_0012" 5154
"../../../Engine/Content/EngineMaterials/Substrate/GLints/dict_16_192_64_0p5_0p02_0047_0012.uasset" 5155
"../../../Engine/Content/EngineMaterials/Substrate/GLints/dict_16_192_64_0p5_0p02_0047_0011.uasset" 5156
"/Engine/EngineMaterials/Substrate/GLints/dict_16_192_64_0p5_0p02_0047_0013" 5157
"../../../Engine/Content/EngineMaterials/Substrate/GLints/dict_16_192_64_0p5_0p02_0047_0010.uasset" 5158
"../../../Engine/Content/EngineMaterials/Substrate/GLints/dict_16_192_64_0p5_0p02_0047_0009.uasset" 5159
"../../../Engine/Content/EngineMaterials/Substrate/GLints/dict_16_192_64_0p5_0p02_0047_0008.uasset" 5160
"../../../Engine/Content/EngineMaterials/Substrate/GLints/dict_16_192_64_0p5_0p02_0047_0007.uasset" 5161
"../../../Engine/Content/EngineMaterials/Substrate/GLints/dict_16_192_64_0p5_0p02_0047_0006.uasset" 5162
"../../../Engine/Content/EngineMaterials/Substrate/GLints/dict_16_192_64_0p5_0p02_0047_0005.uasset" 5163
"../../../Engine/Content/EngineMaterials/Substrate/GLints/dict_16_192_64_0p5_0p02_0047_0004.uasset" 5164
"../../../Engine/Content/EngineMaterials/Substrate/GLints/dict_16_192_64_0p5_0p02_0047_0003.uasset" 5165
"../../../Engine/Content/EngineMaterials/Substrate/GLints/dict_16_192_64_0p5_0p02_0047_0002.uasset" 5166
"../../../Engine/Content/EngineMaterials/Substrate/GLints/dict_16_192_64_0p5_0p02_0047_0001.uasset" 5167
"/Engine/EngineMaterials/Substrate/GLints/dict_16_192_64_0p5_0p02_0047_0014" 5168
"/Engine/EngineMaterials/Substrate/GLints/dict_16_192_64_0p5_0p02_0047_0015" 5169
"/Engine/EngineMaterials/Substrate/GLints/dict_16_192_64_0p5_0p02_0048_0000" 5170
"/Engine/EngineMaterials/Substrate/GLints/dict_16_192_64_0p5_0p02_0048_0001" 5171
"/Engine/EngineMaterials/Substrate/GLints/dict_16_192_64_0p5_0p02_0048_0002" 5172
"/Engine/EngineMaterials/Substrate/GLints/dict_16_192_64_0p5_0p02_0048_0003" 5173
"/Engine/EngineMaterials/Substrate/GLints/dict_16_192_64_0p5_0p02_0048_0004" 5174
"/Engine/EngineMaterials/Substrate/GLints/dict_16_192_64_0p5_0p02_0048_0005" 5175
"/Engine/EngineMaterials/Substrate/GLints/dict_16_192_64_0p5_0p02_0048_0006" 5176
"/Engine/EngineMaterials/Substrate/GLints/dict_16_192_64_0p5_0p02_0048_0007" 5177
"/Engine/EngineMaterials/Substrate/GLints/dict_16_192_64_0p5_0p02_0048_0008" 5178
"/Engine/EngineMaterials/Substrate/GLints/dict_16_192_64_0p5_0p02_0048_0009" 5179
"/Engine/EngineMaterials/Substrate/GLints/dict_16_192_64_0p5_0p02_0048_0010" 5180
"/Engine/EngineMaterials/Substrate/GLints/dict_16_192_64_0p5_0p02_0048_0011" 5181
"/Engine/EngineMaterials/Substrate/GLints/dict_16_192_64_0p5_0p02_0048_0012" 5182
"/Engine/EngineMaterials/Substrate/GLints/dict_16_192_64_0p5_0p02_0048_0013" 5183
"/Engine/EngineMaterials/Substrate/GLints/dict_16_192_64_0p5_0p02_0048_0014" 5184
"/Engine/EngineMaterials/Substrate/GLints/dict_16_192_64_0p5_0p02_0048_0015" 5185
"/Engine/EngineMaterials/Substrate/GLints/dict_16_192_64_0p5_0p02_0049_0000" 5186
"../../../Engine/Content/EngineMaterials/Substrate/GLints/dict_16_192_64_0p5_0p02_0046_0015.uasset" 5187
"../../../Engine/Content/EngineMaterials/Substrate/GLints/dict_16_192_64_0p5_0p02_0047_0000.uasset" 5188
"/Engine/EngineMaterials/Substrate/GLints/dict_16_192_64_0p5_0p02_0047_0001" 5189
"../../../Engine/Content/EngineMaterials/Substrate/GLints/dict_16_192_64_0p5_0p02_0046_0014.uasset" 5190
"../../../Engine/Content/EngineMaterials/Substrate/GLints/dict_16_192_64_0p5_0p02_0046_0013.uasset" 5191
"../../../Engine/Content/EngineMaterials/Substrate/GLints/dict_16_192_64_0p5_0p02_0046_0012.uasset" 5192
"../../../Engine/Content/EngineMaterials/Substrate/GLints/dict_16_192_64_0p5_0p02_0046_0011.uasset" 5193
"../../../Engine/Content/EngineMaterials/Substrate/GLints/dict_16_192_64_0p5_0p02_0046_0010.uasset" 5194
"../../../Engine/Content/EngineMaterials/Substrate/GLints/dict_16_192_64_0p5_0p02_0046_0009.uasset" 5195
"../../../Engine/Content/EngineMaterials/Substrate/GLints/dict_16_192_64_0p5_0p02_0046_0008.uasset" 5196
"/Engine/EngineMaterials/Substrate/GLints/dict_16_192_64_0p5_0p02_0047_0002" 5197
"../../../Engine/Content/EngineMaterials/Substrate/GLints/dict_16_192_64_0p5_0p02_0046_0006.uasset" 5198
"../../../Engine/Content/EngineMaterials/Substrate/GLints/dict_16_192_64_0p5_0p02_0046_0007.uasset" 5199
"../../../Engine/Content/EngineMaterials/Substrate/GLints/dict_16_192_64_0p5_0p02_0046_0005.uasset" 5200
"../../../Engine/Content/EngineMaterials/Substrate/GLints/dict_16_192_64_0p5_0p02_0046_0004.uasset" 5201
"../../../Engine/Content/EngineMaterials/Substrate/GLints/dict_16_192_64_0p5_0p02_0046_0003.uasset" 5202
"../../../Engine/Content/EngineMaterials/Substrate/GLints/dict_16_192_64_0p5_0p02_0046_0002.uasset" 5203
"../../../Engine/Content/EngineMaterials/Substrate/GLints/dict_16_192_64_0p5_0p02_0046_0000.uasset" 5204
"../../../Engine/Content/EngineMaterials/Substrate/GLints/dict_16_192_64_0p5_0p02_0046_0001.uasset" 5205
"/Engine/EngineMaterials/Substrate/GLints/dict_16_192_64_0p5_0p02_0047_0003" 5206
"../../../Engine/Content/EngineMaterials/Substrate/GLints/dict_16_192_64_0p5_0p02_0045_0015.uasset" 5207
"../../../Engine/Content/EngineMaterials/Substrate/GLints/dict_16_192_64_0p5_0p02_0045_0014.uasset" 5208
"../../../Engine/Content/EngineMaterials/Substrate/GLints/dict_16_192_64_0p5_0p02_0045_0013.uasset" 5209
"/Engine/EngineMaterials/Substrate/GLints/dict_16_192_64_0p5_0p02_0047_0004" 5210
"/Engine/EngineMaterials/Substrate/GLints/dict_16_192_64_0p5_0p02_0047_0005" 5211
"/Engine/EngineMaterials/Substrate/GLints/dict_16_192_64_0p5_0p02_0047_0006" 5212
"/Engine/EngineMaterials/Substrate/GLints/dict_16_192_64_0p5_0p02_0047_0007" 5213
"/Engine/EngineMaterials/Substrate/GLints/dict_16_192_64_0p5_0p02_0047_0008" 5214
"/Engine/EngineMaterials/Substrate/GLints/dict_16_192_64_0p5_0p02_0047_0009" 5215
"/Engine/EngineMaterials/Substrate/GLints/dict_16_192_64_0p5_0p02_0047_0010" 5216
"/Engine/EngineMaterials/Substrate/GLints/dict_16_192_64_0p5_0p02_0047_0011" 5217
"/Engine/EngineMaterials/Substrate/GLints/dict_16_192_64_0p5_0p02_0047_0012" 5218
"../../../Engine/Content/EngineMaterials/Substrate/GLints/dict_16_192_64_0p5_0p02_0045_0012.uasset" 5219
"../../../Engine/Content/EngineMaterials/Substrate/GLints/dict_16_192_64_0p5_0p02_0045_0011.uasset" 5220
"/Engine/EngineMaterials/Substrate/GLints/dict_16_192_64_0p5_0p02_0045_0013" 5221
"../../../Engine/Content/EngineMaterials/Substrate/GLints/dict_16_192_64_0p5_0p02_0045_0010.uasset" 5222
"../../../Engine/Content/EngineMaterials/Substrate/GLints/dict_16_192_64_0p5_0p02_0045_0009.uasset" 5223
"../../../Engine/Content/EngineMaterials/Substrate/GLints/dict_16_192_64_0p5_0p02_0045_0008.uasset" 5224
"../../../Engine/Content/EngineMaterials/Substrate/GLints/dict_16_192_64_0p5_0p02_0045_0007.uasset" 5225
"../../../Engine/Content/EngineMaterials/Substrate/GLints/dict_16_192_64_0p5_0p02_0045_0006.uasset" 5226
"../../../Engine/Content/EngineMaterials/Substrate/GLints/dict_16_192_64_0p5_0p02_0045_0005.uasset" 5227
"../../../Engine/Content/EngineMaterials/Substrate/GLints/dict_16_192_64_0p5_0p02_0045_0003.uasset" 5228
"../../../Engine/Content/EngineMaterials/Substrate/GLints/dict_16_192_64_0p5_0p02_0045_0004.uasset" 5229
"/Engine/EngineMaterials/Substrate/GLints/dict_16_192_64_0p5_0p02_0045_0014" 5230
"../../../Engine/Content/EngineMaterials/Substrate/GLints/dict_16_192_64_0p5_0p02_0045_0002.uasset" 5231
"../../../Engine/Content/EngineMaterials/Substrate/GLints/dict_16_192_64_0p5_0p02_0045_0001.uasset" 5232
"/Engine/EngineMaterials/Substrate/GLints/dict_16_192_64_0p5_0p02_0045_0015" 5233
"/Engine/EngineMaterials/Substrate/GLints/dict_16_192_64_0p5_0p02_0046_0000" 5234
"/Engine/EngineMaterials/Substrate/GLints/dict_16_192_64_0p5_0p02_0046_0001" 5235
"/Engine/EngineMaterials/Substrate/GLints/dict_16_192_64_0p5_0p02_0046_0002" 5236
"/Engine/EngineMaterials/Substrate/GLints/dict_16_192_64_0p5_0p02_0046_0003" 5237
"/Engine/EngineMaterials/Substrate/GLints/dict_16_192_64_0p5_0p02_0046_0004" 5238
"/Engine/EngineMaterials/Substrate/GLints/dict_16_192_64_0p5_0p02_0046_0005" 5239
"/Engine/EngineMaterials/Substrate/GLints/dict_16_192_64_0p5_0p02_0046_0006" 5240
"/Engine/EngineMaterials/Substrate/GLints/dict_16_192_64_0p5_0p02_0046_0007" 5241
"/Engine/EngineMaterials/Substrate/GLints/dict_16_192_64_0p5_0p02_0046_0008" 5242
"/Engine/EngineMaterials/Substrate/GLints/dict_16_192_64_0p5_0p02_0046_0009" 5243
"/Engine/EngineMaterials/Substrate/GLints/dict_16_192_64_0p5_0p02_0046_0010" 5244
"/Engine/EngineMaterials/Substrate/GLints/dict_16_192_64_0p5_0p02_0046_0011" 5245
"/Engine/EngineMaterials/Substrate/GLints/dict_16_192_64_0p5_0p02_0046_0012" 5246
"/Engine/EngineMaterials/Substrate/GLints/dict_16_192_64_0p5_0p02_0046_0013" 5247
"/Engine/EngineMaterials/Substrate/GLints/dict_16_192_64_0p5_0p02_0046_0014" 5248
"/Engine/EngineMaterials/Substrate/GLints/dict_16_192_64_0p5_0p02_0046_0015" 5249
"/Engine/EngineMaterials/Substrate/GLints/dict_16_192_64_0p5_0p02_0047_0000" 5250
"../../../Engine/Content/EngineMaterials/Substrate/GLints/dict_16_192_64_0p5_0p02_0045_0000.uasset" 5251
"../../../Engine/Content/EngineMaterials/Substrate/GLints/dict_16_192_64_0p5_0p02_0044_0015.uasset" 5252
"../../../Engine/Content/EngineMaterials/Substrate/GLints/dict_16_192_64_0p5_0p02_0044_0014.uasset" 5253
"../../../Engine/Content/EngineMaterials/Substrate/GLints/dict_16_192_64_0p5_0p02_0044_0013.uasset" 5254
"../../../Engine/Content/EngineMaterials/Substrate/GLints/dict_16_192_64_0p5_0p02_0044_0012.uasset" 5255
"../../../Engine/Content/EngineMaterials/Substrate/GLints/dict_16_192_64_0p5_0p02_0044_0011.uasset" 5256
"../../../Engine/Content/EngineMaterials/Substrate/GLints/dict_16_192_64_0p5_0p02_0044_0010.uasset" 5257
"../../../Engine/Content/EngineMaterials/Substrate/GLints/dict_16_192_64_0p5_0p02_0044_0009.uasset" 5258
"../../../Engine/Content/EngineMaterials/Substrate/GLints/dict_16_192_64_0p5_0p02_0044_0008.uasset" 5259
"../../../Engine/Content/EngineMaterials/Substrate/GLints/dict_16_192_64_0p5_0p02_0044_0007.uasset" 5260
"../../../Engine/Content/EngineMaterials/Substrate/GLints/dict_16_192_64_0p5_0p02_0044_0006.uasset" 5261
"../../../Engine/Content/EngineMaterials/Substrate/GLints/dict_16_192_64_0p5_0p02_0044_0005.uasset" 5262
"../../../Engine/Content/EngineMaterials/Substrate/GLints/dict_16_192_64_0p5_0p02_0044_0004.uasset" 5263
"../../../Engine/Content/EngineMaterials/Substrate/GLints/dict_16_192_64_0p5_0p02_0044_0003.uasset" 5264
"../../../Engine/Content/EngineMaterials/Substrate/GLints/dict_16_192_64_0p5_0p02_0044_0002.uasset" 5265
"/Engine/EngineMaterials/Substrate/GLints/dict_16_192_64_0p5_0p02_0045_0001" 5266
"../../../Engine/Content/EngineMaterials/Substrate/GLints/dict_16_192_64_0p5_0p02_0044_0001.uasset" 5267
"../../../Engine/Content/EngineMaterials/Substrate/GLints/dict_16_192_64_0p5_0p02_0044_0000.uasset" 5268
"../../../Engine/Content/EngineMaterials/Substrate/GLints/dict_16_192_64_0p5_0p02_0043_0015.uasset" 5269
"../../../Engine/Content/EngineMaterials/Substrate/GLints/dict_16_192_64_0p5_0p02_0043_0014.uasset" 5270
"../../../Engine/Content/EngineMaterials/Substrate/GLints/dict_16_192_64_0p5_0p02_0043_0013.uasset" 5271
"/Engine/EngineMaterials/Substrate/GLints/dict_16_192_64_0p5_0p02_0045_0002" 5272
"/Engine/EngineMaterials/Substrate/GLints/dict_16_192_64_0p5_0p02_0045_0003" 5273
"/Engine/EngineMaterials/Substrate/GLints/dict_16_192_64_0p5_0p02_0045_0004" 5274
"/Engine/EngineMaterials/Substrate/GLints/dict_16_192_64_0p5_0p02_0045_0005" 5275
"/Engine/EngineMaterials/Substrate/GLints/dict_16_192_64_0p5_0p02_0045_0006" 5276
"/Engine/EngineMaterials/Substrate/GLints/dict_16_192_64_0p5_0p02_0045_0007" 5277
"/Engine/EngineMaterials/Substrate/GLints/dict_16_192_64_0p5_0p02_0045_0008" 5278
"/Engine/EngineMaterials/Substrate/GLints/dict_16_192_64_0p5_0p02_0045_0009" 5279
"/Engine/EngineMaterials/Substrate/GLints/dict_16_192_64_0p5_0p02_0045_0010" 5280
"/Engine/EngineMaterials/Substrate/GLints/dict_16_192_64_0p5_0p02_0045_0011" 5281
"/Engine/EngineMaterials/Substrate/GLints/dict_16_192_64_0p5_0p02_0045_0012" 5282
"../../../Engine/Content/EngineMaterials/Substrate/GLints/dict_16_192_64_0p5_0p02_0043_0011.uasset" 5283
"../../../Engine/Content/EngineMaterials/Substrate/GLints/dict_16_192_64_0p5_0p02_0043_0012.uasset" 5284
"/Engine/EngineMaterials/Substrate/GLints/dict_16_192_64_0p5_0p02_0043_0013" 5285
"../../../Engine/Content/EngineMaterials/Substrate/GLints/dict_16_192_64_0p5_0p02_0043_0010.uasset" 5286
"../../../Engine/Content/EngineMaterials/Substrate/GLints/dict_16_192_64_0p5_0p02_0043_0009.uasset" 5287
"../../../Engine/Content/EngineMaterials/Substrate/GLints/dict_16_192_64_0p5_0p02_0043_0007.uasset" 5288
"../../../Engine/Content/EngineMaterials/Substrate/GLints/dict_16_192_64_0p5_0p02_0043_0008.uasset" 5289
"/Engine/EngineMaterials/Substrate/GLints/dict_16_192_64_0p5_0p02_0043_0014" 5290
"../../../Engine/Content/EngineMaterials/Substrate/GLints/dict_16_192_64_0p5_0p02_0043_0006.uasset" 5291
"../../../Engine/Content/EngineMaterials/Substrate/GLints/dict_16_192_64_0p5_0p02_0043_0005.uasset" 5292
"../../../Engine/Content/EngineMaterials/Substrate/GLints/dict_16_192_64_0p5_0p02_0043_0004.uasset" 5293
"/Engine/EngineMaterials/Substrate/GLints/dict_16_192_64_0p5_0p02_0043_0015" 5294
"../../../Engine/Content/EngineMaterials/Substrate/GLints/dict_16_192_64_0p5_0p02_0043_0003.uasset" 5295
"../../../Engine/Content/EngineMaterials/Substrate/GLints/dict_16_192_64_0p5_0p02_0043_0001.uasset" 5296
"../../../Engine/Content/EngineMaterials/Substrate/GLints/dict_16_192_64_0p5_0p02_0043_0002.uasset" 5297
"/Engine/EngineMaterials/Substrate/GLints/dict_16_192_64_0p5_0p02_0044_0000" 5298
"/Engine/EngineMaterials/Substrate/GLints/dict_16_192_64_0p5_0p02_0044_0001" 5299
"/Engine/EngineMaterials/Substrate/GLints/dict_16_192_64_0p5_0p02_0044_0002" 5300
"/Engine/EngineMaterials/Substrate/GLints/dict_16_192_64_0p5_0p02_0044_0003" 5301
"/Engine/EngineMaterials/Substrate/GLints/dict_16_192_64_0p5_0p02_0044_0004" 5302
"/Engine/EngineMaterials/Substrate/GLints/dict_16_192_64_0p5_0p02_0044_0005" 5303
"/Engine/EngineMaterials/Substrate/GLints/dict_16_192_64_0p5_0p02_0044_0006" 5304
"/Engine/EngineMaterials/Substrate/GLints/dict_16_192_64_0p5_0p02_0044_0007" 5305
"/Engine/EngineMaterials/Substrate/GLints/dict_16_192_64_0p5_0p02_0044_0008" 5306
"/Engine/EngineMaterials/Substrate/GLints/dict_16_192_64_0p5_0p02_0044_0009" 5307
"/Engine/EngineMaterials/Substrate/GLints/dict_16_192_64_0p5_0p02_0044_0010" 5308
"/Engine/EngineMaterials/Substrate/GLints/dict_16_192_64_0p5_0p02_0044_0011" 5309
"/Engine/EngineMaterials/Substrate/GLints/dict_16_192_64_0p5_0p02_0044_0012" 5310
"/Engine/EngineMaterials/Substrate/GLints/dict_16_192_64_0p5_0p02_0044_0013" 5311
"/Engine/EngineMaterials/Substrate/GLints/dict_16_192_64_0p5_0p02_0044_0014" 5312
"/Engine/EngineMaterials/Substrate/GLints/dict_16_192_64_0p5_0p02_0044_0015" 5313
"/Engine/EngineMaterials/Substrate/GLints/dict_16_192_64_0p5_0p02_0045_0000" 5314
"../../../Engine/Content/EngineMaterials/Substrate/GLints/dict_16_192_64_0p5_0p02_0043_0000.uasset" 5315
"../../../Engine/Content/EngineMaterials/Substrate/GLints/dict_16_192_64_0p5_0p02_0042_0015.uasset" 5316
"/Engine/EngineMaterials/Substrate/GLints/dict_16_192_64_0p5_0p02_0043_0001" 5317
"../../../Engine/Content/EngineMaterials/Substrate/GLints/dict_16_192_64_0p5_0p02_0042_0014.uasset" 5318
"../../../Engine/Content/EngineMaterials/Substrate/GLints/dict_16_192_64_0p5_0p02_0042_0012.uasset" 5319
"../../../Engine/Content/EngineMaterials/Substrate/GLints/dict_16_192_64_0p5_0p02_0042_0013.uasset" 5320
"../../../Engine/Content/EngineMaterials/Substrate/GLints/dict_16_192_64_0p5_0p02_0042_0011.uasset" 5321
"../../../Engine/Content/EngineMaterials/Substrate/GLints/dict_16_192_64_0p5_0p02_0042_0010.uasset" 5322
"../../../Engine/Content/EngineMaterials/Substrate/GLints/dict_16_192_64_0p5_0p02_0042_0009.uasset" 5323
"/Engine/EngineMaterials/Substrate/GLints/dict_16_192_64_0p5_0p02_0043_0002" 5324
"../../../Engine/Content/EngineMaterials/Substrate/GLints/dict_16_192_64_0p5_0p02_0042_0008.uasset" 5325
"../../../Engine/Content/EngineMaterials/Substrate/GLints/dict_16_192_64_0p5_0p02_0042_0007.uasset" 5326
"../../../Engine/Content/EngineMaterials/Substrate/GLints/dict_16_192_64_0p5_0p02_0042_0006.uasset" 5327
"../../../Engine/Content/EngineMaterials/Substrate/GLints/dict_16_192_64_0p5_0p02_0042_0005.uasset" 5328
"../../../Engine/Content/EngineMaterials/Substrate/GLints/dict_16_192_64_0p5_0p02_0042_0004.uasset" 5329
"../../../Engine/Content/EngineMaterials/Substrate/GLints/dict_16_192_64_0p5_0p02_0042_0003.uasset" 5330
"/Engine/EngineMaterials/Substrate/GLints/dict_16_192_64_0p5_0p02_0043_0003" 5331
"../../../Engine/Content/EngineMaterials/Substrate/GLints/dict_16_192_64_0p5_0p02_0042_0002.uasset" 5332
"../../../Engine/Content/EngineMaterials/Substrate/GLints/dict_16_192_64_0p5_0p02_0042_0000.uasset" 5333
"../../../Engine/Content/EngineMaterials/Substrate/GLints/dict_16_192_64_0p5_0p02_0042_0001.uasset" 5334
"../../../Engine/Content/EngineMaterials/Substrate/GLints/dict_16_192_64_0p5_0p02_0041_0015.uasset" 5335
"../../../Engine/Content/EngineMaterials/Substrate/GLints/dict_16_192_64_0p5_0p02_0041_0013.uasset" 5336
"/Engine/EngineMaterials/Substrate/GLints/dict_16_192_64_0p5_0p02_0043_0004" 5337
"../../../Engine/Content/EngineMaterials/Substrate/GLints/dict_16_192_64_0p5_0p02_0041_0014.uasset" 5338
"/Engine/EngineMaterials/Substrate/GLints/dict_16_192_64_0p5_0p02_0043_0005" 5339
"/Engine/EngineMaterials/Substrate/GLints/dict_16_192_64_0p5_0p02_0043_0006" 5340
"/Engine/EngineMaterials/Substrate/GLints/dict_16_192_64_0p5_0p02_0043_0007" 5341
"/Engine/EngineMaterials/Substrate/GLints/dict_16_192_64_0p5_0p02_0043_0008" 5342
"/Engine/EngineMaterials/Substrate/GLints/dict_16_192_64_0p5_0p02_0043_0009" 5343
"/Engine/EngineMaterials/Substrate/GLints/dict_16_192_64_0p5_0p02_0043_0010" 5344
"/Engine/EngineMaterials/Substrate/GLints/dict_16_192_64_0p5_0p02_0043_0011" 5345
"/Engine/EngineMaterials/Substrate/GLints/dict_16_192_64_0p5_0p02_0043_0012" 5346
"../../../Engine/Content/EngineMaterials/Substrate/GLints/dict_16_192_64_0p5_0p02_0041_0012.uasset" 5347
"../../../Engine/Content/EngineMaterials/Substrate/GLints/dict_16_192_64_0p5_0p02_0041_0011.uasset" 5348
"/Engine/EngineMaterials/Substrate/GLints/dict_16_192_64_0p5_0p02_0041_0013" 5349
"../../../Engine/Content/EngineMaterials/Substrate/GLints/dict_16_192_64_0p5_0p02_0041_0010.uasset" 5350
"../../../Engine/Content/EngineMaterials/Substrate/GLints/dict_16_192_64_0p5_0p02_0041_0009.uasset" 5351
"../../../Engine/Content/EngineMaterials/Substrate/GLints/dict_16_192_64_0p5_0p02_0041_0008.uasset" 5352
"../../../Engine/Content/EngineMaterials/Substrate/GLints/dict_16_192_64_0p5_0p02_0041_0007.uasset" 5353
"../../../Engine/Content/EngineMaterials/Substrate/GLints/dict_16_192_64_0p5_0p02_0041_0006.uasset" 5354
"../../../Engine/Content/EngineMaterials/Substrate/GLints/dict_16_192_64_0p5_0p02_0041_0005.uasset" 5355
"../../../Engine/Content/EngineMaterials/Substrate/GLints/dict_16_192_64_0p5_0p02_0041_0004.uasset" 5356
"../../../Engine/Content/EngineMaterials/Substrate/GLints/dict_16_192_64_0p5_0p02_0041_0003.uasset" 5357
"/Engine/EngineMaterials/Substrate/GLints/dict_16_192_64_0p5_0p02_0041_0014" 5358
"../../../Engine/Content/EngineMaterials/Substrate/GLints/dict_16_192_64_0p5_0p02_0041_0001.uasset" 5359
"../../../Engine/Content/EngineMaterials/Substrate/GLints/dict_16_192_64_0p5_0p02_0041_0002.uasset" 5360
"/Engine/EngineMaterials/Substrate/GLints/dict_16_192_64_0p5_0p02_0041_0015" 5361
"/Engine/EngineMaterials/Substrate/GLints/dict_16_192_64_0p5_0p02_0042_0000" 5362
"/Engine/EngineMaterials/Substrate/GLints/dict_16_192_64_0p5_0p02_0042_0001" 5363
"/Engine/EngineMaterials/Substrate/GLints/dict_16_192_64_0p5_0p02_0042_0002" 5364
"/Engine/EngineMaterials/Substrate/GLints/dict_16_192_64_0p5_0p02_0042_0003" 5365
"/Engine/EngineMaterials/Substrate/GLints/dict_16_192_64_0p5_0p02_0042_0004" 5366
"/Engine/EngineMaterials/Substrate/GLints/dict_16_192_64_0p5_0p02_0042_0005" 5367
"/Engine/EngineMaterials/Substrate/GLints/dict_16_192_64_0p5_0p02_0042_0006" 5368
"/Engine/EngineMaterials/Substrate/GLints/dict_16_192_64_0p5_0p02_0042_0007" 5369
"/Engine/EngineMaterials/Substrate/GLints/dict_16_192_64_0p5_0p02_0042_0008" 5370
"/Engine/EngineMaterials/Substrate/GLints/dict_16_192_64_0p5_0p02_0042_0009" 5371
"/Engine/EngineMaterials/Substrate/GLints/dict_16_192_64_0p5_0p02_0042_0010" 5372
"/Engine/EngineMaterials/Substrate/GLints/dict_16_192_64_0p5_0p02_0042_0011" 5373
"/Engine/EngineMaterials/Substrate/GLints/dict_16_192_64_0p5_0p02_0042_0012" 5374
"/Engine/EngineMaterials/Substrate/GLints/dict_16_192_64_0p5_0p02_0042_0013" 5375
"/Engine/EngineMaterials/Substrate/GLints/dict_16_192_64_0p5_0p02_0042_0014" 5376
"/Engine/EngineMaterials/Substrate/GLints/dict_16_192_64_0p5_0p02_0042_0015" 5377
"/Engine/EngineMaterials/Substrate/GLints/dict_16_192_64_0p5_0p02_0043_0000" 5378
"../../../Engine/Content/EngineMaterials/Substrate/GLints/dict_16_192_64_0p5_0p02_0041_0000.uasset" 5379
"../../../Engine/Content/EngineMaterials/Substrate/GLints/dict_16_192_64_0p5_0p02_0040_0015.uasset" 5380
"/Engine/EngineMaterials/Substrate/GLints/dict_16_192_64_0p5_0p02_0041_0001" 5381
"../../../Engine/Content/EngineMaterials/Substrate/GLints/dict_16_192_64_0p5_0p02_0040_0014.uasset" 5382
"../../../Engine/Content/EngineMaterials/Substrate/GLints/dict_16_192_64_0p5_0p02_0040_0012.uasset" 5383
"../../../Engine/Content/EngineMaterials/Substrate/GLints/dict_16_192_64_0p5_0p02_0040_0013.uasset" 5384
"../../../Engine/Content/EngineMaterials/Substrate/GLints/dict_16_192_64_0p5_0p02_0040_0011.uasset" 5385
"../../../Engine/Content/EngineMaterials/Substrate/GLints/dict_16_192_64_0p5_0p02_0040_0010.uasset" 5386
"../../../Engine/Content/EngineMaterials/Substrate/GLints/dict_16_192_64_0p5_0p02_0040_0009.uasset" 5387
"../../../Engine/Content/EngineMaterials/Substrate/GLints/dict_16_192_64_0p5_0p02_0040_0008.uasset" 5388
"../../../Engine/Content/EngineMaterials/Substrate/GLints/dict_16_192_64_0p5_0p02_0040_0007.uasset" 5389
"../../../Engine/Content/EngineMaterials/Substrate/GLints/dict_16_192_64_0p5_0p02_0040_0006.uasset" 5390
"../../../Engine/Content/EngineMaterials/Substrate/GLints/dict_16_192_64_0p5_0p02_0040_0005.uasset" 5391
"/Engine/EngineMaterials/Substrate/GLints/dict_16_192_64_0p5_0p02_0041_0002" 5392
"../../../Engine/Content/EngineMaterials/Substrate/GLints/dict_16_192_64_0p5_0p02_0040_0003.uasset" 5393
"../../../Engine/Content/EngineMaterials/Substrate/GLints/dict_16_192_64_0p5_0p02_0040_0004.uasset" 5394
"../../../Engine/Content/EngineMaterials/Substrate/GLints/dict_16_192_64_0p5_0p02_0040_0002.uasset" 5395
"../../../Engine/Content/EngineMaterials/Substrate/GLints/dict_16_192_64_0p5_0p02_0040_0001.uasset" 5396
"../../../Engine/Content/EngineMaterials/Substrate/GLints/dict_16_192_64_0p5_0p02_0040_0000.uasset" 5397
"../../../Engine/Content/EngineMaterials/Substrate/GLints/dict_16_192_64_0p5_0p02_0039_0015.uasset" 5398
"../../../Engine/Content/EngineMaterials/Substrate/GLints/dict_16_192_64_0p5_0p02_0039_0014.uasset" 5399
"../../../Engine/Content/EngineMaterials/Substrate/GLints/dict_16_192_64_0p5_0p02_0039_0013.uasset" 5400
"/Engine/EngineMaterials/Substrate/GLints/dict_16_192_64_0p5_0p02_0041_0003" 5401
"/Engine/EngineMaterials/Substrate/GLints/dict_16_192_64_0p5_0p02_0041_0004" 5402
"/Engine/EngineMaterials/Substrate/GLints/dict_16_192_64_0p5_0p02_0041_0005" 5403
"/Engine/EngineMaterials/Substrate/GLints/dict_16_192_64_0p5_0p02_0041_0006" 5404
"/Engine/EngineMaterials/Substrate/GLints/dict_16_192_64_0p5_0p02_0041_0007" 5405
"/Engine/EngineMaterials/Substrate/GLints/dict_16_192_64_0p5_0p02_0041_0008" 5406
"/Engine/EngineMaterials/Substrate/GLints/dict_16_192_64_0p5_0p02_0041_0009" 5407
"/Engine/EngineMaterials/Substrate/GLints/dict_16_192_64_0p5_0p02_0041_0010" 5408
"/Engine/EngineMaterials/Substrate/GLints/dict_16_192_64_0p5_0p02_0041_0011" 5409
"/Engine/EngineMaterials/Substrate/GLints/dict_16_192_64_0p5_0p02_0041_0012" 5410
"../../../Engine/Content/EngineMaterials/Substrate/GLints/dict_16_192_64_0p5_0p02_0039_0011.uasset" 5411
"../../../Engine/Content/EngineMaterials/Substrate/GLints/dict_16_192_64_0p5_0p02_0039_0012.uasset" 5412
"/Engine/EngineMaterials/Substrate/GLints/dict_16_192_64_0p5_0p02_0039_0013" 5413
"../../../Engine/Content/EngineMaterials/Substrate/GLints/dict_16_192_64_0p5_0p02_0039_0010.uasset" 5414
"../../../Engine/Content/EngineMaterials/Substrate/GLints/dict_16_192_64_0p5_0p02_0039_0009.uasset" 5415
"../../../Engine/Content/EngineMaterials/Substrate/GLints/dict_16_192_64_0p5_0p02_0039_0008.uasset" 5416
"../../../Engine/Content/EngineMaterials/Substrate/GLints/dict_16_192_64_0p5_0p02_0039_0007.uasset" 5417
"../../../Engine/Content/EngineMaterials/Substrate/GLints/dict_16_192_64_0p5_0p02_0039_0006.uasset" 5418
"../../../Engine/Content/EngineMaterials/Substrate/GLints/dict_16_192_64_0p5_0p02_0039_0005.uasset" 5419
"../../../Engine/Content/EngineMaterials/Substrate/GLints/dict_16_192_64_0p5_0p02_0039_0004.uasset" 5420
"../../../Engine/Content/EngineMaterials/Substrate/GLints/dict_16_192_64_0p5_0p02_0039_0003.uasset" 5421
"../../../Engine/Content/EngineMaterials/Substrate/GLints/dict_16_192_64_0p5_0p02_0039_0002.uasset" 5422
"../../../Engine/Content/EngineMaterials/Substrate/GLints/dict_16_192_64_0p5_0p02_0039_0001.uasset" 5423
"/Engine/EngineMaterials/Substrate/GLints/dict_16_192_64_0p5_0p02_0039_0014" 5424
"/Engine/EngineMaterials/Substrate/GLints/dict_16_192_64_0p5_0p02_0039_0015" 5425
"/Engine/EngineMaterials/Substrate/GLints/dict_16_192_64_0p5_0p02_0040_0000" 5426
"/Engine/EngineMaterials/Substrate/GLints/dict_16_192_64_0p5_0p02_0040_0001" 5427
"/Engine/EngineMaterials/Substrate/GLints/dict_16_192_64_0p5_0p02_0040_0002" 5428
"/Engine/EngineMaterials/Substrate/GLints/dict_16_192_64_0p5_0p02_0040_0003" 5429
"/Engine/EngineMaterials/Substrate/GLints/dict_16_192_64_0p5_0p02_0040_0004" 5430
"/Engine/EngineMaterials/Substrate/GLints/dict_16_192_64_0p5_0p02_0040_0005" 5431
"/Engine/EngineMaterials/Substrate/GLints/dict_16_192_64_0p5_0p02_0040_0006" 5432
"/Engine/EngineMaterials/Substrate/GLints/dict_16_192_64_0p5_0p02_0040_0007" 5433
"/Engine/EngineMaterials/Substrate/GLints/dict_16_192_64_0p5_0p02_0040_0008" 5434
"/Engine/EngineMaterials/Substrate/GLints/dict_16_192_64_0p5_0p02_0040_0009" 5435
"/Engine/EngineMaterials/Substrate/GLints/dict_16_192_64_0p5_0p02_0040_0010" 5436
"/Engine/EngineMaterials/Substrate/GLints/dict_16_192_64_0p5_0p02_0040_0011" 5437
"/Engine/EngineMaterials/Substrate/GLints/dict_16_192_64_0p5_0p02_0040_0012" 5438
"/Engine/EngineMaterials/Substrate/GLints/dict_16_192_64_0p5_0p02_0040_0013" 5439
"/Engine/EngineMaterials/Substrate/GLints/dict_16_192_64_0p5_0p02_0040_0014" 5440
"/Engine/EngineMaterials/Substrate/GLints/dict_16_192_64_0p5_0p02_0040_0015" 5441
"/Engine/EngineMaterials/Substrate/GLints/dict_16_192_64_0p5_0p02_0041_0000" 5442
"../../../Engine/Content/EngineMaterials/Substrate/GLints/dict_16_192_64_0p5_0p02_0039_0000.uasset" 5443
"../../../Engine/Content/EngineMaterials/Substrate/GLints/dict_16_192_64_0p5_0p02_0038_0015.uasset" 5444
"/Engine/EngineMaterials/Substrate/GLints/dict_16_192_64_0p5_0p02_0039_0001" 5445
"../../../Engine/Content/EngineMaterials/Substrate/GLints/dict_16_192_64_0p5_0p02_0038_0014.uasset" 5446
"../../../Engine/Content/EngineMaterials/Substrate/GLints/dict_16_192_64_0p5_0p02_0038_0013.uasset" 5447
"../../../Engine/Content/EngineMaterials/Substrate/GLints/dict_16_192_64_0p5_0p02_0038_0012.uasset" 5448
"../../../Engine/Content/EngineMaterials/Substrate/GLints/dict_16_192_64_0p5_0p02_0038_0011.uasset" 5449
"../../../Engine/Content/EngineMaterials/Substrate/GLints/dict_16_192_64_0p5_0p02_0038_0009.uasset" 5450
"../../../Engine/Content/EngineMaterials/Substrate/GLints/dict_16_192_64_0p5_0p02_0038_0010.uasset" 5451
"../../../Engine/Content/EngineMaterials/Substrate/GLints/dict_16_192_64_0p5_0p02_0038_0008.uasset" 5452
"/Engine/EngineMaterials/Substrate/GLints/dict_16_192_64_0p5_0p02_0039_0002" 5453
"../../../Engine/Content/EngineMaterials/Substrate/GLints/dict_16_192_64_0p5_0p02_0038_0006.uasset" 5454
"../../../Engine/Content/EngineMaterials/Substrate/GLints/dict_16_192_64_0p5_0p02_0038_0007.uasset" 5455
"../../../Engine/Content/EngineMaterials/Substrate/GLints/dict_16_192_64_0p5_0p02_0038_0005.uasset" 5456
"../../../Engine/Content/EngineMaterials/Substrate/GLints/dict_16_192_64_0p5_0p02_0038_0003.uasset" 5457
"../../../Engine/Content/EngineMaterials/Substrate/GLints/dict_16_192_64_0p5_0p02_0038_0004.uasset" 5458
"../../../Engine/Content/EngineMaterials/Substrate/GLints/dict_16_192_64_0p5_0p02_0038_0002.uasset" 5459
"../../../Engine/Content/EngineMaterials/Substrate/GLints/dict_16_192_64_0p5_0p02_0038_0001.uasset" 5460
"../../../Engine/Content/EngineMaterials/Substrate/GLints/dict_16_192_64_0p5_0p02_0038_0000.uasset" 5461
"../../../Engine/Content/EngineMaterials/Substrate/GLints/dict_16_192_64_0p5_0p02_0037_0015.uasset" 5462
"/Engine/EngineMaterials/Substrate/GLints/dict_16_192_64_0p5_0p02_0039_0003" 5463
"../../../Engine/Content/EngineMaterials/Substrate/GLints/dict_16_192_64_0p5_0p02_0037_0014.uasset" 5464
"../../../Engine/Content/EngineMaterials/Substrate/GLints/dict_16_192_64_0p5_0p02_0037_0013.uasset" 5465
"/Engine/EngineMaterials/Substrate/GLints/dict_16_192_64_0p5_0p02_0039_0004" 5466
"/Engine/EngineMaterials/Substrate/GLints/dict_16_192_64_0p5_0p02_0039_0005" 5467
"/Engine/EngineMaterials/Substrate/GLints/dict_16_192_64_0p5_0p02_0039_0006" 5468
"/Engine/EngineMaterials/Substrate/GLints/dict_16_192_64_0p5_0p02_0039_0007" 5469
"/Engine/EngineMaterials/Substrate/GLints/dict_16_192_64_0p5_0p02_0039_0008" 5470
"/Engine/EngineMaterials/Substrate/GLints/dict_16_192_64_0p5_0p02_0039_0009" 5471
"/Engine/EngineMaterials/Substrate/GLints/dict_16_192_64_0p5_0p02_0039_0010" 5472
"/Engine/EngineMaterials/Substrate/GLints/dict_16_192_64_0p5_0p02_0039_0011" 5473
"/Engine/EngineMaterials/Substrate/GLints/dict_16_192_64_0p5_0p02_0039_0012" 5474
"../../../Engine/Content/EngineMaterials/Substrate/GLints/dict_16_192_64_0p5_0p02_0037_0012.uasset" 5475
"/Engine/EngineMaterials/Substrate/GLints/dict_16_192_64_0p5_0p02_0037_0013" 5476
"../../../Engine/Content/EngineMaterials/Substrate/GLints/dict_16_192_64_0p5_0p02_0037_0011.uasset" 5477
"../../../Engine/Content/EngineMaterials/Substrate/GLints/dict_16_192_64_0p5_0p02_0037_0010.uasset" 5478
"../../../Engine/Content/EngineMaterials/Substrate/GLints/dict_16_192_64_0p5_0p02_0037_0009.uasset" 5479
"../../../Engine/Content/EngineMaterials/Substrate/GLints/dict_16_192_64_0p5_0p02_0037_0008.uasset" 5480
"/Engine/EngineMaterials/Substrate/GLints/dict_16_192_64_0p5_0p02_0037_0014" 5481
"../../../Engine/Content/EngineMaterials/Substrate/GLints/dict_16_192_64_0p5_0p02_0037_0007.uasset" 5482
"../../../Engine/Content/EngineMaterials/Substrate/GLints/dict_16_192_64_0p5_0p02_0037_0006.uasset" 5483
"../../../Engine/Content/EngineMaterials/Substrate/GLints/dict_16_192_64_0p5_0p02_0037_0004.uasset" 5484
"../../../Engine/Content/EngineMaterials/Substrate/GLints/dict_16_192_64_0p5_0p02_0037_0005.uasset" 5485
"../../../Engine/Content/EngineMaterials/Substrate/GLints/dict_16_192_64_0p5_0p02_0037_0003.uasset" 5486
"/Engine/EngineMaterials/Substrate/GLints/dict_16_192_64_0p5_0p02_0037_0015" 5487
"../../../Engine/Content/EngineMaterials/Substrate/GLints/dict_16_192_64_0p5_0p02_0037_0001.uasset" 5488
"../../../Engine/Content/EngineMaterials/Substrate/GLints/dict_16_192_64_0p5_0p02_0037_0002.uasset" 5489
"/Engine/EngineMaterials/Substrate/GLints/dict_16_192_64_0p5_0p02_0038_0000" 5490
"/Engine/EngineMaterials/Substrate/GLints/dict_16_192_64_0p5_0p02_0038_0001" 5491
"/Engine/EngineMaterials/Substrate/GLints/dict_16_192_64_0p5_0p02_0038_0002" 5492
"/Engine/EngineMaterials/Substrate/GLints/dict_16_192_64_0p5_0p02_0038_0003" 5493
"/Engine/EngineMaterials/Substrate/GLints/dict_16_192_64_0p5_0p02_0038_0004" 5494
"/Engine/EngineMaterials/Substrate/GLints/dict_16_192_64_0p5_0p02_0038_0005" 5495
"/Engine/EngineMaterials/Substrate/GLints/dict_16_192_64_0p5_0p02_0038_0006" 5496
"/Engine/EngineMaterials/Substrate/GLints/dict_16_192_64_0p5_0p02_0038_0007" 5497
"/Engine/EngineMaterials/Substrate/GLints/dict_16_192_64_0p5_0p02_0038_0008" 5498
"/Engine/EngineMaterials/Substrate/GLints/dict_16_192_64_0p5_0p02_0038_0009" 5499
"/Engine/EngineMaterials/Substrate/GLints/dict_16_192_64_0p5_0p02_0038_0010" 5500
"/Engine/EngineMaterials/Substrate/GLints/dict_16_192_64_0p5_0p02_0038_0011" 5501
"/Engine/EngineMaterials/Substrate/GLints/dict_16_192_64_0p5_0p02_0038_0012" 5502
"/Engine/EngineMaterials/Substrate/GLints/dict_16_192_64_0p5_0p02_0038_0013" 5503
"/Engine/EngineMaterials/Substrate/GLints/dict_16_192_64_0p5_0p02_0038_0014" 5504
"/Engine/EngineMaterials/Substrate/GLints/dict_16_192_64_0p5_0p02_0038_0015" 5505
"/Engine/EngineMaterials/Substrate/GLints/dict_16_192_64_0p5_0p02_0039_0000" 5506
"../../../Engine/Content/EngineMaterials/Substrate/GLints/dict_16_192_64_0p5_0p02_0037_0000.uasset" 5507
"/Engine/EngineMaterials/Substrate/GLints/dict_16_192_64_0p5_0p02_0037_0001" 5508
"../../../Engine/Content/EngineMaterials/Substrate/GLints/dict_16_192_64_0p5_0p02_0036_0015.uasset" 5509
"../../../Engine/Content/EngineMaterials/Substrate/GLints/dict_16_192_64_0p5_0p02_0036_0014.uasset" 5510
"../../../Engine/Content/EngineMaterials/Substrate/GLints/dict_16_192_64_0p5_0p02_0036_0013.uasset" 5511
"../../../Engine/Content/EngineMaterials/Substrate/GLints/dict_16_192_64_0p5_0p02_0036_0012.uasset" 5512
"../../../Engine/Content/EngineMaterials/Substrate/GLints/dict_16_192_64_0p5_0p02_0036_0011.uasset" 5513
"../../../Engine/Content/EngineMaterials/Substrate/GLints/dict_16_192_64_0p5_0p02_0036_0010.uasset" 5514
"../../../Engine/Content/EngineMaterials/Substrate/GLints/dict_16_192_64_0p5_0p02_0036_0009.uasset" 5515
"../../../Engine/Content/EngineMaterials/Substrate/GLints/dict_16_192_64_0p5_0p02_0036_0008.uasset" 5516
"/Engine/EngineMaterials/Substrate/GLints/dict_16_192_64_0p5_0p02_0037_0002" 5517
"../../../Engine/Content/EngineMaterials/Substrate/GLints/dict_16_192_64_0p5_0p02_0036_0006.uasset" 5518
"../../../Engine/Content/EngineMaterials/Substrate/GLints/dict_16_192_64_0p5_0p02_0036_0007.uasset" 5519
"../../../Engine/Content/EngineMaterials/Substrate/GLints/dict_16_192_64_0p5_0p02_0036_0005.uasset" 5520
"../../../Engine/Content/EngineMaterials/Substrate/GLints/dict_16_192_64_0p5_0p02_0036_0004.uasset" 5521
"../../../Engine/Content/EngineMaterials/Substrate/GLints/dict_16_192_64_0p5_0p02_0036_0003.uasset" 5522
"../../../Engine/Content/EngineMaterials/Substrate/GLints/dict_16_192_64_0p5_0p02_0036_0001.uasset" 5523
"../../../Engine/Content/EngineMaterials/Substrate/GLints/dict_16_192_64_0p5_0p02_0036_0000.uasset" 5524
"../../../Engine/Content/EngineMaterials/Substrate/GLints/dict_16_192_64_0p5_0p02_0036_0002.uasset" 5525
"../../../Engine/Content/EngineMaterials/Substrate/GLints/dict_16_192_64_0p5_0p02_0035_0015.uasset" 5526
"../../../Engine/Content/EngineMaterials/Substrate/GLints/dict_16_192_64_0p5_0p02_0035_0013.uasset" 5527
"../../../Engine/Content/EngineMaterials/Substrate/GLints/dict_16_192_64_0p5_0p02_0035_0014.uasset" 5528
"/Engine/EngineMaterials/Substrate/GLints/dict_16_192_64_0p5_0p02_0037_0003" 5529
"/Engine/EngineMaterials/Substrate/GLints/dict_16_192_64_0p5_0p02_0037_0004" 5530
"/Engine/EngineMaterials/Substrate/GLints/dict_16_192_64_0p5_0p02_0037_0005" 5531
"/Engine/EngineMaterials/Substrate/GLints/dict_16_192_64_0p5_0p02_0037_0006" 5532
"/Engine/EngineMaterials/Substrate/GLints/dict_16_192_64_0p5_0p02_0037_0007" 5533
"/Engine/EngineMaterials/Substrate/GLints/dict_16_192_64_0p5_0p02_0037_0008" 5534
"/Engine/EngineMaterials/Substrate/GLints/dict_16_192_64_0p5_0p02_0037_0009" 5535
"/Engine/EngineMaterials/Substrate/GLints/dict_16_192_64_0p5_0p02_0037_0010" 5536
"/Engine/EngineMaterials/Substrate/GLints/dict_16_192_64_0p5_0p02_0037_0011" 5537
"/Engine/EngineMaterials/Substrate/GLints/dict_16_192_64_0p5_0p02_0037_0012" 5538
"../../../Engine/Content/EngineMaterials/Substrate/GLints/dict_16_192_64_0p5_0p02_0035_0011.uasset" 5539
"/Engine/EngineMaterials/Substrate/GLints/dict_16_192_64_0p5_0p02_0035_0013" 5540
"../../../Engine/Content/EngineMaterials/Substrate/GLints/dict_16_192_64_0p5_0p02_0035_0012.uasset" 5541
"../../../Engine/Content/EngineMaterials/Substrate/GLints/dict_16_192_64_0p5_0p02_0035_0010.uasset" 5542
"../../../Engine/Content/EngineMaterials/Substrate/GLints/dict_16_192_64_0p5_0p02_0035_0009.uasset" 5543
"/Engine/EngineMaterials/Substrate/GLints/dict_16_192_64_0p5_0p02_0035_0014" 5544
"../../../Engine/Content/EngineMaterials/Substrate/GLints/dict_16_192_64_0p5_0p02_0035_0007.uasset" 5545
"../../../Engine/Content/EngineMaterials/Substrate/GLints/dict_16_192_64_0p5_0p02_0035_0008.uasset" 5546
"../../../Engine/Content/EngineMaterials/Substrate/GLints/dict_16_192_64_0p5_0p02_0035_0006.uasset" 5547
"../../../Engine/Content/EngineMaterials/Substrate/GLints/dict_16_192_64_0p5_0p02_0035_0005.uasset" 5548
"../../../Engine/Content/EngineMaterials/Substrate/GLints/dict_16_192_64_0p5_0p02_0035_0003.uasset" 5549
"../../../Engine/Content/EngineMaterials/Substrate/GLints/dict_16_192_64_0p5_0p02_0035_0004.uasset" 5550
"/Engine/EngineMaterials/Substrate/GLints/dict_16_192_64_0p5_0p02_0035_0015" 5551
"../../../Engine/Content/EngineMaterials/Substrate/GLints/dict_16_192_64_0p5_0p02_0035_0002.uasset" 5552
"../../../Engine/Content/EngineMaterials/Substrate/GLints/dict_16_192_64_0p5_0p02_0035_0001.uasset" 5553
"/Engine/EngineMaterials/Substrate/GLints/dict_16_192_64_0p5_0p02_0036_0000" 5554
"/Engine/EngineMaterials/Substrate/GLints/dict_16_192_64_0p5_0p02_0036_0001" 5555
"/Engine/EngineMaterials/Substrate/GLints/dict_16_192_64_0p5_0p02_0036_0002" 5556
"/Engine/EngineMaterials/Substrate/GLints/dict_16_192_64_0p5_0p02_0036_0003" 5557
"/Engine/EngineMaterials/Substrate/GLints/dict_16_192_64_0p5_0p02_0036_0004" 5558
"/Engine/EngineMaterials/Substrate/GLints/dict_16_192_64_0p5_0p02_0036_0005" 5559
"/Engine/EngineMaterials/Substrate/GLints/dict_16_192_64_0p5_0p02_0036_0006" 5560
"/Engine/EngineMaterials/Substrate/GLints/dict_16_192_64_0p5_0p02_0036_0007" 5561
"/Engine/EngineMaterials/Substrate/GLints/dict_16_192_64_0p5_0p02_0036_0008" 5562
"/Engine/EngineMaterials/Substrate/GLints/dict_16_192_64_0p5_0p02_0036_0009" 5563
"/Engine/EngineMaterials/Substrate/GLints/dict_16_192_64_0p5_0p02_0036_0010" 5564
"/Engine/EngineMaterials/Substrate/GLints/dict_16_192_64_0p5_0p02_0036_0011" 5565
"/Engine/EngineMaterials/Substrate/GLints/dict_16_192_64_0p5_0p02_0036_0012" 5566
"/Engine/EngineMaterials/Substrate/GLints/dict_16_192_64_0p5_0p02_0036_0013" 5567
"/Engine/EngineMaterials/Substrate/GLints/dict_16_192_64_0p5_0p02_0036_0014" 5568
"/Engine/EngineMaterials/Substrate/GLints/dict_16_192_64_0p5_0p02_0036_0015" 5569
"/Engine/EngineMaterials/Substrate/GLints/dict_16_192_64_0p5_0p02_0037_0000" 5570
"../../../Engine/Content/EngineMaterials/Substrate/GLints/dict_16_192_64_0p5_0p02_0035_0000.uasset" 5571
"../../../Engine/Content/EngineMaterials/Substrate/GLints/dict_16_192_64_0p5_0p02_0034_0015.uasset" 5572
"/Engine/EngineMaterials/Substrate/GLints/dict_16_192_64_0p5_0p02_0035_0001" 5573
"../../../Engine/Content/EngineMaterials/Substrate/GLints/dict_16_192_64_0p5_0p02_0034_0014.uasset" 5574
"../../../Engine/Content/EngineMaterials/Substrate/GLints/dict_16_192_64_0p5_0p02_0034_0013.uasset" 5575
"../../../Engine/Content/EngineMaterials/Substrate/GLints/dict_16_192_64_0p5_0p02_0034_0012.uasset" 5576
"../../../Engine/Content/EngineMaterials/Substrate/GLints/dict_16_192_64_0p5_0p02_0034_0011.uasset" 5577
"../../../Engine/Content/EngineMaterials/Substrate/GLints/dict_16_192_64_0p5_0p02_0034_0010.uasset" 5578
"../../../Engine/Content/EngineMaterials/Substrate/GLints/dict_16_192_64_0p5_0p02_0034_0009.uasset" 5579
"/Engine/EngineMaterials/Substrate/GLints/dict_16_192_64_0p5_0p02_0035_0002" 5580
"../../../Engine/Content/EngineMaterials/Substrate/GLints/dict_16_192_64_0p5_0p02_0034_0007.uasset" 5581
"../../../Engine/Content/EngineMaterials/Substrate/GLints/dict_16_192_64_0p5_0p02_0034_0008.uasset" 5582
"../../../Engine/Content/EngineMaterials/Substrate/GLints/dict_16_192_64_0p5_0p02_0034_0006.uasset" 5583
"../../../Engine/Content/EngineMaterials/Substrate/GLints/dict_16_192_64_0p5_0p02_0034_0005.uasset" 5584
"/Engine/EngineMaterials/Substrate/GLints/dict_16_192_64_0p5_0p02_0035_0003" 5585
"../../../Engine/Content/EngineMaterials/Substrate/GLints/dict_16_192_64_0p5_0p02_0034_0003.uasset" 5586
"../../../Engine/Content/EngineMaterials/Substrate/GLints/dict_16_192_64_0p5_0p02_0034_0004.uasset" 5587
"../../../Engine/Content/EngineMaterials/Substrate/GLints/dict_16_192_64_0p5_0p02_0034_0002.uasset" 5588
"../../../Engine/Content/EngineMaterials/Substrate/GLints/dict_16_192_64_0p5_0p02_0034_0001.uasset" 5589
"/Engine/EngineMaterials/Substrate/GLints/dict_16_192_64_0p5_0p02_0035_0004" 5590
"../../../Engine/Content/EngineMaterials/Substrate/GLints/dict_16_192_64_0p5_0p02_0034_0000.uasset" 5591
"../../../Engine/Content/EngineMaterials/Substrate/GLints/dict_16_192_64_0p5_0p02_0033_0015.uasset" 5592
"../../../Engine/Content/EngineMaterials/Substrate/GLints/dict_16_192_64_0p5_0p02_0033_0014.uasset" 5593
"../../../Engine/Content/EngineMaterials/Substrate/GLints/dict_16_192_64_0p5_0p02_0033_0013.uasset" 5594
"/Engine/EngineMaterials/Substrate/GLints/dict_16_192_64_0p5_0p02_0035_0005" 5595
"/Engine/EngineMaterials/Substrate/GLints/dict_16_192_64_0p5_0p02_0035_0006" 5596
"/Engine/EngineMaterials/Substrate/GLints/dict_16_192_64_0p5_0p02_0035_0007" 5597
"/Engine/EngineMaterials/Substrate/GLints/dict_16_192_64_0p5_0p02_0035_0008" 5598
"/Engine/EngineMaterials/Substrate/GLints/dict_16_192_64_0p5_0p02_0035_0009" 5599
"/Engine/EngineMaterials/Substrate/GLints/dict_16_192_64_0p5_0p02_0035_0010" 5600
"/Engine/EngineMaterials/Substrate/GLints/dict_16_192_64_0p5_0p02_0035_0011" 5601
"/Engine/EngineMaterials/Substrate/GLints/dict_16_192_64_0p5_0p02_0035_0012" 5602
"../../../Engine/Content/EngineMaterials/Substrate/GLints/dict_16_192_64_0p5_0p02_0033_0012.uasset" 5603
"../../../Engine/Content/EngineMaterials/Substrate/GLints/dict_16_192_64_0p5_0p02_0033_0011.uasset" 5604
"/Engine/EngineMaterials/Substrate/GLints/dict_16_192_64_0p5_0p02_0033_0013" 5605
"../../../Engine/Content/EngineMaterials/Substrate/GLints/dict_16_192_64_0p5_0p02_0033_0010.uasset" 5606
"../../../Engine/Content/EngineMaterials/Substrate/GLints/dict_16_192_64_0p5_0p02_0033_0009.uasset" 5607
"../../../Engine/Content/EngineMaterials/Substrate/GLints/dict_16_192_64_0p5_0p02_0033_0008.uasset" 5608
"../../../Engine/Content/EngineMaterials/Substrate/GLints/dict_16_192_64_0p5_0p02_0033_0007.uasset" 5609
"../../../Engine/Content/EngineMaterials/Substrate/GLints/dict_16_192_64_0p5_0p02_0033_0006.uasset" 5610
"../../../Engine/Content/EngineMaterials/Substrate/GLints/dict_16_192_64_0p5_0p02_0033_0005.uasset" 5611
"../../../Engine/Content/EngineMaterials/Substrate/GLints/dict_16_192_64_0p5_0p02_0033_0004.uasset" 5612
"../../../Engine/Content/EngineMaterials/Substrate/GLints/dict_16_192_64_0p5_0p02_0033_0002.uasset" 5613
"/Engine/EngineMaterials/Substrate/GLints/dict_16_192_64_0p5_0p02_0033_0014" 5614
"../../../Engine/Content/EngineMaterials/Substrate/GLints/dict_16_192_64_0p5_0p02_0033_0003.uasset" 5615
"../../../Engine/Content/EngineMaterials/Substrate/GLints/dict_16_192_64_0p5_0p02_0033_0001.uasset" 5616
"/Engine/EngineMaterials/Substrate/GLints/dict_16_192_64_0p5_0p02_0033_0015" 5617
"/Engine/EngineMaterials/Substrate/GLints/dict_16_192_64_0p5_0p02_0034_0000" 5618
"/Engine/EngineMaterials/Substrate/GLints/dict_16_192_64_0p5_0p02_0034_0001" 5619
"/Engine/EngineMaterials/Substrate/GLints/dict_16_192_64_0p5_0p02_0034_0002" 5620
"/Engine/EngineMaterials/Substrate/GLints/dict_16_192_64_0p5_0p02_0034_0003" 5621
"/Engine/EngineMaterials/Substrate/GLints/dict_16_192_64_0p5_0p02_0034_0004" 5622
"/Engine/EngineMaterials/Substrate/GLints/dict_16_192_64_0p5_0p02_0034_0005" 5623
"/Engine/EngineMaterials/Substrate/GLints/dict_16_192_64_0p5_0p02_0034_0006" 5624
"/Engine/EngineMaterials/Substrate/GLints/dict_16_192_64_0p5_0p02_0034_0007" 5625
"/Engine/EngineMaterials/Substrate/GLints/dict_16_192_64_0p5_0p02_0034_0008" 5626
"/Engine/EngineMaterials/Substrate/GLints/dict_16_192_64_0p5_0p02_0034_0009" 5627
"/Engine/EngineMaterials/Substrate/GLints/dict_16_192_64_0p5_0p02_0034_0010" 5628
"/Engine/EngineMaterials/Substrate/GLints/dict_16_192_64_0p5_0p02_0034_0011" 5629
"/Engine/EngineMaterials/Substrate/GLints/dict_16_192_64_0p5_0p02_0034_0012" 5630
"/Engine/EngineMaterials/Substrate/GLints/dict_16_192_64_0p5_0p02_0034_0013" 5631
"/Engine/EngineMaterials/Substrate/GLints/dict_16_192_64_0p5_0p02_0034_0014" 5632
"/Engine/EngineMaterials/Substrate/GLints/dict_16_192_64_0p5_0p02_0034_0015" 5633
"/Engine/EngineMaterials/Substrate/GLints/dict_16_192_64_0p5_0p02_0035_0000" 5634
"../../../Engine/Content/EngineMaterials/Substrate/GLints/dict_16_192_64_0p5_0p02_0032_0015.uasset" 5635
"../../../Engine/Content/EngineMaterials/Substrate/GLints/dict_16_192_64_0p5_0p02_0033_0000.uasset" 5636
"/Engine/EngineMaterials/Substrate/GLints/dict_16_192_64_0p5_0p02_0033_0001" 5637
"../../../Engine/Content/EngineMaterials/Substrate/GLints/dict_16_192_64_0p5_0p02_0032_0014.uasset" 5638
"../../../Engine/Content/EngineMaterials/Substrate/GLints/dict_16_192_64_0p5_0p02_0032_0013.uasset" 5639
"../../../Engine/Content/EngineMaterials/Substrate/GLints/dict_16_192_64_0p5_0p02_0032_0012.uasset" 5640
"../../../Engine/Content/EngineMaterials/Substrate/GLints/dict_16_192_64_0p5_0p02_0032_0010.uasset" 5641
"../../../Engine/Content/EngineMaterials/Substrate/GLints/dict_16_192_64_0p5_0p02_0032_0011.uasset" 5642
"../../../Engine/Content/EngineMaterials/Substrate/GLints/dict_16_192_64_0p5_0p02_0032_0009.uasset" 5643
"../../../Engine/Content/EngineMaterials/Substrate/GLints/dict_16_192_64_0p5_0p02_0032_0008.uasset" 5644
"/Engine/EngineMaterials/Substrate/GLints/dict_16_192_64_0p5_0p02_0033_0002" 5645
"../../../Engine/Content/EngineMaterials/Substrate/GLints/dict_16_192_64_0p5_0p02_0032_0007.uasset" 5646
"../../../Engine/Content/EngineMaterials/Substrate/GLints/dict_16_192_64_0p5_0p02_0032_0006.uasset" 5647
"../../../Engine/Content/EngineMaterials/Substrate/GLints/dict_16_192_64_0p5_0p02_0032_0004.uasset" 5648
"../../../Engine/Content/EngineMaterials/Substrate/GLints/dict_16_192_64_0p5_0p02_0032_0005.uasset" 5649
"../../../Engine/Content/EngineMaterials/Substrate/GLints/dict_16_192_64_0p5_0p02_0032_0003.uasset" 5650
"../../../Engine/Content/EngineMaterials/Substrate/GLints/dict_16_192_64_0p5_0p02_0032_0002.uasset" 5651
"../../../Engine/Content/EngineMaterials/Substrate/GLints/dict_16_192_64_0p5_0p02_0032_0001.uasset" 5652
"../../../Engine/Content/EngineMaterials/Substrate/GLints/dict_16_192_64_0p5_0p02_0032_0000.uasset" 5653
"../../../Engine/Content/EngineMaterials/Substrate/GLints/dict_16_192_64_0p5_0p02_0031_0015.uasset" 5654
"/Engine/EngineMaterials/Substrate/GLints/dict_16_192_64_0p5_0p02_0033_0003" 5655
"../../../Engine/Content/EngineMaterials/Substrate/GLints/dict_16_192_64_0p5_0p02_0031_0014.uasset" 5656
"../../../Engine/Content/EngineMaterials/Substrate/GLints/dict_16_192_64_0p5_0p02_0031_0013.uasset" 5657
"/Engine/EngineMaterials/Substrate/GLints/dict_16_192_64_0p5_0p02_0033_0004" 5658
"/Engine/EngineMaterials/Substrate/GLints/dict_16_192_64_0p5_0p02_0033_0005" 5659
"/Engine/EngineMaterials/Substrate/GLints/dict_16_192_64_0p5_0p02_0033_0006" 5660
"/Engine/EngineMaterials/Substrate/GLints/dict_16_192_64_0p5_0p02_0033_0007" 5661
"/Engine/EngineMaterials/Substrate/GLints/dict_16_192_64_0p5_0p02_0033_0008" 5662
"/Engine/EngineMaterials/Substrate/GLints/dict_16_192_64_0p5_0p02_0033_0009" 5663
"/Engine/EngineMaterials/Substrate/GLints/dict_16_192_64_0p5_0p02_0033_0010" 5664
"/Engine/EngineMaterials/Substrate/GLints/dict_16_192_64_0p5_0p02_0033_0011" 5665
"/Engine/EngineMaterials/Substrate/GLints/dict_16_192_64_0p5_0p02_0033_0012" 5666
"../../../Engine/Content/EngineMaterials/Substrate/GLints/dict_16_192_64_0p5_0p02_0031_0012.uasset" 5667
"/Engine/EngineMaterials/Substrate/GLints/dict_16_192_64_0p5_0p02_0031_0013" 5668
"../../../Engine/Content/EngineMaterials/Substrate/GLints/dict_16_192_64_0p5_0p02_0031_0010.uasset" 5669
"../../../Engine/Content/EngineMaterials/Substrate/GLints/dict_16_192_64_0p5_0p02_0031_0011.uasset" 5670
"../../../Engine/Content/EngineMaterials/Substrate/GLints/dict_16_192_64_0p5_0p02_0031_0009.uasset" 5671
"../../../Engine/Content/EngineMaterials/Substrate/GLints/dict_16_192_64_0p5_0p02_0031_0008.uasset" 5672
"../../../Engine/Content/EngineMaterials/Substrate/GLints/dict_16_192_64_0p5_0p02_0031_0007.uasset" 5673
"../../../Engine/Content/EngineMaterials/Substrate/GLints/dict_16_192_64_0p5_0p02_0031_0006.uasset" 5674
"/Engine/EngineMaterials/Substrate/GLints/dict_16_192_64_0p5_0p02_0031_0014" 5675
"../../../Engine/Content/EngineMaterials/Substrate/GLints/dict_16_192_64_0p5_0p02_0031_0004.uasset" 5676
"../../../Engine/Content/EngineMaterials/Substrate/GLints/dict_16_192_64_0p5_0p02_0031_0005.uasset" 5677
"../../../Engine/Content/EngineMaterials/Substrate/GLints/dict_16_192_64_0p5_0p02_0031_0003.uasset" 5678
"../../../Engine/Content/EngineMaterials/Substrate/GLints/dict_16_192_64_0p5_0p02_0031_0002.uasset" 5679
"../../../Engine/Content/EngineMaterials/Substrate/GLints/dict_16_192_64_0p5_0p02_0031_0001.uasset" 5680
"/Engine/EngineMaterials/Substrate/GLints/dict_16_192_64_0p5_0p02_0031_0015" 5681
"/Engine/EngineMaterials/Substrate/GLints/dict_16_192_64_0p5_0p02_0032_0000" 5682
"/Engine/EngineMaterials/Substrate/GLints/dict_16_192_64_0p5_0p02_0032_0001" 5683
"/Engine/EngineMaterials/Substrate/GLints/dict_16_192_64_0p5_0p02_0032_0002" 5684
"/Engine/EngineMaterials/Substrate/GLints/dict_16_192_64_0p5_0p02_0032_0003" 5685
"/Engine/EngineMaterials/Substrate/GLints/dict_16_192_64_0p5_0p02_0032_0004" 5686
"/Engine/EngineMaterials/Substrate/GLints/dict_16_192_64_0p5_0p02_0032_0005" 5687
"/Engine/EngineMaterials/Substrate/GLints/dict_16_192_64_0p5_0p02_0032_0006" 5688
"/Engine/EngineMaterials/Substrate/GLints/dict_16_192_64_0p5_0p02_0032_0007" 5689
"/Engine/EngineMaterials/Substrate/GLints/dict_16_192_64_0p5_0p02_0032_0008" 5690
"/Engine/EngineMaterials/Substrate/GLints/dict_16_192_64_0p5_0p02_0032_0009" 5691
"/Engine/EngineMaterials/Substrate/GLints/dict_16_192_64_0p5_0p02_0032_0010" 5692
"/Engine/EngineMaterials/Substrate/GLints/dict_16_192_64_0p5_0p02_0032_0011" 5693
"/Engine/EngineMaterials/Substrate/GLints/dict_16_192_64_0p5_0p02_0032_0012" 5694
"/Engine/EngineMaterials/Substrate/GLints/dict_16_192_64_0p5_0p02_0032_0013" 5695
"/Engine/EngineMaterials/Substrate/GLints/dict_16_192_64_0p5_0p02_0032_0014" 5696
"/Engine/EngineMaterials/Substrate/GLints/dict_16_192_64_0p5_0p02_0032_0015" 5697
"/Engine/EngineMaterials/Substrate/GLints/dict_16_192_64_0p5_0p02_0033_0000" 5698
"../../../Engine/Content/EngineMaterials/Substrate/GLints/dict_16_192_64_0p5_0p02_0030_0015.uasset" 5699
"../../../Engine/Content/EngineMaterials/Substrate/GLints/dict_16_192_64_0p5_0p02_0031_0000.uasset" 5700
"/Engine/EngineMaterials/Substrate/GLints/dict_16_192_64_0p5_0p02_0031_0001" 5701
"../../../Engine/Content/EngineMaterials/Substrate/GLints/dict_16_192_64_0p5_0p02_0030_0014.uasset" 5702
"../../../Engine/Content/EngineMaterials/Substrate/GLints/dict_16_192_64_0p5_0p02_0030_0013.uasset" 5703
"../../../Engine/Content/EngineMaterials/Substrate/GLints/dict_16_192_64_0p5_0p02_0030_0012.uasset" 5704
"../../../Engine/Content/EngineMaterials/Substrate/GLints/dict_16_192_64_0p5_0p02_0030_0011.uasset" 5705
"../../../Engine/Content/EngineMaterials/Substrate/GLints/dict_16_192_64_0p5_0p02_0030_0010.uasset" 5706
"../../../Engine/Content/EngineMaterials/Substrate/GLints/dict_16_192_64_0p5_0p02_0030_0009.uasset" 5707
"/Engine/EngineMaterials/Substrate/GLints/dict_16_192_64_0p5_0p02_0031_0002" 5708
"../../../Engine/Content/EngineMaterials/Substrate/GLints/dict_16_192_64_0p5_0p02_0030_0008.uasset" 5709
"../../../Engine/Content/EngineMaterials/Substrate/GLints/dict_16_192_64_0p5_0p02_0030_0007.uasset" 5710
"../../../Engine/Content/EngineMaterials/Substrate/GLints/dict_16_192_64_0p5_0p02_0030_0006.uasset" 5711
"../../../Engine/Content/EngineMaterials/Substrate/GLints/dict_16_192_64_0p5_0p02_0030_0005.uasset" 5712
"../../../Engine/Content/EngineMaterials/Substrate/GLints/dict_16_192_64_0p5_0p02_0030_0004.uasset" 5713
"../../../Engine/Content/EngineMaterials/Substrate/GLints/dict_16_192_64_0p5_0p02_0030_0003.uasset" 5714
"../../../Engine/Content/EngineMaterials/Substrate/GLints/dict_16_192_64_0p5_0p02_0030_0001.uasset" 5715
"../../../Engine/Content/EngineMaterials/Substrate/GLints/dict_16_192_64_0p5_0p02_0030_0002.uasset" 5716
"/Engine/EngineMaterials/Substrate/GLints/dict_16_192_64_0p5_0p02_0031_0003" 5717
"../../../Engine/Content/EngineMaterials/Substrate/GLints/dict_16_192_64_0p5_0p02_0030_0000.uasset" 5718
"../../../Engine/Content/EngineMaterials/Substrate/GLints/dict_16_192_64_0p5_0p02_0029_0015.uasset" 5719
"../../../Engine/Content/EngineMaterials/Substrate/GLints/dict_16_192_64_0p5_0p02_0029_0014.uasset" 5720
"../../../Engine/Content/EngineMaterials/Substrate/GLints/dict_16_192_64_0p5_0p02_0029_0013.uasset" 5721
"/Engine/EngineMaterials/Substrate/GLints/dict_16_192_64_0p5_0p02_0031_0004" 5722
"/Engine/EngineMaterials/Substrate/GLints/dict_16_192_64_0p5_0p02_0031_0005" 5723
"/Engine/EngineMaterials/Substrate/GLints/dict_16_192_64_0p5_0p02_0031_0006" 5724
"/Engine/EngineMaterials/Substrate/GLints/dict_16_192_64_0p5_0p02_0031_0007" 5725
"/Engine/EngineMaterials/Substrate/GLints/dict_16_192_64_0p5_0p02_0031_0008" 5726
"/Engine/EngineMaterials/Substrate/GLints/dict_16_192_64_0p5_0p02_0031_0009" 5727
"/Engine/EngineMaterials/Substrate/GLints/dict_16_192_64_0p5_0p02_0031_0010" 5728
"/Engine/EngineMaterials/Substrate/GLints/dict_16_192_64_0p5_0p02_0031_0011" 5729
"/Engine/EngineMaterials/Substrate/GLints/dict_16_192_64_0p5_0p02_0031_0012" 5730
"../../../Engine/Content/EngineMaterials/Substrate/GLints/dict_16_192_64_0p5_0p02_0029_0012.uasset" 5731
"../../../Engine/Content/EngineMaterials/Substrate/GLints/dict_16_192_64_0p5_0p02_0029_0011.uasset" 5732
"/Engine/EngineMaterials/Substrate/GLints/dict_16_192_64_0p5_0p02_0029_0013" 5733
"../../../Engine/Content/EngineMaterials/Substrate/GLints/dict_16_192_64_0p5_0p02_0029_0010.uasset" 5734
"../../../Engine/Content/EngineMaterials/Substrate/GLints/dict_16_192_64_0p5_0p02_0029_0009.uasset" 5735
"../../../Engine/Content/EngineMaterials/Substrate/GLints/dict_16_192_64_0p5_0p02_0029_0008.uasset" 5736
"../../../Engine/Content/EngineMaterials/Substrate/GLints/dict_16_192_64_0p5_0p02_0029_0007.uasset" 5737
"../../../Engine/Content/EngineMaterials/Substrate/GLints/dict_16_192_64_0p5_0p02_0029_0006.uasset" 5738
"../../../Engine/Content/EngineMaterials/Substrate/GLints/dict_16_192_64_0p5_0p02_0029_0005.uasset" 5739
"../../../Engine/Content/EngineMaterials/Substrate/GLints/dict_16_192_64_0p5_0p02_0029_0003.uasset" 5740
"../../../Engine/Content/EngineMaterials/Substrate/GLints/dict_16_192_64_0p5_0p02_0029_0004.uasset" 5741
"../../../Engine/Content/EngineMaterials/Substrate/GLints/dict_16_192_64_0p5_0p02_0029_0002.uasset" 5742
"../../../Engine/Content/EngineMaterials/Substrate/GLints/dict_16_192_64_0p5_0p02_0029_0001.uasset" 5743
"/Engine/EngineMaterials/Substrate/GLints/dict_16_192_64_0p5_0p02_0029_0014" 5744
"/Engine/EngineMaterials/Substrate/GLints/dict_16_192_64_0p5_0p02_0029_0015" 5745
"/Engine/EngineMaterials/Substrate/GLints/dict_16_192_64_0p5_0p02_0030_0000" 5746
"/Engine/EngineMaterials/Substrate/GLints/dict_16_192_64_0p5_0p02_0030_0001" 5747
"/Engine/EngineMaterials/Substrate/GLints/dict_16_192_64_0p5_0p02_0030_0002" 5748
"/Engine/EngineMaterials/Substrate/GLints/dict_16_192_64_0p5_0p02_0030_0003" 5749
"/Engine/EngineMaterials/Substrate/GLints/dict_16_192_64_0p5_0p02_0030_0004" 5750
"/Engine/EngineMaterials/Substrate/GLints/dict_16_192_64_0p5_0p02_0030_0005" 5751
"/Engine/EngineMaterials/Substrate/GLints/dict_16_192_64_0p5_0p02_0030_0006" 5752
"/Engine/EngineMaterials/Substrate/GLints/dict_16_192_64_0p5_0p02_0030_0007" 5753
"/Engine/EngineMaterials/Substrate/GLints/dict_16_192_64_0p5_0p02_0030_0008" 5754
"/Engine/EngineMaterials/Substrate/GLints/dict_16_192_64_0p5_0p02_0030_0009" 5755
"/Engine/EngineMaterials/Substrate/GLints/dict_16_192_64_0p5_0p02_0030_0010" 5756
"/Engine/EngineMaterials/Substrate/GLints/dict_16_192_64_0p5_0p02_0030_0011" 5757
"/Engine/EngineMaterials/Substrate/GLints/dict_16_192_64_0p5_0p02_0030_0012" 5758
"/Engine/EngineMaterials/Substrate/GLints/dict_16_192_64_0p5_0p02_0030_0013" 5759
"/Engine/EngineMaterials/Substrate/GLints/dict_16_192_64_0p5_0p02_0030_0014" 5760
"/Engine/EngineMaterials/Substrate/GLints/dict_16_192_64_0p5_0p02_0030_0015" 5761
"/Engine/EngineMaterials/Substrate/GLints/dict_16_192_64_0p5_0p02_0031_0000" 5762
"../../../Engine/Content/EngineMaterials/Substrate/GLints/dict_16_192_64_0p5_0p02_0029_0000.uasset" 5763
"../../../Engine/Content/EngineMaterials/Substrate/GLints/dict_16_192_64_0p5_0p02_0028_0015.uasset" 5764
"/Engine/EngineMaterials/Substrate/GLints/dict_16_192_64_0p5_0p02_0029_0001" 5765
"../../../Engine/Content/EngineMaterials/Substrate/GLints/dict_16_192_64_0p5_0p02_0028_0014.uasset" 5766
"../../../Engine/Content/EngineMaterials/Substrate/GLints/dict_16_192_64_0p5_0p02_0028_0013.uasset" 5767
"../../../Engine/Content/EngineMaterials/Substrate/GLints/dict_16_192_64_0p5_0p02_0028_0011.uasset" 5768
"../../../Engine/Content/EngineMaterials/Substrate/GLints/dict_16_192_64_0p5_0p02_0028_0012.uasset" 5769
"../../../Engine/Content/EngineMaterials/Substrate/GLints/dict_16_192_64_0p5_0p02_0028_0010.uasset" 5770
"../../../Engine/Content/EngineMaterials/Substrate/GLints/dict_16_192_64_0p5_0p02_0028_0009.uasset" 5771
"../../../Engine/Content/EngineMaterials/Substrate/GLints/dict_16_192_64_0p5_0p02_0028_0008.uasset" 5772
"../../../Engine/Content/EngineMaterials/Substrate/GLints/dict_16_192_64_0p5_0p02_0028_0007.uasset" 5773
"/Engine/EngineMaterials/Substrate/GLints/dict_16_192_64_0p5_0p02_0029_0002" 5774
"../../../Engine/Content/EngineMaterials/Substrate/GLints/dict_16_192_64_0p5_0p02_0028_0006.uasset" 5775
"../../../Engine/Content/EngineMaterials/Substrate/GLints/dict_16_192_64_0p5_0p02_0028_0005.uasset" 5776
"../../../Engine/Content/EngineMaterials/Substrate/GLints/dict_16_192_64_0p5_0p02_0028_0004.uasset" 5777
"../../../Engine/Content/EngineMaterials/Substrate/GLints/dict_16_192_64_0p5_0p02_0028_0003.uasset" 5778
"../../../Engine/Content/EngineMaterials/Substrate/GLints/dict_16_192_64_0p5_0p02_0028_0002.uasset" 5779
"../../../Engine/Content/EngineMaterials/Substrate/GLints/dict_16_192_64_0p5_0p02_0028_0001.uasset" 5780
"../../../Engine/Content/EngineMaterials/Substrate/GLints/dict_16_192_64_0p5_0p02_0028_0000.uasset" 5781
"../../../Engine/Content/EngineMaterials/Substrate/GLints/dict_16_192_64_0p5_0p02_0027_0015.uasset" 5782
"../../../Engine/Content/EngineMaterials/Substrate/GLints/dict_16_192_64_0p5_0p02_0027_0014.uasset" 5783
"/Engine/EngineMaterials/Substrate/GLints/dict_16_192_64_0p5_0p02_0029_0003" 5784
"../../../Engine/Content/EngineMaterials/Substrate/GLints/dict_16_192_64_0p5_0p02_0027_0013.uasset" 5785
"/Engine/EngineMaterials/Substrate/GLints/dict_16_192_64_0p5_0p02_0029_0004" 5786
"/Engine/EngineMaterials/Substrate/GLints/dict_16_192_64_0p5_0p02_0029_0005" 5787
"/Engine/EngineMaterials/Substrate/GLints/dict_16_192_64_0p5_0p02_0029_0006" 5788
"/Engine/EngineMaterials/Substrate/GLints/dict_16_192_64_0p5_0p02_0029_0007" 5789
"/Engine/EngineMaterials/Substrate/GLints/dict_16_192_64_0p5_0p02_0029_0008" 5790
"/Engine/EngineMaterials/Substrate/GLints/dict_16_192_64_0p5_0p02_0029_0009" 5791
"/Engine/EngineMaterials/Substrate/GLints/dict_16_192_64_0p5_0p02_0029_0010" 5792
"/Engine/EngineMaterials/Substrate/GLints/dict_16_192_64_0p5_0p02_0029_0011" 5793
"/Engine/EngineMaterials/Substrate/GLints/dict_16_192_64_0p5_0p02_0029_0012" 5794
"../../../Engine/Content/EngineMaterials/Substrate/GLints/dict_16_192_64_0p5_0p02_0027_0011.uasset" 5795
"../../../Engine/Content/EngineMaterials/Substrate/GLints/dict_16_192_64_0p5_0p02_0027_0012.uasset" 5796
"/Engine/EngineMaterials/Substrate/GLints/dict_16_192_64_0p5_0p02_0027_0013" 5797
"../../../Engine/Content/EngineMaterials/Substrate/GLints/dict_16_192_64_0p5_0p02_0027_0010.uasset" 5798
"../../../Engine/Content/EngineMaterials/Substrate/GLints/dict_16_192_64_0p5_0p02_0027_0008.uasset" 5799
"../../../Engine/Content/EngineMaterials/Substrate/GLints/dict_16_192_64_0p5_0p02_0027_0009.uasset" 5800
"../../../Engine/Content/EngineMaterials/Substrate/GLints/dict_16_192_64_0p5_0p02_0027_0007.uasset" 5801
"/Engine/EngineMaterials/Substrate/GLints/dict_16_192_64_0p5_0p02_0027_0014" 5802
"../../../Engine/Content/EngineMaterials/Substrate/GLints/dict_16_192_64_0p5_0p02_0027_0005.uasset" 5803
"../../../Engine/Content/EngineMaterials/Substrate/GLints/dict_16_192_64_0p5_0p02_0027_0006.uasset" 5804
"../../../Engine/Content/EngineMaterials/Substrate/GLints/dict_16_192_64_0p5_0p02_0027_0004.uasset" 5805
"../../../Engine/Content/EngineMaterials/Substrate/GLints/dict_16_192_64_0p5_0p02_0027_0003.uasset" 5806
"../../../Engine/Content/EngineMaterials/Substrate/GLints/dict_16_192_64_0p5_0p02_0027_0002.uasset" 5807
"../../../Engine/Content/EngineMaterials/Substrate/GLints/dict_16_192_64_0p5_0p02_0027_0001.uasset" 5808
"/Engine/EngineMaterials/Substrate/GLints/dict_16_192_64_0p5_0p02_0027_0015" 5809
"/Engine/EngineMaterials/Substrate/GLints/dict_16_192_64_0p5_0p02_0028_0000" 5810
"/Engine/EngineMaterials/Substrate/GLints/dict_16_192_64_0p5_0p02_0028_0001" 5811
"/Engine/EngineMaterials/Substrate/GLints/dict_16_192_64_0p5_0p02_0028_0002" 5812
"/Engine/EngineMaterials/Substrate/GLints/dict_16_192_64_0p5_0p02_0028_0003" 5813
"/Engine/EngineMaterials/Substrate/GLints/dict_16_192_64_0p5_0p02_0028_0004" 5814
"/Engine/EngineMaterials/Substrate/GLints/dict_16_192_64_0p5_0p02_0028_0005" 5815
"/Engine/EngineMaterials/Substrate/GLints/dict_16_192_64_0p5_0p02_0028_0006" 5816
"/Engine/EngineMaterials/Substrate/GLints/dict_16_192_64_0p5_0p02_0028_0007" 5817
"/Engine/EngineMaterials/Substrate/GLints/dict_16_192_64_0p5_0p02_0028_0008" 5818
"/Engine/EngineMaterials/Substrate/GLints/dict_16_192_64_0p5_0p02_0028_0009" 5819
"/Engine/EngineMaterials/Substrate/GLints/dict_16_192_64_0p5_0p02_0028_0010" 5820
"/Engine/EngineMaterials/Substrate/GLints/dict_16_192_64_0p5_0p02_0028_0011" 5821
"/Engine/EngineMaterials/Substrate/GLints/dict_16_192_64_0p5_0p02_0028_0012" 5822
"/Engine/EngineMaterials/Substrate/GLints/dict_16_192_64_0p5_0p02_0028_0013" 5823
"/Engine/EngineMaterials/Substrate/GLints/dict_16_192_64_0p5_0p02_0028_0014" 5824
"/Engine/EngineMaterials/Substrate/GLints/dict_16_192_64_0p5_0p02_0028_0015" 5825
"/Engine/EngineMaterials/Substrate/GLints/dict_16_192_64_0p5_0p02_0029_0000" 5826
"../../../Engine/Content/EngineMaterials/Substrate/GLints/dict_16_192_64_0p5_0p02_0027_0000.uasset" 5827
"../../../Engine/Content/EngineMaterials/Substrate/GLints/dict_16_192_64_0p5_0p02_0026_0015.uasset" 5828
"/Engine/EngineMaterials/Substrate/GLints/dict_16_192_64_0p5_0p02_0027_0001" 5829
"../../../Engine/Content/EngineMaterials/Substrate/GLints/dict_16_192_64_0p5_0p02_0026_0014.uasset" 5830
"../../../Engine/Content/EngineMaterials/Substrate/GLints/dict_16_192_64_0p5_0p02_0026_0012.uasset" 5831
"../../../Engine/Content/EngineMaterials/Substrate/GLints/dict_16_192_64_0p5_0p02_0026_0013.uasset" 5832
"../../../Engine/Content/EngineMaterials/Substrate/GLints/dict_16_192_64_0p5_0p02_0026_0011.uasset" 5833
"../../../Engine/Content/EngineMaterials/Substrate/GLints/dict_16_192_64_0p5_0p02_0026_0009.uasset" 5834
"../../../Engine/Content/EngineMaterials/Substrate/GLints/dict_16_192_64_0p5_0p02_0026_0010.uasset" 5835
"/Engine/EngineMaterials/Substrate/GLints/dict_16_192_64_0p5_0p02_0027_0002" 5836
"../../../Engine/Content/EngineMaterials/Substrate/GLints/dict_16_192_64_0p5_0p02_0026_0008.uasset" 5837
"../../../Engine/Content/EngineMaterials/Substrate/GLints/dict_16_192_64_0p5_0p02_0026_0006.uasset" 5838
"../../../Engine/Content/EngineMaterials/Substrate/GLints/dict_16_192_64_0p5_0p02_0026_0007.uasset" 5839
"../../../Engine/Content/EngineMaterials/Substrate/GLints/dict_16_192_64_0p5_0p02_0026_0005.uasset" 5840
"../../../Engine/Content/EngineMaterials/Substrate/GLints/dict_16_192_64_0p5_0p02_0026_0004.uasset" 5841
"/Engine/EngineMaterials/Substrate/GLints/dict_16_192_64_0p5_0p02_0027_0003" 5842
"../../../Engine/Content/EngineMaterials/Substrate/GLints/dict_16_192_64_0p5_0p02_0026_0002.uasset" 5843
"../../../Engine/Content/EngineMaterials/Substrate/GLints/dict_16_192_64_0p5_0p02_0026_0003.uasset" 5844
"../../../Engine/Content/EngineMaterials/Substrate/GLints/dict_16_192_64_0p5_0p02_0026_0001.uasset" 5845
"../../../Engine/Content/EngineMaterials/Substrate/GLints/dict_16_192_64_0p5_0p02_0026_0000.uasset" 5846
"../../../Engine/Content/EngineMaterials/Substrate/GLints/dict_16_192_64_0p5_0p02_0025_0015.uasset" 5847
"../../../Engine/Content/EngineMaterials/Substrate/GLints/dict_16_192_64_0p5_0p02_0025_0014.uasset" 5848
"/Engine/EngineMaterials/Substrate/GLints/dict_16_192_64_0p5_0p02_0027_0004" 5849
"../../../Engine/Content/EngineMaterials/Substrate/GLints/dict_16_192_64_0p5_0p02_0025_0013.uasset" 5850
"/Engine/EngineMaterials/Substrate/GLints/dict_16_192_64_0p5_0p02_0027_0005" 5851
"/Engine/EngineMaterials/Substrate/GLints/dict_16_192_64_0p5_0p02_0027_0006" 5852
"/Engine/EngineMaterials/Substrate/GLints/dict_16_192_64_0p5_0p02_0027_0007" 5853
"/Engine/EngineMaterials/Substrate/GLints/dict_16_192_64_0p5_0p02_0027_0008" 5854
"/Engine/EngineMaterials/Substrate/GLints/dict_16_192_64_0p5_0p02_0027_0009" 5855
"/Engine/EngineMaterials/Substrate/GLints/dict_16_192_64_0p5_0p02_0027_0010" 5856
"/Engine/EngineMaterials/Substrate/GLints/dict_16_192_64_0p5_0p02_0027_0011" 5857
"/Engine/EngineMaterials/Substrate/GLints/dict_16_192_64_0p5_0p02_0027_0012" 5858
"../../../Engine/Content/EngineMaterials/Substrate/GLints/dict_16_192_64_0p5_0p02_0025_0012.uasset" 5859
"../../../Engine/Content/EngineMaterials/Substrate/GLints/dict_16_192_64_0p5_0p02_0025_0011.uasset" 5860
"/Engine/EngineMaterials/Substrate/GLints/dict_16_192_64_0p5_0p02_0025_0013" 5861
"../../../Engine/Content/EngineMaterials/Substrate/GLints/dict_16_192_64_0p5_0p02_0025_0010.uasset" 5862
"../../../Engine/Content/EngineMaterials/Substrate/GLints/dict_16_192_64_0p5_0p02_0025_0009.uasset" 5863
"../../../Engine/Content/EngineMaterials/Substrate/GLints/dict_16_192_64_0p5_0p02_0025_0008.uasset" 5864
"../../../Engine/Content/EngineMaterials/Substrate/GLints/dict_16_192_64_0p5_0p02_0025_0007.uasset" 5865
"../../../Engine/Content/EngineMaterials/Substrate/GLints/dict_16_192_64_0p5_0p02_0025_0006.uasset" 5866
"/Engine/EngineMaterials/Substrate/GLints/dict_16_192_64_0p5_0p02_0025_0014" 5867
"../../../Engine/Content/EngineMaterials/Substrate/GLints/dict_16_192_64_0p5_0p02_0025_0004.uasset" 5868
"../../../Engine/Content/EngineMaterials/Substrate/GLints/dict_16_192_64_0p5_0p02_0025_0005.uasset" 5869
"../../../Engine/Content/EngineMaterials/Substrate/GLints/dict_16_192_64_0p5_0p02_0025_0003.uasset" 5870
"../../../Engine/Content/EngineMaterials/Substrate/GLints/dict_16_192_64_0p5_0p02_0025_0002.uasset" 5871
"../../../Engine/Content/EngineMaterials/Substrate/GLints/dict_16_192_64_0p5_0p02_0025_0001.uasset" 5872
"/Engine/EngineMaterials/Substrate/GLints/dict_16_192_64_0p5_0p02_0025_0015" 5873
"/Engine/EngineMaterials/Substrate/GLints/dict_16_192_64_0p5_0p02_0026_0000" 5874
"/Engine/EngineMaterials/Substrate/GLints/dict_16_192_64_0p5_0p02_0026_0001" 5875
"/Engine/EngineMaterials/Substrate/GLints/dict_16_192_64_0p5_0p02_0026_0002" 5876
"/Engine/EngineMaterials/Substrate/GLints/dict_16_192_64_0p5_0p02_0026_0003" 5877
"/Engine/EngineMaterials/Substrate/GLints/dict_16_192_64_0p5_0p02_0026_0004" 5878
"/Engine/EngineMaterials/Substrate/GLints/dict_16_192_64_0p5_0p02_0026_0005" 5879
"/Engine/EngineMaterials/Substrate/GLints/dict_16_192_64_0p5_0p02_0026_0006" 5880
"/Engine/EngineMaterials/Substrate/GLints/dict_16_192_64_0p5_0p02_0026_0007" 5881
"/Engine/EngineMaterials/Substrate/GLints/dict_16_192_64_0p5_0p02_0026_0008" 5882
"/Engine/EngineMaterials/Substrate/GLints/dict_16_192_64_0p5_0p02_0026_0009" 5883
"/Engine/EngineMaterials/Substrate/GLints/dict_16_192_64_0p5_0p02_0026_0010" 5884
"/Engine/EngineMaterials/Substrate/GLints/dict_16_192_64_0p5_0p02_0026_0011" 5885
"/Engine/EngineMaterials/Substrate/GLints/dict_16_192_64_0p5_0p02_0026_0012" 5886
"/Engine/EngineMaterials/Substrate/GLints/dict_16_192_64_0p5_0p02_0026_0013" 5887
"/Engine/EngineMaterials/Substrate/GLints/dict_16_192_64_0p5_0p02_0026_0014" 5888
"/Engine/EngineMaterials/Substrate/GLints/dict_16_192_64_0p5_0p02_0026_0015" 5889
"/Engine/EngineMaterials/Substrate/GLints/dict_16_192_64_0p5_0p02_0027_0000" 5890
"../../../Engine/Content/EngineMaterials/Substrate/GLints/dict_16_192_64_0p5_0p02_0024_0015.uasset" 5891
"../../../Engine/Content/EngineMaterials/Substrate/GLints/dict_16_192_64_0p5_0p02_0025_0000.uasset" 5892
"/Engine/EngineMaterials/Substrate/GLints/dict_16_192_64_0p5_0p02_0025_0001" 5893
"../../../Engine/Content/EngineMaterials/Substrate/GLints/dict_16_192_64_0p5_0p02_0024_0014.uasset" 5894
"../../../Engine/Content/EngineMaterials/Substrate/GLints/dict_16_192_64_0p5_0p02_0024_0013.uasset" 5895
"../../../Engine/Content/EngineMaterials/Substrate/GLints/dict_16_192_64_0p5_0p02_0024_0012.uasset" 5896
"/Engine/EngineMaterials/Substrate/GLints/dict_16_192_64_0p5_0p02_0025_0002" 5897
"../../../Engine/Content/EngineMaterials/Substrate/GLints/dict_16_192_64_0p5_0p02_0024_0011.uasset" 5898
"../../../Engine/Content/EngineMaterials/Substrate/GLints/dict_16_192_64_0p5_0p02_0024_0010.uasset" 5899
"../../../Engine/Content/EngineMaterials/Substrate/GLints/dict_16_192_64_0p5_0p02_0024_0009.uasset" 5900
"../../../Engine/Content/EngineMaterials/Substrate/GLints/dict_16_192_64_0p5_0p02_0024_0008.uasset" 5901
"/Engine/EngineMaterials/Substrate/GLints/dict_16_192_64_0p5_0p02_0025_0003" 5902
"../../../Engine/Content/EngineMaterials/Substrate/GLints/dict_16_192_64_0p5_0p02_0024_0007.uasset" 5903
"../../../Engine/Content/EngineMaterials/Substrate/GLints/dict_16_192_64_0p5_0p02_0024_0006.uasset" 5904
"../../../Engine/Content/EngineMaterials/Substrate/GLints/dict_16_192_64_0p5_0p02_0024_0005.uasset" 5905
"../../../Engine/Content/EngineMaterials/Substrate/GLints/dict_16_192_64_0p5_0p02_0024_0004.uasset" 5906
"../../../Engine/Content/EngineMaterials/Substrate/GLints/dict_16_192_64_0p5_0p02_0024_0003.uasset" 5907
"/Engine/EngineMaterials/Substrate/GLints/dict_16_192_64_0p5_0p02_0025_0004" 5908
"../../../Engine/Content/EngineMaterials/Substrate/GLints/dict_16_192_64_0p5_0p02_0024_0002.uasset" 5909
"../../../Engine/Content/EngineMaterials/Substrate/GLints/dict_16_192_64_0p5_0p02_0024_0001.uasset" 5910
"../../../Engine/Content/EngineMaterials/Substrate/GLints/dict_16_192_64_0p5_0p02_0024_0000.uasset" 5911
"../../../Engine/Content/EngineMaterials/Substrate/GLints/dict_16_192_64_0p5_0p02_0023_0015.uasset" 5912
"/Engine/EngineMaterials/Substrate/GLints/dict_16_192_64_0p5_0p02_0025_0005" 5913
"../../../Engine/Content/EngineMaterials/Substrate/GLints/dict_16_192_64_0p5_0p02_0023_0014.uasset" 5914
"../../../Engine/Content/EngineMaterials/Substrate/GLints/dict_16_192_64_0p5_0p02_0023_0013.uasset" 5915
"/Engine/EngineMaterials/Substrate/GLints/dict_16_192_64_0p5_0p02_0025_0006" 5916
"/Engine/EngineMaterials/Substrate/GLints/dict_16_192_64_0p5_0p02_0025_0007" 5917
"/Engine/EngineMaterials/Substrate/GLints/dict_16_192_64_0p5_0p02_0025_0008" 5918
"/Engine/EngineMaterials/Substrate/GLints/dict_16_192_64_0p5_0p02_0025_0009" 5919
"/Engine/EngineMaterials/Substrate/GLints/dict_16_192_64_0p5_0p02_0025_0010" 5920
"/Engine/EngineMaterials/Substrate/GLints/dict_16_192_64_0p5_0p02_0025_0011" 5921
"/Engine/EngineMaterials/Substrate/GLints/dict_16_192_64_0p5_0p02_0025_0012" 5922
"../../../Engine/Content/EngineMaterials/Substrate/GLints/dict_16_192_64_0p5_0p02_0023_0012.uasset" 5923
"../../../Engine/Content/EngineMaterials/Substrate/GLints/dict_16_192_64_0p5_0p02_0023_0011.uasset" 5924
"/Engine/EngineMaterials/Substrate/GLints/dict_16_192_64_0p5_0p02_0023_0013" 5925
"../../../Engine/Content/EngineMaterials/Substrate/GLints/dict_16_192_64_0p5_0p02_0023_0010.uasset" 5926
"../../../Engine/Content/EngineMaterials/Substrate/GLints/dict_16_192_64_0p5_0p02_0023_0009.uasset" 5927
"../../../Engine/Content/EngineMaterials/Substrate/GLints/dict_16_192_64_0p5_0p02_0023_0008.uasset" 5928
"../../../Engine/Content/EngineMaterials/Substrate/GLints/dict_16_192_64_0p5_0p02_0023_0007.uasset" 5929
"../../../Engine/Content/EngineMaterials/Substrate/GLints/dict_16_192_64_0p5_0p02_0023_0005.uasset" 5930
"../../../Engine/Content/EngineMaterials/Substrate/GLints/dict_16_192_64_0p5_0p02_0023_0006.uasset" 5931
"/Engine/EngineMaterials/Substrate/GLints/dict_16_192_64_0p5_0p02_0023_0014" 5932
"../../../Engine/Content/EngineMaterials/Substrate/GLints/dict_16_192_64_0p5_0p02_0023_0004.uasset" 5933
"../../../Engine/Content/EngineMaterials/Substrate/GLints/dict_16_192_64_0p5_0p02_0023_0002.uasset" 5934
"../../../Engine/Content/EngineMaterials/Substrate/GLints/dict_16_192_64_0p5_0p02_0023_0003.uasset" 5935
"../../../Engine/Content/EngineMaterials/Substrate/GLints/dict_16_192_64_0p5_0p02_0023_0001.uasset" 5936
"/Engine/EngineMaterials/Substrate/GLints/dict_16_192_64_0p5_0p02_0023_0015" 5937
"/Engine/EngineMaterials/Substrate/GLints/dict_16_192_64_0p5_0p02_0024_0000" 5938
"/Engine/EngineMaterials/Substrate/GLints/dict_16_192_64_0p5_0p02_0024_0001" 5939
"/Engine/EngineMaterials/Substrate/GLints/dict_16_192_64_0p5_0p02_0024_0002" 5940
"/Engine/EngineMaterials/Substrate/GLints/dict_16_192_64_0p5_0p02_0024_0003" 5941
"/Engine/EngineMaterials/Substrate/GLints/dict_16_192_64_0p5_0p02_0024_0004" 5942
"/Engine/EngineMaterials/Substrate/GLints/dict_16_192_64_0p5_0p02_0024_0005" 5943
"/Engine/EngineMaterials/Substrate/GLints/dict_16_192_64_0p5_0p02_0024_0006" 5944
"/Engine/EngineMaterials/Substrate/GLints/dict_16_192_64_0p5_0p02_0024_0007" 5945
"/Engine/EngineMaterials/Substrate/GLints/dict_16_192_64_0p5_0p02_0024_0008" 5946
"/Engine/EngineMaterials/Substrate/GLints/dict_16_192_64_0p5_0p02_0024_0009" 5947
"/Engine/EngineMaterials/Substrate/GLints/dict_16_192_64_0p5_0p02_0024_0010" 5948
"/Engine/EngineMaterials/Substrate/GLints/dict_16_192_64_0p5_0p02_0024_0011" 5949
"/Engine/EngineMaterials/Substrate/GLints/dict_16_192_64_0p5_0p02_0024_0012" 5950
"/Engine/EngineMaterials/Substrate/GLints/dict_16_192_64_0p5_0p02_0024_0013" 5951
"/Engine/EngineMaterials/Substrate/GLints/dict_16_192_64_0p5_0p02_0024_0014" 5952
"/Engine/EngineMaterials/Substrate/GLints/dict_16_192_64_0p5_0p02_0024_0015" 5953
"/Engine/EngineMaterials/Substrate/GLints/dict_16_192_64_0p5_0p02_0025_0000" 5954
"../../../Engine/Content/EngineMaterials/Substrate/GLints/dict_16_192_64_0p5_0p02_0023_0000.uasset" 5955
"../../../Engine/Content/EngineMaterials/Substrate/GLints/dict_16_192_64_0p5_0p02_0022_0015.uasset" 5956
"/Engine/EngineMaterials/Substrate/GLints/dict_16_192_64_0p5_0p02_0023_0001" 5957
"../../../Engine/Content/EngineMaterials/Substrate/GLints/dict_16_192_64_0p5_0p02_0022_0014.uasset" 5958
"../../../Engine/Content/EngineMaterials/Substrate/GLints/dict_16_192_64_0p5_0p02_0022_0013.uasset" 5959
"../../../Engine/Content/EngineMaterials/Substrate/GLints/dict_16_192_64_0p5_0p02_0022_0012.uasset" 5960
"../../../Engine/Content/EngineMaterials/Substrate/GLints/dict_16_192_64_0p5_0p02_0022_0011.uasset" 5961
"../../../Engine/Content/EngineMaterials/Substrate/GLints/dict_16_192_64_0p5_0p02_0022_0010.uasset" 5962
"../../../Engine/Content/EngineMaterials/Substrate/GLints/dict_16_192_64_0p5_0p02_0022_0009.uasset" 5963
"/Engine/EngineMaterials/Substrate/GLints/dict_16_192_64_0p5_0p02_0023_0002" 5964
"../../../Engine/Content/EngineMaterials/Substrate/GLints/dict_16_192_64_0p5_0p02_0022_0008.uasset" 5965
"../../../Engine/Content/EngineMaterials/Substrate/GLints/dict_16_192_64_0p5_0p02_0022_0007.uasset" 5966
"../../../Engine/Content/EngineMaterials/Substrate/GLints/dict_16_192_64_0p5_0p02_0022_0006.uasset" 5967
"../../../Engine/Content/EngineMaterials/Substrate/GLints/dict_16_192_64_0p5_0p02_0022_0005.uasset" 5968
"../../../Engine/Content/EngineMaterials/Substrate/GLints/dict_16_192_64_0p5_0p02_0022_0004.uasset" 5969
"../../../Engine/Content/EngineMaterials/Substrate/GLints/dict_16_192_64_0p5_0p02_0022_0003.uasset" 5970
"../../../Engine/Content/EngineMaterials/Substrate/GLints/dict_16_192_64_0p5_0p02_0022_0002.uasset" 5971
"../../../Engine/Content/EngineMaterials/Substrate/GLints/dict_16_192_64_0p5_0p02_0022_0001.uasset" 5972
"../../../Engine/Content/EngineMaterials/Substrate/GLints/dict_16_192_64_0p5_0p02_0022_0000.uasset" 5973
"../../../Engine/Content/EngineMaterials/Substrate/GLints/dict_16_192_64_0p5_0p02_0021_0015.uasset" 5974
"../../../Engine/Content/EngineMaterials/Substrate/GLints/dict_16_192_64_0p5_0p02_0021_0014.uasset" 5975
"../../../Engine/Content/EngineMaterials/Substrate/GLints/dict_16_192_64_0p5_0p02_0021_0013.uasset" 5976
"/Engine/EngineMaterials/Substrate/GLints/dict_16_192_64_0p5_0p02_0023_0003" 5977
"/Engine/EngineMaterials/Substrate/GLints/dict_16_192_64_0p5_0p02_0023_0004" 5978
"/Engine/EngineMaterials/Substrate/GLints/dict_16_192_64_0p5_0p02_0023_0005" 5979
"/Engine/EngineMaterials/Substrate/GLints/dict_16_192_64_0p5_0p02_0023_0006" 5980
"/Engine/EngineMaterials/Substrate/GLints/dict_16_192_64_0p5_0p02_0023_0007" 5981
"/Engine/EngineMaterials/Substrate/GLints/dict_16_192_64_0p5_0p02_0023_0008" 5982
"/Engine/EngineMaterials/Substrate/GLints/dict_16_192_64_0p5_0p02_0023_0009" 5983
"/Engine/EngineMaterials/Substrate/GLints/dict_16_192_64_0p5_0p02_0023_0010" 5984
"/Engine/EngineMaterials/Substrate/GLints/dict_16_192_64_0p5_0p02_0023_0011" 5985
"/Engine/EngineMaterials/Substrate/GLints/dict_16_192_64_0p5_0p02_0023_0012" 5986
"../../../Engine/Content/EngineMaterials/Substrate/GLints/dict_16_192_64_0p5_0p02_0021_0011.uasset" 5987
"../../../Engine/Content/EngineMaterials/Substrate/GLints/dict_16_192_64_0p5_0p02_0021_0012.uasset" 5988
"../../../Engine/Content/EngineMaterials/Substrate/GLints/dict_16_192_64_0p5_0p02_0021_0010.uasset" 5989
"../../../Engine/Content/EngineMaterials/Substrate/GLints/dict_16_192_64_0p5_0p02_0021_0009.uasset" 5990
"../../../Engine/Content/EngineMaterials/Substrate/GLints/dict_16_192_64_0p5_0p02_0021_0008.uasset" 5991
"../../../Engine/Content/EngineMaterials/Substrate/GLints/dict_16_192_64_0p5_0p02_0021_0007.uasset" 5992
"/Engine/EngineMaterials/Substrate/GLints/dict_16_192_64_0p5_0p02_0021_0013" 5993
"../../../Engine/Content/EngineMaterials/Substrate/GLints/dict_16_192_64_0p5_0p02_0021_0005.uasset" 5994
"../../../Engine/Content/EngineMaterials/Substrate/GLints/dict_16_192_64_0p5_0p02_0021_0006.uasset" 5995
"../../../Engine/Content/EngineMaterials/Substrate/GLints/dict_16_192_64_0p5_0p02_0021_0003.uasset" 5996
"../../../Engine/Content/EngineMaterials/Substrate/GLints/dict_16_192_64_0p5_0p02_0021_0004.uasset" 5997
"../../../Engine/Content/EngineMaterials/Substrate/GLints/dict_16_192_64_0p5_0p02_0021_0002.uasset" 5998
"../../../Engine/Content/EngineMaterials/Substrate/GLints/dict_16_192_64_0p5_0p02_0021_0001.uasset" 5999
"/Engine/EngineMaterials/Substrate/GLints/dict_16_192_64_0p5_0p02_0021_0014" 6000
"/Engine/EngineMaterials/Substrate/GLints/dict_16_192_64_0p5_0p02_0021_0015" 6001
"/Engine/EngineMaterials/Substrate/GLints/dict_16_192_64_0p5_0p02_0022_0000" 6002
"/Engine/EngineMaterials/Substrate/GLints/dict_16_192_64_0p5_0p02_0022_0001" 6003
"/Engine/EngineMaterials/Substrate/GLints/dict_16_192_64_0p5_0p02_0022_0002" 6004
"/Engine/EngineMaterials/Substrate/GLints/dict_16_192_64_0p5_0p02_0022_0003" 6005
"/Engine/EngineMaterials/Substrate/GLints/dict_16_192_64_0p5_0p02_0022_0004" 6006
"/Engine/EngineMaterials/Substrate/GLints/dict_16_192_64_0p5_0p02_0022_0005" 6007
"/Engine/EngineMaterials/Substrate/GLints/dict_16_192_64_0p5_0p02_0022_0006" 6008
"/Engine/EngineMaterials/Substrate/GLints/dict_16_192_64_0p5_0p02_0022_0007" 6009
"/Engine/EngineMaterials/Substrate/GLints/dict_16_192_64_0p5_0p02_0022_0008" 6010
"/Engine/EngineMaterials/Substrate/GLints/dict_16_192_64_0p5_0p02_0022_0009" 6011
"/Engine/EngineMaterials/Substrate/GLints/dict_16_192_64_0p5_0p02_0022_0010" 6012
"/Engine/EngineMaterials/Substrate/GLints/dict_16_192_64_0p5_0p02_0021_0011" 6013
"/Engine/EngineMaterials/Substrate/GLints/dict_16_192_64_0p5_0p02_0021_0012" 6014
"/Engine/EngineMaterials/Substrate/GLints/dict_16_192_64_0p5_0p02_0022_0011" 6015
"/Engine/EngineMaterials/Substrate/GLints/dict_16_192_64_0p5_0p02_0022_0012" 6016
"/Engine/EngineMaterials/Substrate/GLints/dict_16_192_64_0p5_0p02_0022_0013" 6017
"/Engine/EngineMaterials/Substrate/GLints/dict_16_192_64_0p5_0p02_0022_0014" 6018
"/Engine/EngineMaterials/Substrate/GLints/dict_16_192_64_0p5_0p02_0022_0015" 6019
"/Engine/EngineMaterials/Substrate/GLints/dict_16_192_64_0p5_0p02_0023_0000" 6020
"../../../Engine/Content/EngineMaterials/Substrate/GLints/dict_16_192_64_0p5_0p02_0020_0015.uasset" 6021
"../../../Engine/Content/EngineMaterials/Substrate/GLints/dict_16_192_64_0p5_0p02_0021_0000.uasset" 6022
"/Engine/EngineMaterials/Substrate/GLints/dict_16_192_64_0p5_0p02_0021_0001" 6023
"../../../Engine/Content/EngineMaterials/Substrate/GLints/dict_16_192_64_0p5_0p02_0020_0013.uasset" 6024
"../../../Engine/Content/EngineMaterials/Substrate/GLints/dict_16_192_64_0p5_0p02_0020_0012.uasset" 6025
"../../../Engine/Content/EngineMaterials/Substrate/GLints/dict_16_192_64_0p5_0p02_0020_0011.uasset" 6026
"../../../Engine/Content/EngineMaterials/Substrate/GLints/dict_16_192_64_0p5_0p02_0020_0010.uasset" 6027
"../../../Engine/Content/EngineMaterials/Substrate/GLints/dict_16_192_64_0p5_0p02_0020_0009.uasset" 6028
"/Engine/EngineMaterials/Substrate/GLints/dict_16_192_64_0p5_0p02_0021_0002" 6029
"../../../Engine/Content/EngineMaterials/Substrate/GLints/dict_16_192_64_0p5_0p02_0020_0008.uasset" 6030
"../../../Engine/Content/EngineMaterials/Substrate/GLints/dict_16_192_64_0p5_0p02_0020_0007.uasset" 6031
"../../../Engine/Content/EngineMaterials/Substrate/GLints/dict_16_192_64_0p5_0p02_0020_0006.uasset" 6032
"../../../Engine/Content/EngineMaterials/Substrate/GLints/dict_16_192_64_0p5_0p02_0020_0005.uasset" 6033
"../../../Engine/Content/EngineMaterials/Substrate/GLints/dict_16_192_64_0p5_0p02_0020_0004.uasset" 6034
"/Engine/EngineMaterials/Substrate/GLints/dict_16_192_64_0p5_0p02_0021_0003" 6035
"../../../Engine/Content/EngineMaterials/Substrate/GLints/dict_16_192_64_0p5_0p02_0020_0003.uasset" 6036
"../../../Engine/Content/EngineMaterials/Substrate/GLints/dict_16_192_64_0p5_0p02_0020_0002.uasset" 6037
"../../../Engine/Content/EngineMaterials/Substrate/GLints/dict_16_192_64_0p5_0p02_0020_0014.uasset" 6038
"../../../Engine/Content/EngineMaterials/Substrate/GLints/dict_16_192_64_0p5_0p02_0020_0001.uasset" 6039
"../../../Engine/Content/EngineMaterials/Substrate/GLints/dict_16_192_64_0p5_0p02_0020_0000.uasset" 6040
"../../../Engine/Content/EngineMaterials/Substrate/GLints/dict_16_192_64_0p5_0p02_0019_0015.uasset" 6041
"../../../Engine/Content/EngineMaterials/Substrate/GLints/dict_16_192_64_0p5_0p02_0019_0014.uasset" 6042
"/Engine/EngineMaterials/Substrate/GLints/dict_16_192_64_0p5_0p02_0021_0004" 6043
"../../../Engine/Content/EngineMaterials/Substrate/GLints/dict_16_192_64_0p5_0p02_0019_0013.uasset" 6044
"../../../Engine/Content/EngineMaterials/Substrate/GLints/dict_16_192_64_0p5_0p02_0019_0011.uasset" 6045
"/Engine/EngineMaterials/Substrate/GLints/dict_16_192_64_0p5_0p02_0021_0005" 6046
"/Engine/EngineMaterials/Substrate/GLints/dict_16_192_64_0p5_0p02_0021_0006" 6047
"../../../Engine/Content/EngineMaterials/Substrate/GLints/dict_16_192_64_0p5_0p02_0019_0012.uasset" 6048
"/Engine/EngineMaterials/Substrate/GLints/dict_16_192_64_0p5_0p02_0021_0007" 6049
"/Engine/EngineMaterials/Substrate/GLints/dict_16_192_64_0p5_0p02_0021_0008" 6050
"/Engine/EngineMaterials/Substrate/GLints/dict_16_192_64_0p5_0p02_0021_0009" 6051
"/Engine/EngineMaterials/Substrate/GLints/dict_16_192_64_0p5_0p02_0021_0010" 6052
"../../../Engine/Content/EngineMaterials/Substrate/GLints/dict_16_192_64_0p5_0p02_0019_0010.uasset" 6053
"../../../Engine/Content/EngineMaterials/Substrate/GLints/dict_16_192_64_0p5_0p02_0019_0009.uasset" 6054
"/Engine/EngineMaterials/Substrate/GLints/dict_16_192_64_0p5_0p02_0019_0011" 6055
"../../../Engine/Content/EngineMaterials/Substrate/GLints/dict_16_192_64_0p5_0p02_0019_0008.uasset" 6056
"../../../Engine/Content/EngineMaterials/Substrate/GLints/dict_16_192_64_0p5_0p02_0019_0007.uasset" 6057
"../../../Engine/Content/EngineMaterials/Substrate/GLints/dict_16_192_64_0p5_0p02_0019_0006.uasset" 6058
"../../../Engine/Content/EngineMaterials/Substrate/GLints/dict_16_192_64_0p5_0p02_0019_0005.uasset" 6059
"../../../Engine/Content/EngineMaterials/Substrate/GLints/dict_16_192_64_0p5_0p02_0019_0003.uasset" 6060
"../../../Engine/Content/EngineMaterials/Substrate/GLints/dict_16_192_64_0p5_0p02_0019_0004.uasset" 6061
"../../../Engine/Content/EngineMaterials/Substrate/GLints/dict_16_192_64_0p5_0p02_0019_0002.uasset" 6062
"/Engine/EngineMaterials/Substrate/GLints/dict_16_192_64_0p5_0p02_0019_0012" 6063
"../../../Engine/Content/EngineMaterials/Substrate/GLints/dict_16_192_64_0p5_0p02_0019_0001.uasset" 6064
"/Engine/EngineMaterials/Substrate/GLints/dict_16_192_64_0p5_0p02_0019_0013" 6065
"/Engine/EngineMaterials/Substrate/GLints/dict_16_192_64_0p5_0p02_0019_0014" 6066
"/Engine/EngineMaterials/Substrate/GLints/dict_16_192_64_0p5_0p02_0019_0015" 6067
"/Engine/EngineMaterials/Substrate/GLints/dict_16_192_64_0p5_0p02_0020_0000" 6068
"/Engine/EngineMaterials/Substrate/GLints/dict_16_192_64_0p5_0p02_0020_0001" 6069
"/Engine/EngineMaterials/Substrate/GLints/dict_16_192_64_0p5_0p02_0020_0002" 6070
"/Engine/EngineMaterials/Substrate/GLints/dict_16_192_64_0p5_0p02_0020_0003" 6071
"/Engine/EngineMaterials/Substrate/GLints/dict_16_192_64_0p5_0p02_0020_0004" 6072
"/Engine/EngineMaterials/Substrate/GLints/dict_16_192_64_0p5_0p02_0020_0005" 6073
"/Engine/EngineMaterials/Substrate/GLints/dict_16_192_64_0p5_0p02_0020_0006" 6074
"/Engine/EngineMaterials/Substrate/GLints/dict_16_192_64_0p5_0p02_0020_0007" 6075
"/Engine/EngineMaterials/Substrate/GLints/dict_16_192_64_0p5_0p02_0020_0008" 6076
"/Engine/EngineMaterials/Substrate/GLints/dict_16_192_64_0p5_0p02_0020_0009" 6077
"/Engine/EngineMaterials/Substrate/GLints/dict_16_192_64_0p5_0p02_0020_0010" 6078
"/Engine/EngineMaterials/Substrate/GLints/dict_16_192_64_0p5_0p02_0020_0011" 6079
"/Engine/EngineMaterials/Substrate/GLints/dict_16_192_64_0p5_0p02_0020_0012" 6080
"/Engine/EngineMaterials/Substrate/GLints/dict_16_192_64_0p5_0p02_0020_0013" 6081
"/Engine/EngineMaterials/Substrate/GLints/dict_16_192_64_0p5_0p02_0020_0014" 6082
"/Engine/EngineMaterials/Substrate/GLints/dict_16_192_64_0p5_0p02_0020_0015" 6083
"/Engine/EngineMaterials/Substrate/GLints/dict_16_192_64_0p5_0p02_0021_0000" 6084
"../../../Engine/Content/EngineMaterials/Substrate/GLints/dict_16_192_64_0p5_0p02_0019_0000.uasset" 6085
"../../../Engine/Content/EngineMaterials/Substrate/GLints/dict_16_192_64_0p5_0p02_0018_0015.uasset" 6086
"/Engine/EngineMaterials/Substrate/GLints/dict_16_192_64_0p5_0p02_0019_0001" 6087
"../../../Engine/Content/EngineMaterials/Substrate/GLints/dict_16_192_64_0p5_0p02_0018_0014.uasset" 6088
"../../../Engine/Content/EngineMaterials/Substrate/GLints/dict_16_192_64_0p5_0p02_0018_0013.uasset" 6089
"../../../Engine/Content/EngineMaterials/Substrate/GLints/dict_16_192_64_0p5_0p02_0018_0012.uasset" 6090
"../../../Engine/Content/EngineMaterials/Substrate/GLints/dict_16_192_64_0p5_0p02_0018_0011.uasset" 6091
"../../../Engine/Content/EngineMaterials/Substrate/GLints/dict_16_192_64_0p5_0p02_0018_0010.uasset" 6092
"../../../Engine/Content/EngineMaterials/Substrate/GLints/dict_16_192_64_0p5_0p02_0018_0009.uasset" 6093
"../../../Engine/Content/EngineMaterials/Substrate/GLints/dict_16_192_64_0p5_0p02_0018_0008.uasset" 6094
"../../../Engine/Content/EngineMaterials/Substrate/GLints/dict_16_192_64_0p5_0p02_0018_0007.uasset" 6095
"../../../Engine/Content/EngineMaterials/Substrate/GLints/dict_16_192_64_0p5_0p02_0018_0006.uasset" 6096
"/Engine/EngineMaterials/Substrate/GLints/dict_16_192_64_0p5_0p02_0019_0002" 6097
"../../../Engine/Content/EngineMaterials/Substrate/GLints/dict_16_192_64_0p5_0p02_0018_0005.uasset" 6098
"../../../Engine/Content/EngineMaterials/Substrate/GLints/dict_16_192_64_0p5_0p02_0018_0004.uasset" 6099
"../../../Engine/Content/EngineMaterials/Substrate/GLints/dict_16_192_64_0p5_0p02_0018_0003.uasset" 6100
"../../../Engine/Content/EngineMaterials/Substrate/GLints/dict_16_192_64_0p5_0p02_0018_0002.uasset" 6101
"../../../Engine/Content/EngineMaterials/Substrate/GLints/dict_16_192_64_0p5_0p02_0018_0001.uasset" 6102
"../../../Engine/Content/EngineMaterials/Substrate/GLints/dict_16_192_64_0p5_0p02_0018_0000.uasset" 6103
"../../../Engine/Content/EngineMaterials/Substrate/GLints/dict_16_192_64_0p5_0p02_0017_0015.uasset" 6104
"../../../Engine/Content/EngineMaterials/Substrate/GLints/dict_16_192_64_0p5_0p02_0017_0014.uasset" 6105
"/Engine/EngineMaterials/Substrate/GLints/dict_16_192_64_0p5_0p02_0019_0003" 6106
"../../../Engine/Content/EngineMaterials/Substrate/GLints/dict_16_192_64_0p5_0p02_0017_0013.uasset" 6107
"../../../Engine/Content/EngineMaterials/Substrate/GLints/dict_16_192_64_0p5_0p02_0017_0012.uasset" 6108
"../../../Engine/Content/EngineMaterials/Substrate/GLints/dict_16_192_64_0p5_0p02_0017_0011.uasset" 6109
"/Engine/EngineMaterials/Substrate/GLints/dict_16_192_64_0p5_0p02_0019_0004" 6110
"/Engine/EngineMaterials/Substrate/GLints/dict_16_192_64_0p5_0p02_0019_0005" 6111
"/Engine/EngineMaterials/Substrate/GLints/dict_16_192_64_0p5_0p02_0019_0006" 6112
"/Engine/EngineMaterials/Substrate/GLints/dict_16_192_64_0p5_0p02_0019_0007" 6113
"/Engine/EngineMaterials/Substrate/GLints/dict_16_192_64_0p5_0p02_0019_0008" 6114
"/Engine/EngineMaterials/Substrate/GLints/dict_16_192_64_0p5_0p02_0019_0009" 6115
"/Engine/EngineMaterials/Substrate/GLints/dict_16_192_64_0p5_0p02_0019_0010" 6116
"../../../Engine/Content/EngineMaterials/Substrate/GLints/dict_16_192_64_0p5_0p02_0017_0009.uasset" 6117
"../../../Engine/Content/EngineMaterials/Substrate/GLints/dict_16_192_64_0p5_0p02_0017_0010.uasset" 6118
"/Engine/EngineMaterials/Substrate/GLints/dict_16_192_64_0p5_0p02_0017_0011" 6119
"../../../Engine/Content/EngineMaterials/Substrate/GLints/dict_16_192_64_0p5_0p02_0017_0008.uasset" 6120
"../../../Engine/Content/EngineMaterials/Substrate/GLints/dict_16_192_64_0p5_0p02_0017_0007.uasset" 6121
"../../../Engine/Content/EngineMaterials/Substrate/GLints/dict_16_192_64_0p5_0p02_0017_0006.uasset" 6122
"../../../Engine/Content/EngineMaterials/Substrate/GLints/dict_16_192_64_0p5_0p02_0017_0005.uasset" 6123
"../../../Engine/Content/EngineMaterials/Substrate/GLints/dict_16_192_64_0p5_0p02_0017_0004.uasset" 6124
"../../../Engine/Content/EngineMaterials/Substrate/GLints/dict_16_192_64_0p5_0p02_0017_0003.uasset" 6125
"/Engine/EngineMaterials/Substrate/GLints/dict_16_192_64_0p5_0p02_0017_0012" 6126
"../../../Engine/Content/EngineMaterials/Substrate/GLints/dict_16_192_64_0p5_0p02_0017_0002.uasset" 6127
"../../../Engine/Content/EngineMaterials/Substrate/GLints/dict_16_192_64_0p5_0p02_0017_0001.uasset" 6128
"/Engine/EngineMaterials/Substrate/GLints/dict_16_192_64_0p5_0p02_0017_0013" 6129
"/Engine/EngineMaterials/Substrate/GLints/dict_16_192_64_0p5_0p02_0017_0014" 6130
"/Engine/EngineMaterials/Substrate/GLints/dict_16_192_64_0p5_0p02_0017_0015" 6131
"/Engine/EngineMaterials/Substrate/GLints/dict_16_192_64_0p5_0p02_0018_0000" 6132
"/Engine/EngineMaterials/Substrate/GLints/dict_16_192_64_0p5_0p02_0018_0001" 6133
"/Engine/EngineMaterials/Substrate/GLints/dict_16_192_64_0p5_0p02_0018_0002" 6134
"/Engine/EngineMaterials/Substrate/GLints/dict_16_192_64_0p5_0p02_0018_0003" 6135
"/Engine/EngineMaterials/Substrate/GLints/dict_16_192_64_0p5_0p02_0018_0004" 6136
"/Engine/EngineMaterials/Substrate/GLints/dict_16_192_64_0p5_0p02_0018_0005" 6137
"/Engine/EngineMaterials/Substrate/GLints/dict_16_192_64_0p5_0p02_0018_0006" 6138
"/Engine/EngineMaterials/Substrate/GLints/dict_16_192_64_0p5_0p02_0018_0007" 6139
"/Engine/EngineMaterials/Substrate/GLints/dict_16_192_64_0p5_0p02_0018_0008" 6140
"/Engine/EngineMaterials/Substrate/GLints/dict_16_192_64_0p5_0p02_0018_0009" 6141
"/Engine/EngineMaterials/Substrate/GLints/dict_16_192_64_0p5_0p02_0018_0010" 6142
"/Engine/EngineMaterials/Substrate/GLints/dict_16_192_64_0p5_0p02_0018_0011" 6143
"/Engine/EngineMaterials/Substrate/GLints/dict_16_192_64_0p5_0p02_0018_0012" 6144
"/Engine/EngineMaterials/Substrate/GLints/dict_16_192_64_0p5_0p02_0018_0013" 6145
"/Engine/EngineMaterials/Substrate/GLints/dict_16_192_64_0p5_0p02_0018_0014" 6146
"/Engine/EngineMaterials/Substrate/GLints/dict_16_192_64_0p5_0p02_0018_0015" 6147
"/Engine/EngineMaterials/Substrate/GLints/dict_16_192_64_0p5_0p02_0019_0000" 6148
"../../../Engine/Content/EngineMaterials/Substrate/GLints/dict_16_192_64_0p5_0p02_0017_0000.uasset" 6149
"../../../Engine/Content/EngineMaterials/Substrate/GLints/dict_16_192_64_0p5_0p02_0016_0015.uasset" 6150
"/Engine/EngineMaterials/Substrate/GLints/dict_16_192_64_0p5_0p02_0017_0001" 6151
"../../../Engine/Content/EngineMaterials/Substrate/GLints/dict_16_192_64_0p5_0p02_0016_0014.uasset" 6152
"../../../Engine/Content/EngineMaterials/Substrate/GLints/dict_16_192_64_0p5_0p02_0016_0013.uasset" 6153
"../../../Engine/Content/EngineMaterials/Substrate/GLints/dict_16_192_64_0p5_0p02_0016_0011.uasset" 6154
"../../../Engine/Content/EngineMaterials/Substrate/GLints/dict_16_192_64_0p5_0p02_0016_0012.uasset" 6155
"../../../Engine/Content/EngineMaterials/Substrate/GLints/dict_16_192_64_0p5_0p02_0016_0010.uasset" 6156
"../../../Engine/Content/EngineMaterials/Substrate/GLints/dict_16_192_64_0p5_0p02_0016_0009.uasset" 6157
"../../../Engine/Content/EngineMaterials/Substrate/GLints/dict_16_192_64_0p5_0p02_0016_0008.uasset" 6158
"../../../Engine/Content/EngineMaterials/Substrate/GLints/dict_16_192_64_0p5_0p02_0016_0007.uasset" 6159
"/Engine/EngineMaterials/Substrate/GLints/dict_16_192_64_0p5_0p02_0017_0002" 6160
"../../../Engine/Content/EngineMaterials/Substrate/GLints/dict_16_192_64_0p5_0p02_0016_0006.uasset" 6161
"../../../Engine/Content/EngineMaterials/Substrate/GLints/dict_16_192_64_0p5_0p02_0016_0005.uasset" 6162
"../../../Engine/Content/EngineMaterials/Substrate/GLints/dict_16_192_64_0p5_0p02_0016_0004.uasset" 6163
"../../../Engine/Content/EngineMaterials/Substrate/GLints/dict_16_192_64_0p5_0p02_0016_0003.uasset" 6164
"../../../Engine/Content/EngineMaterials/Substrate/GLints/dict_16_192_64_0p5_0p02_0016_0002.uasset" 6165
"../../../Engine/Content/EngineMaterials/Substrate/GLints/dict_16_192_64_0p5_0p02_0016_0001.uasset" 6166
"../../../Engine/Content/EngineMaterials/Substrate/GLints/dict_16_192_64_0p5_0p02_0016_0000.uasset" 6167
"../../../Engine/Content/EngineMaterials/Substrate/GLints/dict_16_192_64_0p5_0p02_0015_0015.uasset" 6168
"/Engine/EngineMaterials/Substrate/GLints/dict_16_192_64_0p5_0p02_0017_0003" 6169
"../../../Engine/Content/EngineMaterials/Substrate/GLints/dict_16_192_64_0p5_0p02_0015_0014.uasset" 6170
"../../../Engine/Content/EngineMaterials/Substrate/GLints/dict_16_192_64_0p5_0p02_0015_0013.uasset" 6171
"../../../Engine/Content/EngineMaterials/Substrate/GLints/dict_16_192_64_0p5_0p02_0015_0012.uasset" 6172
"../../../Engine/Content/EngineMaterials/Substrate/GLints/dict_16_192_64_0p5_0p02_0015_0011.uasset" 6173
"/Engine/EngineMaterials/Substrate/GLints/dict_16_192_64_0p5_0p02_0017_0004" 6174
"/Engine/EngineMaterials/Substrate/GLints/dict_16_192_64_0p5_0p02_0017_0005" 6175
"/Engine/EngineMaterials/Substrate/GLints/dict_16_192_64_0p5_0p02_0017_0006" 6176
"/Engine/EngineMaterials/Substrate/GLints/dict_16_192_64_0p5_0p02_0017_0007" 6177
"/Engine/EngineMaterials/Substrate/GLints/dict_16_192_64_0p5_0p02_0017_0008" 6178
"/Engine/EngineMaterials/Substrate/GLints/dict_16_192_64_0p5_0p02_0017_0009" 6179
"/Engine/EngineMaterials/Substrate/GLints/dict_16_192_64_0p5_0p02_0017_0010" 6180
"../../../Engine/Content/EngineMaterials/Substrate/GLints/dict_16_192_64_0p5_0p02_0015_0010.uasset" 6181
"../../../Engine/Content/EngineMaterials/Substrate/GLints/dict_16_192_64_0p5_0p02_0015_0009.uasset" 6182
"/Engine/EngineMaterials/Substrate/GLints/dict_16_192_64_0p5_0p02_0015_0011" 6183
"../../../Engine/Content/EngineMaterials/Substrate/GLints/dict_16_192_64_0p5_0p02_0015_0008.uasset" 6184
"../../../Engine/Content/EngineMaterials/Substrate/GLints/dict_16_192_64_0p5_0p02_0015_0007.uasset" 6185
"../../../Engine/Content/EngineMaterials/Substrate/GLints/dict_16_192_64_0p5_0p02_0015_0006.uasset" 6186
"../../../Engine/Content/EngineMaterials/Substrate/GLints/dict_16_192_64_0p5_0p02_0015_0005.uasset" 6187
"../../../Engine/Content/EngineMaterials/Substrate/GLints/dict_16_192_64_0p5_0p02_0015_0004.uasset" 6188
"../../../Engine/Content/EngineMaterials/Substrate/GLints/dict_16_192_64_0p5_0p02_0015_0003.uasset" 6189
"../../../Engine/Content/EngineMaterials/Substrate/GLints/dict_16_192_64_0p5_0p02_0015_0001.uasset" 6190
"../../../Engine/Content/EngineMaterials/Substrate/GLints/dict_16_192_64_0p5_0p02_0015_0002.uasset" 6191
"/Engine/EngineMaterials/Substrate/GLints/dict_16_192_64_0p5_0p02_0015_0012" 6192
"/Engine/EngineMaterials/Substrate/GLints/dict_16_192_64_0p5_0p02_0015_0013" 6193
"/Engine/EngineMaterials/Substrate/GLints/dict_16_192_64_0p5_0p02_0015_0014" 6194
"/Engine/EngineMaterials/Substrate/GLints/dict_16_192_64_0p5_0p02_0015_0015" 6195
"/Engine/EngineMaterials/Substrate/GLints/dict_16_192_64_0p5_0p02_0016_0000" 6196
"/Engine/EngineMaterials/Substrate/GLints/dict_16_192_64_0p5_0p02_0016_0001" 6197
"/Engine/EngineMaterials/Substrate/GLints/dict_16_192_64_0p5_0p02_0016_0002" 6198
"/Engine/EngineMaterials/Substrate/GLints/dict_16_192_64_0p5_0p02_0016_0003" 6199
"/Engine/EngineMaterials/Substrate/GLints/dict_16_192_64_0p5_0p02_0016_0004" 6200
"/Engine/EngineMaterials/Substrate/GLints/dict_16_192_64_0p5_0p02_0016_0005" 6201
"/Engine/EngineMaterials/Substrate/GLints/dict_16_192_64_0p5_0p02_0016_0006" 6202
"/Engine/EngineMaterials/Substrate/GLints/dict_16_192_64_0p5_0p02_0016_0007" 6203
"/Engine/EngineMaterials/Substrate/GLints/dict_16_192_64_0p5_0p02_0016_0008" 6204
"/Engine/EngineMaterials/Substrate/GLints/dict_16_192_64_0p5_0p02_0016_0009" 6205
"/Engine/EngineMaterials/Substrate/GLints/dict_16_192_64_0p5_0p02_0016_0010" 6206
"/Engine/EngineMaterials/Substrate/GLints/dict_16_192_64_0p5_0p02_0016_0011" 6207
"/Engine/EngineMaterials/Substrate/GLints/dict_16_192_64_0p5_0p02_0016_0012" 6208
"/Engine/EngineMaterials/Substrate/GLints/dict_16_192_64_0p5_0p02_0016_0013" 6209
"/Engine/EngineMaterials/Substrate/GLints/dict_16_192_64_0p5_0p02_0016_0014" 6210
"/Engine/EngineMaterials/Substrate/GLints/dict_16_192_64_0p5_0p02_0016_0015" 6211
"/Engine/EngineMaterials/Substrate/GLints/dict_16_192_64_0p5_0p02_0017_0000" 6212
"../../../Engine/Content/EngineMaterials/Substrate/GLints/dict_16_192_64_0p5_0p02_0014_0015.uasset" 6213
"../../../Engine/Content/EngineMaterials/Substrate/GLints/dict_16_192_64_0p5_0p02_0015_0000.uasset" 6214
"/Engine/EngineMaterials/Substrate/GLints/dict_16_192_64_0p5_0p02_0015_0001" 6215
"../../../Engine/Content/EngineMaterials/Substrate/GLints/dict_16_192_64_0p5_0p02_0014_0013.uasset" 6216
"../../../Engine/Content/EngineMaterials/Substrate/GLints/dict_16_192_64_0p5_0p02_0014_0014.uasset" 6217
"../../../Engine/Content/EngineMaterials/Substrate/GLints/dict_16_192_64_0p5_0p02_0014_0012.uasset" 6218
"../../../Engine/Content/EngineMaterials/Substrate/GLints/dict_16_192_64_0p5_0p02_0014_0011.uasset" 6219
"../../../Engine/Content/EngineMaterials/Substrate/GLints/dict_16_192_64_0p5_0p02_0014_0010.uasset" 6220
"../../../Engine/Content/EngineMaterials/Substrate/GLints/dict_16_192_64_0p5_0p02_0014_0009.uasset" 6221
"../../../Engine/Content/EngineMaterials/Substrate/GLints/dict_16_192_64_0p5_0p02_0014_0008.uasset" 6222
"../../../Engine/Content/EngineMaterials/Substrate/GLints/dict_16_192_64_0p5_0p02_0014_0007.uasset" 6223
"../../../Engine/Content/EngineMaterials/Substrate/GLints/dict_16_192_64_0p5_0p02_0014_0006.uasset" 6224
"../../../Engine/Content/EngineMaterials/Substrate/GLints/dict_16_192_64_0p5_0p02_0014_0005.uasset" 6225
"../../../Engine/Content/EngineMaterials/Substrate/GLints/dict_16_192_64_0p5_0p02_0014_0003.uasset" 6226
"../../../Engine/Content/EngineMaterials/Substrate/GLints/dict_16_192_64_0p5_0p02_0014_0004.uasset" 6227
"/Engine/EngineMaterials/Substrate/GLints/dict_16_192_64_0p5_0p02_0015_0002" 6228
"../../../Engine/Content/EngineMaterials/Substrate/GLints/dict_16_192_64_0p5_0p02_0014_0002.uasset" 6229
"../../../Engine/Content/EngineMaterials/Substrate/GLints/dict_16_192_64_0p5_0p02_0014_0001.uasset" 6230
"../../../Engine/Content/EngineMaterials/Substrate/GLints/dict_16_192_64_0p5_0p02_0014_0000.uasset" 6231
"../../../Engine/Content/EngineMaterials/Substrate/GLints/dict_16_192_64_0p5_0p02_0013_0015.uasset" 6232
"../../../Engine/Content/EngineMaterials/Substrate/GLints/dict_16_192_64_0p5_0p02_0013_0014.uasset" 6233
"../../../Engine/Content/EngineMaterials/Substrate/GLints/dict_16_192_64_0p5_0p02_0013_0013.uasset" 6234
"../../../Engine/Content/EngineMaterials/Substrate/GLints/dict_16_192_64_0p5_0p02_0013_0012.uasset" 6235
"../../../Engine/Content/EngineMaterials/Substrate/GLints/dict_16_192_64_0p5_0p02_0013_0011.uasset" 6236
"/Engine/EngineMaterials/Substrate/GLints/dict_16_192_64_0p5_0p02_0015_0003" 6237
"/Engine/EngineMaterials/Substrate/GLints/dict_16_192_64_0p5_0p02_0015_0004" 6238
"/Engine/EngineMaterials/Substrate/GLints/dict_16_192_64_0p5_0p02_0015_0005" 6239
"/Engine/EngineMaterials/Substrate/GLints/dict_16_192_64_0p5_0p02_0015_0006" 6240
"/Engine/EngineMaterials/Substrate/GLints/dict_16_192_64_0p5_0p02_0015_0007" 6241
"/Engine/EngineMaterials/Substrate/GLints/dict_16_192_64_0p5_0p02_0015_0008" 6242
"/Engine/EngineMaterials/Substrate/GLints/dict_16_192_64_0p5_0p02_0015_0009" 6243
"/Engine/EngineMaterials/Substrate/GLints/dict_16_192_64_0p5_0p02_0015_0010" 6244
"../../../Engine/Content/EngineMaterials/Substrate/GLints/dict_16_192_64_0p5_0p02_0013_0010.uasset" 6245
"../../../Engine/Content/EngineMaterials/Substrate/GLints/dict_16_192_64_0p5_0p02_0013_0009.uasset" 6246
"/Engine/EngineMaterials/Substrate/GLints/dict_16_192_64_0p5_0p02_0013_0011" 6247
"../../../Engine/Content/EngineMaterials/Substrate/GLints/dict_16_192_64_0p5_0p02_0013_0008.uasset" 6248
"../../../Engine/Content/EngineMaterials/Substrate/GLints/dict_16_192_64_0p5_0p02_0013_0007.uasset" 6249
"../../../Engine/Content/EngineMaterials/Substrate/GLints/dict_16_192_64_0p5_0p02_0013_0006.uasset" 6250
"../../../Engine/Content/EngineMaterials/Substrate/GLints/dict_16_192_64_0p5_0p02_0013_0004.uasset" 6251
"../../../Engine/Content/EngineMaterials/Substrate/GLints/dict_16_192_64_0p5_0p02_0013_0005.uasset" 6252
"../../../Engine/Content/EngineMaterials/Substrate/GLints/dict_16_192_64_0p5_0p02_0013_0003.uasset" 6253
"../../../Engine/Content/EngineMaterials/Substrate/GLints/dict_16_192_64_0p5_0p02_0013_0002.uasset" 6254
"../../../Engine/Content/EngineMaterials/Substrate/GLints/dict_16_192_64_0p5_0p02_0013_0001.uasset" 6255
"/Engine/EngineMaterials/Substrate/GLints/dict_16_192_64_0p5_0p02_0013_0012" 6256
"/Engine/EngineMaterials/Substrate/GLints/dict_16_192_64_0p5_0p02_0013_0013" 6257
"/Engine/EngineMaterials/Substrate/GLints/dict_16_192_64_0p5_0p02_0013_0014" 6258
"/Engine/EngineMaterials/Substrate/GLints/dict_16_192_64_0p5_0p02_0013_0015" 6259
"/Engine/EngineMaterials/Substrate/GLints/dict_16_192_64_0p5_0p02_0014_0000" 6260
"/Engine/EngineMaterials/Substrate/GLints/dict_16_192_64_0p5_0p02_0014_0001" 6261
"/Engine/EngineMaterials/Substrate/GLints/dict_16_192_64_0p5_0p02_0014_0002" 6262
"/Engine/EngineMaterials/Substrate/GLints/dict_16_192_64_0p5_0p02_0014_0003" 6263
"/Engine/EngineMaterials/Substrate/GLints/dict_16_192_64_0p5_0p02_0014_0004" 6264
"/Engine/EngineMaterials/Substrate/GLints/dict_16_192_64_0p5_0p02_0014_0005" 6265
"/Engine/EngineMaterials/Substrate/GLints/dict_16_192_64_0p5_0p02_0014_0006" 6266
"/Engine/EngineMaterials/Substrate/GLints/dict_16_192_64_0p5_0p02_0014_0007" 6267
"/Engine/EngineMaterials/Substrate/GLints/dict_16_192_64_0p5_0p02_0014_0008" 6268
"/Engine/EngineMaterials/Substrate/GLints/dict_16_192_64_0p5_0p02_0014_0009" 6269
"/Engine/EngineMaterials/Substrate/GLints/dict_16_192_64_0p5_0p02_0014_0010" 6270
"/Engine/EngineMaterials/Substrate/GLints/dict_16_192_64_0p5_0p02_0014_0011" 6271
"/Engine/EngineMaterials/Substrate/GLints/dict_16_192_64_0p5_0p02_0014_0012" 6272
"/Engine/EngineMaterials/Substrate/GLints/dict_16_192_64_0p5_0p02_0014_0013" 6273
"/Engine/EngineMaterials/Substrate/GLints/dict_16_192_64_0p5_0p02_0014_0014" 6274
"/Engine/EngineMaterials/Substrate/GLints/dict_16_192_64_0p5_0p02_0014_0015" 6275
"/Engine/EngineMaterials/Substrate/GLints/dict_16_192_64_0p5_0p02_0015_0000" 6276
"../../../Engine/Content/EngineMaterials/Substrate/GLints/dict_16_192_64_0p5_0p02_0013_0000.uasset" 6277
"../../../Engine/Content/EngineMaterials/Substrate/GLints/dict_16_192_64_0p5_0p02_0012_0015.uasset" 6278
"/Engine/EngineMaterials/Substrate/GLints/dict_16_192_64_0p5_0p02_0013_0001" 6279
"../../../Engine/Content/EngineMaterials/Substrate/GLints/dict_16_192_64_0p5_0p02_0012_0014.uasset" 6280
"../../../Engine/Content/EngineMaterials/Substrate/GLints/dict_16_192_64_0p5_0p02_0012_0013.uasset" 6281
"../../../Engine/Content/EngineMaterials/Substrate/GLints/dict_16_192_64_0p5_0p02_0012_0012.uasset" 6282
"../../../Engine/Content/EngineMaterials/Substrate/GLints/dict_16_192_64_0p5_0p02_0012_0011.uasset" 6283
"../../../Engine/Content/EngineMaterials/Substrate/GLints/dict_16_192_64_0p5_0p02_0012_0010.uasset" 6284
"../../../Engine/Content/EngineMaterials/Substrate/GLints/dict_16_192_64_0p5_0p02_0012_0009.uasset" 6285
"/Engine/EngineMaterials/Substrate/GLints/dict_16_192_64_0p5_0p02_0013_0002" 6286
"../../../Engine/Content/EngineMaterials/Substrate/GLints/dict_16_192_64_0p5_0p02_0012_0008.uasset" 6287
"../../../Engine/Content/EngineMaterials/Substrate/GLints/dict_16_192_64_0p5_0p02_0012_0007.uasset" 6288
"../../../Engine/Content/EngineMaterials/Substrate/GLints/dict_16_192_64_0p5_0p02_0012_0006.uasset" 6289
"../../../Engine/Content/EngineMaterials/Substrate/GLints/dict_16_192_64_0p5_0p02_0012_0005.uasset" 6290
"../../../Engine/Content/EngineMaterials/Substrate/GLints/dict_16_192_64_0p5_0p02_0012_0003.uasset" 6291
"../../../Engine/Content/EngineMaterials/Substrate/GLints/dict_16_192_64_0p5_0p02_0012_0004.uasset" 6292
"../../../Engine/Content/EngineMaterials/Substrate/GLints/dict_16_192_64_0p5_0p02_0012_0002.uasset" 6293
"../../../Engine/Content/EngineMaterials/Substrate/GLints/dict_16_192_64_0p5_0p02_0012_0001.uasset" 6294
"/Engine/EngineMaterials/Substrate/GLints/dict_16_192_64_0p5_0p02_0013_0003" 6295
"../../../Engine/Content/EngineMaterials/Substrate/GLints/dict_16_192_64_0p5_0p02_0011_0015.uasset" 6296
"../../../Engine/Content/EngineMaterials/Substrate/GLints/dict_16_192_64_0p5_0p02_0012_0000.uasset" 6297
"../../../Engine/Content/EngineMaterials/Substrate/GLints/dict_16_192_64_0p5_0p02_0011_0014.uasset" 6298
"../../../Engine/Content/EngineMaterials/Substrate/GLints/dict_16_192_64_0p5_0p02_0011_0013.uasset" 6299
"../../../Engine/Content/EngineMaterials/Substrate/GLints/dict_16_192_64_0p5_0p02_0011_0011.uasset" 6300
"../../../Engine/Content/EngineMaterials/Substrate/GLints/dict_16_192_64_0p5_0p02_0011_0012.uasset" 6301
"/Engine/EngineMaterials/Substrate/GLints/dict_16_192_64_0p5_0p02_0013_0004" 6302
"/Engine/EngineMaterials/Substrate/GLints/dict_16_192_64_0p5_0p02_0013_0005" 6303
"/Engine/EngineMaterials/Substrate/GLints/dict_16_192_64_0p5_0p02_0013_0006" 6304
"/Engine/EngineMaterials/Substrate/GLints/dict_16_192_64_0p5_0p02_0013_0007" 6305
"/Engine/EngineMaterials/Substrate/GLints/dict_16_192_64_0p5_0p02_0013_0008" 6306
"/Engine/EngineMaterials/Substrate/GLints/dict_16_192_64_0p5_0p02_0013_0009" 6307
"/Engine/EngineMaterials/Substrate/GLints/dict_16_192_64_0p5_0p02_0013_0010" 6308
"../../../Engine/Content/EngineMaterials/Substrate/GLints/dict_16_192_64_0p5_0p02_0011_0010.uasset" 6309
"../../../Engine/Content/EngineMaterials/Substrate/GLints/dict_16_192_64_0p5_0p02_0011_0009.uasset" 6310
"/Engine/EngineMaterials/Substrate/GLints/dict_16_192_64_0p5_0p02_0011_0011" 6311
"../../../Engine/Content/EngineMaterials/Substrate/GLints/dict_16_192_64_0p5_0p02_0011_0008.uasset" 6312
"../../../Engine/Content/EngineMaterials/Substrate/GLints/dict_16_192_64_0p5_0p02_0011_0006.uasset" 6313
"../../../Engine/Content/EngineMaterials/Substrate/GLints/dict_16_192_64_0p5_0p02_0011_0007.uasset" 6314
"../../../Engine/Content/EngineMaterials/Substrate/GLints/dict_16_192_64_0p5_0p02_0011_0005.uasset" 6315
"../../../Engine/Content/EngineMaterials/Substrate/GLints/dict_16_192_64_0p5_0p02_0011_0004.uasset" 6316
"../../../Engine/Content/EngineMaterials/Substrate/GLints/dict_16_192_64_0p5_0p02_0011_0003.uasset" 6317
"../../../Engine/Content/EngineMaterials/Substrate/GLints/dict_16_192_64_0p5_0p02_0011_0002.uasset" 6318
"../../../Engine/Content/EngineMaterials/Substrate/GLints/dict_16_192_64_0p5_0p02_0011_0001.uasset" 6319
"/Engine/EngineMaterials/Substrate/GLints/dict_16_192_64_0p5_0p02_0011_0012" 6320
"/Engine/EngineMaterials/Substrate/GLints/dict_16_192_64_0p5_0p02_0011_0013" 6321
"/Engine/EngineMaterials/Substrate/GLints/dict_16_192_64_0p5_0p02_0011_0014" 6322
"/Engine/EngineMaterials/Substrate/GLints/dict_16_192_64_0p5_0p02_0011_0015" 6323
"/Engine/EngineMaterials/Substrate/GLints/dict_16_192_64_0p5_0p02_0012_0000" 6324
"/Engine/EngineMaterials/Substrate/GLints/dict_16_192_64_0p5_0p02_0012_0001" 6325
"/Engine/EngineMaterials/Substrate/GLints/dict_16_192_64_0p5_0p02_0012_0002" 6326
"/Engine/EngineMaterials/Substrate/GLints/dict_16_192_64_0p5_0p02_0012_0003" 6327
"/Engine/EngineMaterials/Substrate/GLints/dict_16_192_64_0p5_0p02_0012_0004" 6328
"/Engine/EngineMaterials/Substrate/GLints/dict_16_192_64_0p5_0p02_0012_0005" 6329
"/Engine/EngineMaterials/Substrate/GLints/dict_16_192_64_0p5_0p02_0012_0006" 6330
"/Engine/EngineMaterials/Substrate/GLints/dict_16_192_64_0p5_0p02_0012_0007" 6331
"/Engine/EngineMaterials/Substrate/GLints/dict_16_192_64_0p5_0p02_0012_0008" 6332
"/Engine/EngineMaterials/Substrate/GLints/dict_16_192_64_0p5_0p02_0012_0009" 6333
"/Engine/EngineMaterials/Substrate/GLints/dict_16_192_64_0p5_0p02_0012_0010" 6334
"/Engine/EngineMaterials/Substrate/GLints/dict_16_192_64_0p5_0p02_0012_0011" 6335
"/Engine/EngineMaterials/Substrate/GLints/dict_16_192_64_0p5_0p02_0012_0012" 6336
"/Engine/EngineMaterials/Substrate/GLints/dict_16_192_64_0p5_0p02_0012_0013" 6337
"/Engine/EngineMaterials/Substrate/GLints/dict_16_192_64_0p5_0p02_0012_0014" 6338
"/Engine/EngineMaterials/Substrate/GLints/dict_16_192_64_0p5_0p02_0012_0015" 6339
"/Engine/EngineMaterials/Substrate/GLints/dict_16_192_64_0p5_0p02_0013_0000" 6340
"../../../Engine/Content/EngineMaterials/Substrate/GLints/dict_16_192_64_0p5_0p02_0011_0000.uasset" 6341
"../../../Engine/Content/EngineMaterials/Substrate/GLints/dict_16_192_64_0p5_0p02_0010_0015.uasset" 6342
"/Engine/EngineMaterials/Substrate/GLints/dict_16_192_64_0p5_0p02_0011_0001" 6343
"../../../Engine/Content/EngineMaterials/Substrate/GLints/dict_16_192_64_0p5_0p02_0010_0014.uasset" 6344
"../../../Engine/Content/EngineMaterials/Substrate/GLints/dict_16_192_64_0p5_0p02_0010_0013.uasset" 6345
"../../../Engine/Content/EngineMaterials/Substrate/GLints/dict_16_192_64_0p5_0p02_0010_0012.uasset" 6346
"../../../Engine/Content/EngineMaterials/Substrate/GLints/dict_16_192_64_0p5_0p02_0010_0011.uasset" 6347
"/Engine/EngineMaterials/Substrate/GLints/dict_16_192_64_0p5_0p02_0011_0002" 6348
"../../../Engine/Content/EngineMaterials/Substrate/GLints/dict_16_192_64_0p5_0p02_0010_0009.uasset" 6349
"../../../Engine/Content/EngineMaterials/Substrate/GLints/dict_16_192_64_0p5_0p02_0010_0010.uasset" 6350
"../../../Engine/Content/EngineMaterials/Substrate/GLints/dict_16_192_64_0p5_0p02_0010_0008.uasset" 6351
"../../../Engine/Content/EngineMaterials/Substrate/GLints/dict_16_192_64_0p5_0p02_0010_0007.uasset" 6352
"../../../Engine/Content/EngineMaterials/Substrate/GLints/dict_16_192_64_0p5_0p02_0010_0006.uasset" 6353
"../../../Engine/Content/EngineMaterials/Substrate/GLints/dict_16_192_64_0p5_0p02_0010_0005.uasset" 6354
"../../../Engine/Content/EngineMaterials/Substrate/GLints/dict_16_192_64_0p5_0p02_0010_0004.uasset" 6355
"../../../Engine/Content/EngineMaterials/Substrate/GLints/dict_16_192_64_0p5_0p02_0010_0003.uasset" 6356
"/Engine/EngineMaterials/Substrate/GLints/dict_16_192_64_0p5_0p02_0011_0003" 6357
"../../../Engine/Content/EngineMaterials/Substrate/GLints/dict_16_192_64_0p5_0p02_0010_0002.uasset" 6358
"../../../Engine/Content/EngineMaterials/Substrate/GLints/dict_16_192_64_0p5_0p02_0010_0001.uasset" 6359
"../../../Engine/Content/EngineMaterials/Substrate/GLints/dict_16_192_64_0p5_0p02_0010_0000.uasset" 6360
"../../../Engine/Content/EngineMaterials/Substrate/GLints/dict_16_192_64_0p5_0p02_0009_0015.uasset" 6361
"../../../Engine/Content/EngineMaterials/Substrate/GLints/dict_16_192_64_0p5_0p02_0009_0014.uasset" 6362
"../../../Engine/Content/EngineMaterials/Substrate/GLints/dict_16_192_64_0p5_0p02_0009_0013.uasset" 6363
"../../../Engine/Content/EngineMaterials/Substrate/GLints/dict_16_192_64_0p5_0p02_0009_0012.uasset" 6364
"../../../Engine/Content/EngineMaterials/Substrate/GLints/dict_16_192_64_0p5_0p02_0009_0011.uasset" 6365
"/Engine/EngineMaterials/Substrate/GLints/dict_16_192_64_0p5_0p02_0011_0004" 6366
"/Engine/EngineMaterials/Substrate/GLints/dict_16_192_64_0p5_0p02_0011_0005" 6367
"/Engine/EngineMaterials/Substrate/GLints/dict_16_192_64_0p5_0p02_0011_0006" 6368
"/Engine/EngineMaterials/Substrate/GLints/dict_16_192_64_0p5_0p02_0011_0007" 6369
"/Engine/EngineMaterials/Substrate/GLints/dict_16_192_64_0p5_0p02_0011_0008" 6370
"/Engine/EngineMaterials/Substrate/GLints/dict_16_192_64_0p5_0p02_0011_0009" 6371
"/Engine/EngineMaterials/Substrate/GLints/dict_16_192_64_0p5_0p02_0011_0010" 6372
"../../../Engine/Content/EngineMaterials/Substrate/GLints/dict_16_192_64_0p5_0p02_0009_0010.uasset" 6373
"../../../Engine/Content/EngineMaterials/Substrate/GLints/dict_16_192_64_0p5_0p02_0009_0009.uasset" 6374
"/Engine/EngineMaterials/Substrate/GLints/dict_16_192_64_0p5_0p02_0009_0011" 6375
"../../../Engine/Content/EngineMaterials/Substrate/GLints/dict_16_192_64_0p5_0p02_0009_0008.uasset" 6376
"../../../Engine/Content/EngineMaterials/Substrate/GLints/dict_16_192_64_0p5_0p02_0009_0007.uasset" 6377
"../../../Engine/Content/EngineMaterials/Substrate/GLints/dict_16_192_64_0p5_0p02_0009_0006.uasset" 6378
"../../../Engine/Content/EngineMaterials/Substrate/GLints/dict_16_192_64_0p5_0p02_0009_0005.uasset" 6379
"../../../Engine/Content/EngineMaterials/Substrate/GLints/dict_16_192_64_0p5_0p02_0009_0004.uasset" 6380
"../../../Engine/Content/EngineMaterials/Substrate/GLints/dict_16_192_64_0p5_0p02_0009_0003.uasset" 6381
"/Engine/EngineMaterials/Substrate/GLints/dict_16_192_64_0p5_0p02_0009_0012" 6382
"../../../Engine/Content/EngineMaterials/Substrate/GLints/dict_16_192_64_0p5_0p02_0009_0002.uasset" 6383
"../../../Engine/Content/EngineMaterials/Substrate/GLints/dict_16_192_64_0p5_0p02_0009_0001.uasset" 6384
"/Engine/EngineMaterials/Substrate/GLints/dict_16_192_64_0p5_0p02_0009_0013" 6385
"/Engine/EngineMaterials/Substrate/GLints/dict_16_192_64_0p5_0p02_0009_0014" 6386
"/Engine/EngineMaterials/Substrate/GLints/dict_16_192_64_0p5_0p02_0009_0015" 6387
"/Engine/EngineMaterials/Substrate/GLints/dict_16_192_64_0p5_0p02_0010_0000" 6388
"/Engine/EngineMaterials/Substrate/GLints/dict_16_192_64_0p5_0p02_0010_0001" 6389
"/Engine/EngineMaterials/Substrate/GLints/dict_16_192_64_0p5_0p02_0010_0002" 6390
"/Engine/EngineMaterials/Substrate/GLints/dict_16_192_64_0p5_0p02_0010_0003" 6391
"/Engine/EngineMaterials/Substrate/GLints/dict_16_192_64_0p5_0p02_0010_0004" 6392
"/Engine/EngineMaterials/Substrate/GLints/dict_16_192_64_0p5_0p02_0010_0005" 6393
"/Engine/EngineMaterials/Substrate/GLints/dict_16_192_64_0p5_0p02_0010_0006" 6394
"/Engine/EngineMaterials/Substrate/GLints/dict_16_192_64_0p5_0p02_0010_0007" 6395
"/Engine/EngineMaterials/Substrate/GLints/dict_16_192_64_0p5_0p02_0010_0008" 6396
"/Engine/EngineMaterials/Substrate/GLints/dict_16_192_64_0p5_0p02_0010_0009" 6397
"/Engine/EngineMaterials/Substrate/GLints/dict_16_192_64_0p5_0p02_0010_0010" 6398
"/Engine/EngineMaterials/Substrate/GLints/dict_16_192_64_0p5_0p02_0010_0011" 6399
"/Engine/EngineMaterials/Substrate/GLints/dict_16_192_64_0p5_0p02_0010_0012" 6400
"/Engine/EngineMaterials/Substrate/GLints/dict_16_192_64_0p5_0p02_0010_0013" 6401
"/Engine/EngineMaterials/Substrate/GLints/dict_16_192_64_0p5_0p02_0010_0014" 6402
"/Engine/EngineMaterials/Substrate/GLints/dict_16_192_64_0p5_0p02_0010_0015" 6403
"/Engine/EngineMaterials/Substrate/GLints/dict_16_192_64_0p5_0p02_0011_0000" 6404
"/Engine/EngineMaterials/Substrate/GLints/dict_16_192_64_0p5_0p02_0009_0001" 6405
"../../../Engine/Content/EngineMaterials/Substrate/GLints/dict_16_192_64_0p5_0p02_0008_0015.uasset" 6406
"../../../Engine/Content/EngineMaterials/Substrate/GLints/dict_16_192_64_0p5_0p02_0009_0000.uasset" 6407
"../../../Engine/Content/EngineMaterials/Substrate/GLints/dict_16_192_64_0p5_0p02_0008_0014.uasset" 6408
"../../../Engine/Content/EngineMaterials/Substrate/GLints/dict_16_192_64_0p5_0p02_0008_0013.uasset" 6409
"../../../Engine/Content/EngineMaterials/Substrate/GLints/dict_16_192_64_0p5_0p02_0008_0012.uasset" 6410
"/Engine/EngineMaterials/Substrate/GLints/dict_16_192_64_0p5_0p02_0009_0002" 6411
"../../../Engine/Content/EngineMaterials/Substrate/GLints/dict_16_192_64_0p5_0p02_0008_0011.uasset" 6412
"../../../Engine/Content/EngineMaterials/Substrate/GLints/dict_16_192_64_0p5_0p02_0008_0010.uasset" 6413
"../../../Engine/Content/EngineMaterials/Substrate/GLints/dict_16_192_64_0p5_0p02_0008_0009.uasset" 6414
"../../../Engine/Content/EngineMaterials/Substrate/GLints/dict_16_192_64_0p5_0p02_0008_0008.uasset" 6415
"../../../Engine/Content/EngineMaterials/Substrate/GLints/dict_16_192_64_0p5_0p02_0008_0007.uasset" 6416
"/Engine/EngineMaterials/Substrate/GLints/dict_16_192_64_0p5_0p02_0009_0003" 6417
"../../../Engine/Content/EngineMaterials/Substrate/GLints/dict_16_192_64_0p5_0p02_0008_0006.uasset" 6418
"../../../Engine/Content/EngineMaterials/Substrate/GLints/dict_16_192_64_0p5_0p02_0008_0005.uasset" 6419
"../../../Engine/Content/EngineMaterials/Substrate/GLints/dict_16_192_64_0p5_0p02_0008_0004.uasset" 6420
"../../../Engine/Content/EngineMaterials/Substrate/GLints/dict_16_192_64_0p5_0p02_0008_0003.uasset" 6421
"../../../Engine/Content/EngineMaterials/Substrate/GLints/dict_16_192_64_0p5_0p02_0008_0002.uasset" 6422
"../../../Engine/Content/EngineMaterials/Substrate/GLints/dict_16_192_64_0p5_0p02_0008_0001.uasset" 6423
"/Engine/EngineMaterials/Substrate/GLints/dict_16_192_64_0p5_0p02_0009_0004" 6424
"../../../Engine/Content/EngineMaterials/Substrate/GLints/dict_16_192_64_0p5_0p02_0007_0015.uasset" 6425
"../../../Engine/Content/EngineMaterials/Substrate/GLints/dict_16_192_64_0p5_0p02_0008_0000.uasset" 6426
"../../../Engine/Content/EngineMaterials/Substrate/GLints/dict_16_192_64_0p5_0p02_0007_0014.uasset" 6427
"../../../Engine/Content/EngineMaterials/Substrate/GLints/dict_16_192_64_0p5_0p02_0007_0012.uasset" 6428
"../../../Engine/Content/EngineMaterials/Substrate/GLints/dict_16_192_64_0p5_0p02_0007_0013.uasset" 6429
"../../../Engine/Content/EngineMaterials/Substrate/GLints/dict_16_192_64_0p5_0p02_0007_0011.uasset" 6430
"/Engine/EngineMaterials/Substrate/GLints/dict_16_192_64_0p5_0p02_0009_0005" 6431
"/Engine/EngineMaterials/Substrate/GLints/dict_16_192_64_0p5_0p02_0009_0006" 6432
"/Engine/EngineMaterials/Substrate/GLints/dict_16_192_64_0p5_0p02_0009_0007" 6433
"/Engine/EngineMaterials/Substrate/GLints/dict_16_192_64_0p5_0p02_0009_0008" 6434
"/Engine/EngineMaterials/Substrate/GLints/dict_16_192_64_0p5_0p02_0009_0009" 6435
"/Engine/EngineMaterials/Substrate/GLints/dict_16_192_64_0p5_0p02_0009_0010" 6436
"/Engine/EngineMaterials/Substrate/GLints/dict_16_192_64_0p5_0p02_0007_0011" 6437
"../../../Engine/Content/EngineMaterials/Substrate/GLints/dict_16_192_64_0p5_0p02_0007_0010.uasset" 6438
"../../../Engine/Content/EngineMaterials/Substrate/GLints/dict_16_192_64_0p5_0p02_0007_0009.uasset" 6439
"../../../Engine/Content/EngineMaterials/Substrate/GLints/dict_16_192_64_0p5_0p02_0007_0008.uasset" 6440
"/Engine/EngineMaterials/Substrate/GLints/dict_16_192_64_0p5_0p02_0007_0012" 6441
"../../../Engine/Content/EngineMaterials/Substrate/GLints/dict_16_192_64_0p5_0p02_0007_0007.uasset" 6442
"../../../Engine/Content/EngineMaterials/Substrate/GLints/dict_16_192_64_0p5_0p02_0007_0006.uasset" 6443
"../../../Engine/Content/EngineMaterials/Substrate/GLints/dict_16_192_64_0p5_0p02_0007_0005.uasset" 6444
"../../../Engine/Content/EngineMaterials/Substrate/GLints/dict_16_192_64_0p5_0p02_0007_0004.uasset" 6445
"/Engine/EngineMaterials/Substrate/GLints/dict_16_192_64_0p5_0p02_0007_0013" 6446
"../../../Engine/Content/EngineMaterials/Substrate/GLints/dict_16_192_64_0p5_0p02_0007_0003.uasset" 6447
"../../../Engine/Content/EngineMaterials/Substrate/GLints/dict_16_192_64_0p5_0p02_0007_0002.uasset" 6448
"../../../Engine/Content/EngineMaterials/Substrate/GLints/dict_16_192_64_0p5_0p02_0007_0001.uasset" 6449
"/Engine/EngineMaterials/Substrate/GLints/dict_16_192_64_0p5_0p02_0007_0014" 6450
"/Engine/EngineMaterials/Substrate/GLints/dict_16_192_64_0p5_0p02_0007_0015" 6451
"/Engine/EngineMaterials/Substrate/GLints/dict_16_192_64_0p5_0p02_0008_0000" 6452
"/Engine/EngineMaterials/Substrate/GLints/dict_16_192_64_0p5_0p02_0008_0001" 6453
"/Engine/EngineMaterials/Substrate/GLints/dict_16_192_64_0p5_0p02_0008_0002" 6454
"/Engine/EngineMaterials/Substrate/GLints/dict_16_192_64_0p5_0p02_0008_0003" 6455
"/Engine/EngineMaterials/Substrate/GLints/dict_16_192_64_0p5_0p02_0008_0004" 6456
"/Engine/EngineMaterials/Substrate/GLints/dict_16_192_64_0p5_0p02_0008_0005" 6457
"/Engine/EngineMaterials/Substrate/GLints/dict_16_192_64_0p5_0p02_0008_0006" 6458
"/Engine/EngineMaterials/Substrate/GLints/dict_16_192_64_0p5_0p02_0008_0007" 6459
"/Engine/EngineMaterials/Substrate/GLints/dict_16_192_64_0p5_0p02_0008_0008" 6460
"/Engine/EngineMaterials/Substrate/GLints/dict_16_192_64_0p5_0p02_0008_0009" 6461
"/Engine/EngineMaterials/Substrate/GLints/dict_16_192_64_0p5_0p02_0008_0010" 6462
"/Engine/EngineMaterials/Substrate/GLints/dict_16_192_64_0p5_0p02_0008_0011" 6463
"/Engine/EngineMaterials/Substrate/GLints/dict_16_192_64_0p5_0p02_0008_0012" 6464
"/Engine/EngineMaterials/Substrate/GLints/dict_16_192_64_0p5_0p02_0008_0013" 6465
"/Engine/EngineMaterials/Substrate/GLints/dict_16_192_64_0p5_0p02_0008_0014" 6466
"/Engine/EngineMaterials/Substrate/GLints/dict_16_192_64_0p5_0p02_0008_0015" 6467
"/Engine/EngineMaterials/Substrate/GLints/dict_16_192_64_0p5_0p02_0009_0000" 6468
"../../../Engine/Content/EngineMaterials/Substrate/GLints/dict_16_192_64_0p5_0p02_0007_0000.uasset" 6469
"../../../Engine/Content/EngineMaterials/Substrate/GLints/dict_16_192_64_0p5_0p02_0006_0015.uasset" 6470
"/Engine/EngineMaterials/Substrate/GLints/dict_16_192_64_0p5_0p02_0007_0001" 6471
"../../../Engine/Content/EngineMaterials/Substrate/GLints/dict_16_192_64_0p5_0p02_0006_0014.uasset" 6472
"../../../Engine/Content/EngineMaterials/Substrate/GLints/dict_16_192_64_0p5_0p02_0006_0013.uasset" 6473
"../../../Engine/Content/EngineMaterials/Substrate/GLints/dict_16_192_64_0p5_0p02_0006_0012.uasset" 6474
"../../../Engine/Content/EngineMaterials/Substrate/GLints/dict_16_192_64_0p5_0p02_0006_0011.uasset" 6475
"../../../Engine/Content/EngineMaterials/Substrate/GLints/dict_16_192_64_0p5_0p02_0006_0010.uasset" 6476
"../../../Engine/Content/EngineMaterials/Substrate/GLints/dict_16_192_64_0p5_0p02_0006_0009.uasset" 6477
"../../../Engine/Content/EngineMaterials/Substrate/GLints/dict_16_192_64_0p5_0p02_0006_0008.uasset" 6478
"../../../Engine/Content/EngineMaterials/Substrate/GLints/dict_16_192_64_0p5_0p02_0006_0007.uasset" 6479
"../../../Engine/Content/EngineMaterials/Substrate/GLints/dict_16_192_64_0p5_0p02_0006_0006.uasset" 6480
"../../../Engine/Content/EngineMaterials/Substrate/GLints/dict_16_192_64_0p5_0p02_0006_0005.uasset" 6481
"/Engine/EngineMaterials/Substrate/GLints/dict_16_192_64_0p5_0p02_0007_0002" 6482
"../../../Engine/Content/EngineMaterials/Substrate/GLints/dict_16_192_64_0p5_0p02_0006_0004.uasset" 6483
"../../../Engine/Content/EngineMaterials/Substrate/GLints/dict_16_192_64_0p5_0p02_0006_0003.uasset" 6484
"../../../Engine/Content/EngineMaterials/Substrate/GLints/dict_16_192_64_0p5_0p02_0006_0001.uasset" 6485
"../../../Engine/Content/EngineMaterials/Substrate/GLints/dict_16_192_64_0p5_0p02_0006_0002.uasset" 6486
"../../../Engine/Content/EngineMaterials/Substrate/GLints/dict_16_192_64_0p5_0p02_0006_0000.uasset" 6487
"../../../Engine/Content/EngineMaterials/Substrate/GLints/dict_16_192_64_0p5_0p02_0005_0015.uasset" 6488
"../../../Engine/Content/EngineMaterials/Substrate/GLints/dict_16_192_64_0p5_0p02_0005_0014.uasset" 6489
"../../../Engine/Content/EngineMaterials/Substrate/GLints/dict_16_192_64_0p5_0p02_0005_0013.uasset" 6490
"../../../Engine/Content/EngineMaterials/Substrate/GLints/dict_16_192_64_0p5_0p02_0005_0012.uasset" 6491
"/Engine/EngineMaterials/Substrate/GLints/dict_16_192_64_0p5_0p02_0007_0003" 6492
"../../../Engine/Content/EngineMaterials/Substrate/GLints/dict_16_192_64_0p5_0p02_0005_0011.uasset" 6493
"/Engine/EngineMaterials/Substrate/GLints/dict_16_192_64_0p5_0p02_0007_0004" 6494
"/Engine/EngineMaterials/Substrate/GLints/dict_16_192_64_0p5_0p02_0007_0005" 6495
"/Engine/EngineMaterials/Substrate/GLints/dict_16_192_64_0p5_0p02_0007_0006" 6496
"/Engine/EngineMaterials/Substrate/GLints/dict_16_192_64_0p5_0p02_0007_0007" 6497
"/Engine/EngineMaterials/Substrate/GLints/dict_16_192_64_0p5_0p02_0007_0008" 6498
"/Engine/EngineMaterials/Substrate/GLints/dict_16_192_64_0p5_0p02_0007_0009" 6499
"/Engine/EngineMaterials/Substrate/GLints/dict_16_192_64_0p5_0p02_0007_0010" 6500
"../../../Engine/Content/EngineMaterials/Substrate/GLints/dict_16_192_64_0p5_0p02_0005_0010.uasset" 6501
"../../../Engine/Content/EngineMaterials/Substrate/GLints/dict_16_192_64_0p5_0p02_0005_0009.uasset" 6502
"/Engine/EngineMaterials/Substrate/GLints/dict_16_192_64_0p5_0p02_0005_0011" 6503
"../../../Engine/Content/EngineMaterials/Substrate/GLints/dict_16_192_64_0p5_0p02_0005_0008.uasset" 6504
"../../../Engine/Content/EngineMaterials/Substrate/GLints/dict_16_192_64_0p5_0p02_0005_0007.uasset" 6505
"../../../Engine/Content/EngineMaterials/Substrate/GLints/dict_16_192_64_0p5_0p02_0005_0006.uasset" 6506
"../../../Engine/Content/EngineMaterials/Substrate/GLints/dict_16_192_64_0p5_0p02_0005_0005.uasset" 6507
"../../../Engine/Content/EngineMaterials/Substrate/GLints/dict_16_192_64_0p5_0p02_0005_0004.uasset" 6508
"../../../Engine/Content/EngineMaterials/Substrate/GLints/dict_16_192_64_0p5_0p02_0005_0002.uasset" 6509
"../../../Engine/Content/EngineMaterials/Substrate/GLints/dict_16_192_64_0p5_0p02_0005_0003.uasset" 6510
"../../../Engine/Content/EngineMaterials/Substrate/GLints/dict_16_192_64_0p5_0p02_0005_0001.uasset" 6511
"/Engine/EngineMaterials/Substrate/GLints/dict_16_192_64_0p5_0p02_0005_0012" 6512
"/Engine/EngineMaterials/Substrate/GLints/dict_16_192_64_0p5_0p02_0005_0013" 6513
"/Engine/EngineMaterials/Substrate/GLints/dict_16_192_64_0p5_0p02_0005_0014" 6514
"/Engine/EngineMaterials/Substrate/GLints/dict_16_192_64_0p5_0p02_0005_0015" 6515
"/Engine/EngineMaterials/Substrate/GLints/dict_16_192_64_0p5_0p02_0006_0000" 6516
"/Engine/EngineMaterials/Substrate/GLints/dict_16_192_64_0p5_0p02_0006_0001" 6517
"/Engine/EngineMaterials/Substrate/GLints/dict_16_192_64_0p5_0p02_0006_0002" 6518
"/Engine/EngineMaterials/Substrate/GLints/dict_16_192_64_0p5_0p02_0006_0003" 6519
"/Engine/EngineMaterials/Substrate/GLints/dict_16_192_64_0p5_0p02_0006_0004" 6520
"/Engine/EngineMaterials/Substrate/GLints/dict_16_192_64_0p5_0p02_0006_0005" 6521
"/Engine/EngineMaterials/Substrate/GLints/dict_16_192_64_0p5_0p02_0006_0006" 6522
"/Engine/EngineMaterials/Substrate/GLints/dict_16_192_64_0p5_0p02_0006_0007" 6523
"/Engine/EngineMaterials/Substrate/GLints/dict_16_192_64_0p5_0p02_0006_0008" 6524
"/Engine/EngineMaterials/Substrate/GLints/dict_16_192_64_0p5_0p02_0006_0009" 6525
"/Engine/EngineMaterials/Substrate/GLints/dict_16_192_64_0p5_0p02_0006_0010" 6526
"/Engine/EngineMaterials/Substrate/GLints/dict_16_192_64_0p5_0p02_0006_0011" 6527
"/Engine/EngineMaterials/Substrate/GLints/dict_16_192_64_0p5_0p02_0006_0012" 6528
"/Engine/EngineMaterials/Substrate/GLints/dict_16_192_64_0p5_0p02_0006_0013" 6529
"/Engine/EngineMaterials/Substrate/GLints/dict_16_192_64_0p5_0p02_0006_0014" 6530
"/Engine/EngineMaterials/Substrate/GLints/dict_16_192_64_0p5_0p02_0006_0015" 6531
"/Engine/EngineMaterials/Substrate/GLints/dict_16_192_64_0p5_0p02_0007_0000" 6532
"../../../Engine/Content/EngineMaterials/Substrate/GLints/dict_16_192_64_0p5_0p02_0005_0000.uasset" 6533
"../../../Engine/Content/EngineMaterials/Substrate/GLints/dict_16_192_64_0p5_0p02_0004_0015.uasset" 6534
"/Engine/EngineMaterials/Substrate/GLints/dict_16_192_64_0p5_0p02_0005_0001" 6535
"../../../Engine/Content/EngineMaterials/Substrate/GLints/dict_16_192_64_0p5_0p02_0004_0014.uasset" 6536
"../../../Engine/Content/EngineMaterials/Substrate/GLints/dict_16_192_64_0p5_0p02_0004_0013.uasset" 6537
"../../../Engine/Content/EngineMaterials/Substrate/GLints/dict_16_192_64_0p5_0p02_0004_0012.uasset" 6538
"../../../Engine/Content/EngineMaterials/Substrate/GLints/dict_16_192_64_0p5_0p02_0004_0010.uasset" 6539
"../../../Engine/Content/EngineMaterials/Substrate/GLints/dict_16_192_64_0p5_0p02_0004_0011.uasset" 6540
"../../../Engine/Content/EngineMaterials/Substrate/GLints/dict_16_192_64_0p5_0p02_0004_0009.uasset" 6541
"../../../Engine/Content/EngineMaterials/Substrate/GLints/dict_16_192_64_0p5_0p02_0004_0008.uasset" 6542
"/Engine/EngineMaterials/Substrate/GLints/dict_16_192_64_0p5_0p02_0005_0002" 6543
"../../../Engine/Content/EngineMaterials/Substrate/GLints/dict_16_192_64_0p5_0p02_0004_0007.uasset" 6544
"../../../Engine/Content/EngineMaterials/Substrate/GLints/dict_16_192_64_0p5_0p02_0004_0006.uasset" 6545
"../../../Engine/Content/EngineMaterials/Substrate/GLints/dict_16_192_64_0p5_0p02_0004_0005.uasset" 6546
"../../../Engine/Content/EngineMaterials/Substrate/GLints/dict_16_192_64_0p5_0p02_0004_0004.uasset" 6547
"../../../Engine/Content/EngineMaterials/Substrate/GLints/dict_16_192_64_0p5_0p02_0004_0003.uasset" 6548
"../../../Engine/Content/EngineMaterials/Substrate/GLints/dict_16_192_64_0p5_0p02_0004_0002.uasset" 6549
"../../../Engine/Content/EngineMaterials/Substrate/GLints/dict_16_192_64_0p5_0p02_0004_0001.uasset" 6550
"../../../Engine/Content/EngineMaterials/Substrate/GLints/dict_16_192_64_0p5_0p02_0004_0000.uasset" 6551
"../../../Engine/Content/EngineMaterials/Substrate/GLints/dict_16_192_64_0p5_0p02_0003_0015.uasset" 6552
"../../../Engine/Content/EngineMaterials/Substrate/GLints/dict_16_192_64_0p5_0p02_0003_0014.uasset" 6553
"../../../Engine/Content/EngineMaterials/Substrate/GLints/dict_16_192_64_0p5_0p02_0003_0013.uasset" 6554
"../../../Engine/Content/EngineMaterials/Substrate/GLints/dict_16_192_64_0p5_0p02_0003_0012.uasset" 6555
"../../../Engine/Content/EngineMaterials/Substrate/GLints/dict_16_192_64_0p5_0p02_0003_0011.uasset" 6556
"/Engine/EngineMaterials/Substrate/GLints/dict_16_192_64_0p5_0p02_0005_0003" 6557
"/Engine/EngineMaterials/Substrate/GLints/dict_16_192_64_0p5_0p02_0005_0004" 6558
"/Engine/EngineMaterials/Substrate/GLints/dict_16_192_64_0p5_0p02_0005_0005" 6559
"/Engine/EngineMaterials/Substrate/GLints/dict_16_192_64_0p5_0p02_0005_0006" 6560
"/Engine/EngineMaterials/Substrate/GLints/dict_16_192_64_0p5_0p02_0005_0007" 6561
"/Engine/EngineMaterials/Substrate/GLints/dict_16_192_64_0p5_0p02_0005_0008" 6562
"/Engine/EngineMaterials/Substrate/GLints/dict_16_192_64_0p5_0p02_0005_0009" 6563
"/Engine/EngineMaterials/Substrate/GLints/dict_16_192_64_0p5_0p02_0005_0010" 6564
"../../../Engine/Content/EngineMaterials/Substrate/GLints/dict_16_192_64_0p5_0p02_0003_0010.uasset" 6565
"../../../Engine/Content/EngineMaterials/Substrate/GLints/dict_16_192_64_0p5_0p02_0003_0009.uasset" 6566
"../../../Engine/Content/EngineMaterials/Substrate/GLints/dict_16_192_64_0p5_0p02_0003_0008.uasset" 6567
"/Engine/EngineMaterials/Substrate/GLints/dict_16_192_64_0p5_0p02_0003_0011" 6568
"../../../Engine/Content/EngineMaterials/Substrate/GLints/dict_16_192_64_0p5_0p02_0003_0007.uasset" 6569
"../../../Engine/Content/EngineMaterials/Substrate/GLints/dict_16_192_64_0p5_0p02_0003_0006.uasset" 6570
"../../../Engine/Content/EngineMaterials/Substrate/GLints/dict_16_192_64_0p5_0p02_0003_0005.uasset" 6571
"../../../Engine/Content/EngineMaterials/Substrate/GLints/dict_16_192_64_0p5_0p02_0003_0004.uasset" 6572
"../../../Engine/Content/EngineMaterials/Substrate/GLints/dict_16_192_64_0p5_0p02_0003_0003.uasset" 6573
"../../../Engine/Content/EngineMaterials/Substrate/GLints/dict_16_192_64_0p5_0p02_0003_0002.uasset" 6574
"../../../Engine/Content/EngineMaterials/Substrate/GLints/dict_16_192_64_0p5_0p02_0003_0001.uasset" 6575
"/Engine/EngineMaterials/Substrate/GLints/dict_16_192_64_0p5_0p02_0003_0012" 6576
"/Engine/EngineMaterials/Substrate/GLints/dict_16_192_64_0p5_0p02_0003_0013" 6577
"/Engine/EngineMaterials/Substrate/GLints/dict_16_192_64_0p5_0p02_0003_0014" 6578
"/Engine/EngineMaterials/Substrate/GLints/dict_16_192_64_0p5_0p02_0003_0015" 6579
"/Engine/EngineMaterials/Substrate/GLints/dict_16_192_64_0p5_0p02_0004_0000" 6580
"/Engine/EngineMaterials/Substrate/GLints/dict_16_192_64_0p5_0p02_0004_0001" 6581
"/Engine/EngineMaterials/Substrate/GLints/dict_16_192_64_0p5_0p02_0004_0002" 6582
"/Engine/EngineMaterials/Substrate/GLints/dict_16_192_64_0p5_0p02_0004_0003" 6583
"/Engine/EngineMaterials/Substrate/GLints/dict_16_192_64_0p5_0p02_0004_0004" 6584
"/Engine/EngineMaterials/Substrate/GLints/dict_16_192_64_0p5_0p02_0004_0005" 6585
"/Engine/EngineMaterials/Substrate/GLints/dict_16_192_64_0p5_0p02_0004_0006" 6586
"/Engine/EngineMaterials/Substrate/GLints/dict_16_192_64_0p5_0p02_0004_0007" 6587
"/Engine/EngineMaterials/Substrate/GLints/dict_16_192_64_0p5_0p02_0004_0008" 6588
"/Engine/EngineMaterials/Substrate/GLints/dict_16_192_64_0p5_0p02_0004_0009" 6589
"/Engine/EngineMaterials/Substrate/GLints/dict_16_192_64_0p5_0p02_0004_0010" 6590
"/Engine/EngineMaterials/Substrate/GLints/dict_16_192_64_0p5_0p02_0004_0011" 6591
"/Engine/EngineMaterials/Substrate/GLints/dict_16_192_64_0p5_0p02_0004_0012" 6592
"/Engine/EngineMaterials/Substrate/GLints/dict_16_192_64_0p5_0p02_0004_0013" 6593
"/Engine/EngineMaterials/Substrate/GLints/dict_16_192_64_0p5_0p02_0004_0014" 6594
"/Engine/EngineMaterials/Substrate/GLints/dict_16_192_64_0p5_0p02_0004_0015" 6595
"/Engine/EngineMaterials/Substrate/GLints/dict_16_192_64_0p5_0p02_0005_0000" 6596
"../../../Engine/Content/EngineMaterials/Substrate/GLints/dict_16_192_64_0p5_0p02_0003_0000.uasset" 6597
"../../../Engine/Content/EngineMaterials/Substrate/GLints/dict_16_192_64_0p5_0p02_0002_0015.uasset" 6598
"/Engine/EngineMaterials/Substrate/GLints/dict_16_192_64_0p5_0p02_0003_0001" 6599
"../../../Engine/Content/EngineMaterials/Substrate/GLints/dict_16_192_64_0p5_0p02_0002_0014.uasset" 6600
"../../../Engine/Content/EngineMaterials/Substrate/GLints/dict_16_192_64_0p5_0p02_0002_0013.uasset" 6601
"../../../Engine/Content/EngineMaterials/Substrate/GLints/dict_16_192_64_0p5_0p02_0002_0012.uasset" 6602
"../../../Engine/Content/EngineMaterials/Substrate/GLints/dict_16_192_64_0p5_0p02_0002_0011.uasset" 6603
"../../../Engine/Content/EngineMaterials/Substrate/GLints/dict_16_192_64_0p5_0p02_0002_0010.uasset" 6604
"../../../Engine/Content/EngineMaterials/Substrate/GLints/dict_16_192_64_0p5_0p02_0002_0009.uasset" 6605
"/Engine/EngineMaterials/Substrate/GLints/dict_16_192_64_0p5_0p02_0003_0002" 6606
"../../../Engine/Content/EngineMaterials/Substrate/GLints/dict_16_192_64_0p5_0p02_0002_0008.uasset" 6607
"../../../Engine/Content/EngineMaterials/Substrate/GLints/dict_16_192_64_0p5_0p02_0002_0006.uasset" 6608
"../../../Engine/Content/EngineMaterials/Substrate/GLints/dict_16_192_64_0p5_0p02_0002_0007.uasset" 6609
"../../../Engine/Content/EngineMaterials/Substrate/GLints/dict_16_192_64_0p5_0p02_0002_0005.uasset" 6610
"../../../Engine/Content/EngineMaterials/Substrate/GLints/dict_16_192_64_0p5_0p02_0002_0004.uasset" 6611
"../../../Engine/Content/EngineMaterials/Substrate/GLints/dict_16_192_64_0p5_0p02_0002_0003.uasset" 6612
"/Engine/EngineMaterials/Substrate/GLints/dict_16_192_64_0p5_0p02_0003_0003" 6613
"../../../Engine/Content/EngineMaterials/Substrate/GLints/dict_16_192_64_0p5_0p02_0002_0002.uasset" 6614
"../../../Engine/Content/EngineMaterials/Substrate/GLints/dict_16_192_64_0p5_0p02_0002_0001.uasset" 6615
"../../../Engine/Content/EngineMaterials/Substrate/GLints/dict_16_192_64_0p5_0p02_0002_0000.uasset" 6616
"../../../Engine/Content/EngineMaterials/Substrate/GLints/dict_16_192_64_0p5_0p02_0001_0015.uasset" 6617
"../../../Engine/Content/EngineMaterials/Substrate/GLints/dict_16_192_64_0p5_0p02_0001_0014.uasset" 6618
"../../../Engine/Content/EngineMaterials/Substrate/GLints/dict_16_192_64_0p5_0p02_0001_0012.uasset" 6619
"../../../Engine/Content/EngineMaterials/Substrate/GLints/dict_16_192_64_0p5_0p02_0001_0013.uasset" 6620
"../../../Engine/Content/EngineMaterials/Substrate/GLints/dict_16_192_64_0p5_0p02_0001_0011.uasset" 6621
"/Engine/EngineMaterials/Substrate/GLints/dict_16_192_64_0p5_0p02_0003_0004" 6622
"/Engine/EngineMaterials/Substrate/GLints/dict_16_192_64_0p5_0p02_0003_0005" 6623
"/Engine/EngineMaterials/Substrate/GLints/dict_16_192_64_0p5_0p02_0003_0006" 6624
"/Engine/EngineMaterials/Substrate/GLints/dict_16_192_64_0p5_0p02_0003_0007" 6625
"/Engine/EngineMaterials/Substrate/GLints/dict_16_192_64_0p5_0p02_0003_0008" 6626
"/Engine/EngineMaterials/Substrate/GLints/dict_16_192_64_0p5_0p02_0003_0009" 6627
"/Engine/EngineMaterials/Substrate/GLints/dict_16_192_64_0p5_0p02_0003_0010" 6628
"../../../Engine/Content/EngineMaterials/Substrate/GLints/dict_16_192_64_0p5_0p02_0001_0010.uasset" 6629
"../../../Engine/Content/EngineMaterials/Substrate/GLints/dict_16_192_64_0p5_0p02_0001_0009.uasset" 6630
"/Engine/EngineMaterials/Substrate/GLints/dict_16_192_64_0p5_0p02_0001_0011" 6631
"../../../Engine/Content/EngineMaterials/Substrate/GLints/dict_16_192_64_0p5_0p02_0001_0007.uasset" 6632
"../../../Engine/Content/EngineMaterials/Substrate/GLints/dict_16_192_64_0p5_0p02_0001_0008.uasset" 6633
"../../../Engine/Content/EngineMaterials/Substrate/GLints/dict_16_192_64_0p5_0p02_0001_0005.uasset" 6634
"../../../Engine/Content/EngineMaterials/Substrate/GLints/dict_16_192_64_0p5_0p02_0001_0006.uasset" 6635
"../../../Engine/Content/EngineMaterials/Substrate/GLints/dict_16_192_64_0p5_0p02_0001_0004.uasset" 6636
"/Engine/EngineMaterials/Substrate/GLints/dict_16_192_64_0p5_0p02_0001_0012" 6637
"../../../Engine/Content/EngineMaterials/Substrate/GLints/dict_16_192_64_0p5_0p02_0001_0003.uasset" 6638
"../../../Engine/Content/EngineMaterials/Substrate/GLints/dict_16_192_64_0p5_0p02_0001_0001.uasset" 6639
"../../../Engine/Content/EngineMaterials/Substrate/GLints/dict_16_192_64_0p5_0p02_0001_0002.uasset" 6640
"/Engine/EngineMaterials/Substrate/GLints/dict_16_192_64_0p5_0p02_0001_0013" 6641
"/Engine/EngineMaterials/Substrate/GLints/dict_16_192_64_0p5_0p02_0001_0014" 6642
"/Engine/EngineMaterials/Substrate/GLints/dict_16_192_64_0p5_0p02_0001_0015" 6643
"/Engine/EngineMaterials/Substrate/GLints/dict_16_192_64_0p5_0p02_0002_0000" 6644
"/Engine/EngineMaterials/Substrate/GLints/dict_16_192_64_0p5_0p02_0002_0001" 6645
"/Engine/EngineMaterials/Substrate/GLints/dict_16_192_64_0p5_0p02_0002_0002" 6646
"/Engine/EngineMaterials/Substrate/GLints/dict_16_192_64_0p5_0p02_0002_0003" 6647
"/Engine/EngineMaterials/Substrate/GLints/dict_16_192_64_0p5_0p02_0002_0004" 6648
"/Engine/EngineMaterials/Substrate/GLints/dict_16_192_64_0p5_0p02_0002_0005" 6649
"/Engine/EngineMaterials/Substrate/GLints/dict_16_192_64_0p5_0p02_0002_0006" 6650
"/Engine/EngineMaterials/Substrate/GLints/dict_16_192_64_0p5_0p02_0002_0007" 6651
"/Engine/EngineMaterials/Substrate/GLints/dict_16_192_64_0p5_0p02_0002_0008" 6652
"/Engine/EngineMaterials/Substrate/GLints/dict_16_192_64_0p5_0p02_0002_0009" 6653
"/Engine/EngineMaterials/Substrate/GLints/dict_16_192_64_0p5_0p02_0002_0010" 6654
"/Engine/EngineMaterials/Substrate/GLints/dict_16_192_64_0p5_0p02_0002_0011" 6655
"/Engine/EngineMaterials/Substrate/GLints/dict_16_192_64_0p5_0p02_0002_0012" 6656
"/Engine/EngineMaterials/Substrate/GLints/dict_16_192_64_0p5_0p02_0002_0013" 6657
"/Engine/EngineMaterials/Substrate/GLints/dict_16_192_64_0p5_0p02_0002_0014" 6658
"/Engine/EngineMaterials/Substrate/GLints/dict_16_192_64_0p5_0p02_0002_0015" 6659
"/Engine/EngineMaterials/Substrate/GLints/dict_16_192_64_0p5_0p02_0003_0000" 6660
"../../../Engine/Content/EngineMaterials/Substrate/GLints/dict_16_192_64_0p5_0p02_0000_0015.uasset" 6661
"../../../Engine/Content/EngineMaterials/Substrate/GLints/dict_16_192_64_0p5_0p02_0001_0000.uasset" 6662
"/Engine/EngineMaterials/Substrate/GLints/dict_16_192_64_0p5_0p02_0001_0001" 6663
"../../../Engine/Content/EngineMaterials/Substrate/GLints/dict_16_192_64_0p5_0p02_0000_0014.uasset" 6664
"../../../Engine/Content/EngineMaterials/Substrate/GLints/dict_16_192_64_0p5_0p02_0000_0013.uasset" 6665
"../../../Engine/Content/EngineMaterials/Substrate/GLints/dict_16_192_64_0p5_0p02_0000_0012.uasset" 6666
"../../../Engine/Content/EngineMaterials/Substrate/GLints/dict_16_192_64_0p5_0p02_0000_0011.uasset" 6667
"/Engine/EngineMaterials/Substrate/GLints/dict_16_192_64_0p5_0p02_0001_0002" 6668
"../../../Engine/Content/EngineMaterials/Substrate/GLints/dict_16_192_64_0p5_0p02_0000_0010.uasset" 6669
"../../../Engine/Content/EngineMaterials/Substrate/GLints/dict_16_192_64_0p5_0p02_0000_0009.uasset" 6670
"../../../Engine/Content/EngineMaterials/Substrate/GLints/dict_16_192_64_0p5_0p02_0000_0008.uasset" 6671
"/Engine/EngineMaterials/Substrate/GLints/dict_16_192_64_0p5_0p02_0001_0003" 6672
"../../../Engine/Content/EngineMaterials/Substrate/GLints/dict_16_192_64_0p5_0p02_0000_0007.uasset" 6673
"../../../Engine/Content/EngineMaterials/Substrate/GLints/dict_16_192_64_0p5_0p02_0000_0006.uasset" 6674
"../../../Engine/Content/EngineMaterials/Substrate/GLints/dict_16_192_64_0p5_0p02_0000_0005.uasset" 6675
"../../../Engine/Content/EngineMaterials/Substrate/GLints/dict_16_192_64_0p5_0p02_0000_0004.uasset" 6676
"/Engine/EngineMaterials/Substrate/GLints/dict_16_192_64_0p5_0p02_0001_0004" 6677
"../../../Engine/Content/EngineMaterials/Substrate/GLints/dict_16_192_64_0p5_0p02_0000_0003.uasset" 6678
"../../../Engine/Content/EngineMaterials/Substrate/GLints/dict_16_192_64_0p5_0p02_0000_0002.uasset" 6679
"../../../Engine/Content/EngineMaterials/Substrate/GLints/dict_16_192_64_0p5_0p02_0000_0000.uasset" 6680
"../../../Engine/Content/EngineMaterials/Substrate/GLints/dict_16_192_64_0p5_0p02_0000_0001.uasset" 6681
"../../../Engine/Content/EngineMaterials/Substrate/GLints/AGlintTex2dArray.uasset" 6682
"../../../Engine/Content/EngineMaterials/Substrate/Glints2/dict_0007_0255.uasset" 6683
"../../../Engine/Content/EngineMaterials/Substrate/Glints2/dict_0007_0254.uasset" 6684
"/Engine/EngineMaterials/Substrate/GLints/dict_16_192_64_0p5_0p02_0001_0005" 6685
"../../../Engine/Content/EngineMaterials/Substrate/Glints2/dict_0007_0253.uasset" 6686
"../../../Engine/Content/EngineMaterials/Substrate/Glints2/dict_0007_0252.uasset" 6687
"/Engine/EngineMaterials/Substrate/GLints/dict_16_192_64_0p5_0p02_0001_0006" 6688
"/Engine/EngineMaterials/Substrate/GLints/dict_16_192_64_0p5_0p02_0001_0007" 6689
"/Engine/EngineMaterials/Substrate/GLints/dict_16_192_64_0p5_0p02_0001_0008" 6690
"/Engine/EngineMaterials/Substrate/GLints/dict_16_192_64_0p5_0p02_0001_0009" 6691
"/Engine/EngineMaterials/Substrate/GLints/dict_16_192_64_0p5_0p02_0001_0010" 6692
"../../../Engine/Content/EngineMaterials/Substrate/Glints2/dict_0007_0251.uasset" 6693
"../../../Engine/Content/EngineMaterials/Substrate/Glints2/dict_0007_0250.uasset" 6694
"../../../Engine/Content/EngineMaterials/Substrate/Glints2/dict_0007_0249.uasset" 6695
"../../../Engine/Content/EngineMaterials/Substrate/Glints2/dict_0007_0248.uasset" 6696
"/Engine/EngineMaterials/Substrate/Glints2/dict_0007_0252" 6697
"../../../Engine/Content/EngineMaterials/Substrate/Glints2/dict_0007_0247.uasset" 6698
"../../../Engine/Content/EngineMaterials/Substrate/Glints2/dict_0007_0246.uasset" 6699
"../../../Engine/Content/EngineMaterials/Substrate/Glints2/dict_0007_0245.uasset" 6700
"../../../Engine/Content/EngineMaterials/Substrate/Glints2/dict_0007_0244.uasset" 6701
"../../../Engine/Content/EngineMaterials/Substrate/Glints2/dict_0007_0243.uasset" 6702
"../../../Engine/Content/EngineMaterials/Substrate/Glints2/dict_0007_0242.uasset" 6703
"/Engine/EngineMaterials/Substrate/Glints2/dict_0007_0253" 6704
"/Engine/EngineMaterials/Substrate/Glints2/dict_0007_0254" 6705
"/Engine/EngineMaterials/Substrate/Glints2/dict_0007_0255" 6706
"/Engine/EngineMaterials/Substrate/GLints/AGlintTex2dArray" 6707
"/Engine/EngineMaterials/Substrate/Glints2/dict_0007_0250" 6708
"/Engine/EngineMaterials/Substrate/Glints2/dict_0007_0251" 6709
"/Engine/EngineMaterials/Substrate/Glints2/dict_0007_0242" 6710
"../../../Engine/Content/EngineMaterials/Substrate/Glints2/dict_0007_0240.uasset" 6711
"../../../Engine/Content/EngineMaterials/Substrate/Glints2/dict_0007_0241.uasset" 6712
"../../../Engine/Content/EngineMaterials/Substrate/Glints2/dict_0007_0239.uasset" 6713
"../../../Engine/Content/EngineMaterials/Substrate/Glints2/dict_0007_0238.uasset" 6714
"/Engine/EngineMaterials/Substrate/Glints2/dict_0007_0243" 6715
"../../../Engine/Content/EngineMaterials/Substrate/Glints2/dict_0007_0237.uasset" 6716
"../../../Engine/Content/EngineMaterials/Substrate/Glints2/dict_0007_0235.uasset" 6717
"../../../Engine/Content/EngineMaterials/Substrate/Glints2/dict_0007_0236.uasset" 6718
"../../../Engine/Content/EngineMaterials/Substrate/Glints2/dict_0007_0234.uasset" 6719
"../../../Engine/Content/EngineMaterials/Substrate/Glints2/dict_0007_0232.uasset" 6720
"../../../Engine/Content/EngineMaterials/Substrate/Glints2/dict_0007_0233.uasset" 6721
"../../../Engine/Content/EngineMaterials/Substrate/Glints2/dict_0007_0231.uasset" 6722
"/Engine/EngineMaterials/Substrate/Glints2/dict_0007_0244" 6723
"../../../Engine/Content/EngineMaterials/Substrate/Glints2/dict_0007_0230.uasset" 6724
"../../../Engine/Content/EngineMaterials/Substrate/Glints2/dict_0007_0229.uasset" 6725
"../../../Engine/Content/EngineMaterials/Substrate/Glints2/dict_0007_0228.uasset" 6726
"../../../Engine/Content/EngineMaterials/Substrate/Glints2/dict_0007_0227.uasset" 6727
"../../../Engine/Content/EngineMaterials/Substrate/Glints2/dict_0007_0225.uasset" 6728
"../../../Engine/Content/EngineMaterials/Substrate/Glints2/dict_0007_0226.uasset" 6729
"../../../Engine/Content/EngineMaterials/Substrate/Glints2/dict_0007_0224.uasset" 6730
"/Engine/EngineMaterials/Substrate/Glints2/dict_0007_0245" 6731
"../../../Engine/Content/EngineMaterials/Substrate/Glints2/dict_0007_0222.uasset" 6732
"../../../Engine/Content/EngineMaterials/Substrate/Glints2/dict_0007_0223.uasset" 6733
"../../../Engine/Content/EngineMaterials/Substrate/Glints2/dict_0007_0221.uasset" 6734
"../../../Engine/Content/EngineMaterials/Substrate/Glints2/dict_0007_0219.uasset" 6735
"../../../Engine/Content/EngineMaterials/Substrate/Glints2/dict_0007_0220.uasset" 6736
"../../../Engine/Content/EngineMaterials/Substrate/Glints2/dict_0007_0218.uasset" 6737
"/Engine/EngineMaterials/Substrate/Glints2/dict_0007_0246" 6738
"/Engine/EngineMaterials/Substrate/Glints2/dict_0007_0247" 6739
"/Engine/EngineMaterials/Substrate/Glints2/dict_0007_0248" 6740
"/Engine/EngineMaterials/Substrate/Glints2/dict_0007_0249" 6741
"../../../Engine/Content/EngineMaterials/Substrate/Glints2/dict_0007_0217.uasset" 6742
"../../../Engine/Content/EngineMaterials/Substrate/Glints2/dict_0007_0216.uasset" 6743
"/Engine/EngineMaterials/Substrate/Glints2/dict_0007_0218" 6744
"../../../Engine/Content/EngineMaterials/Substrate/Glints2/dict_0007_0214.uasset" 6745
"../../../Engine/Content/EngineMaterials/Substrate/Glints2/dict_0007_0215.uasset" 6746
"../../../Engine/Content/EngineMaterials/Substrate/Glints2/dict_0007_0213.uasset" 6747
"../../../Engine/Content/EngineMaterials/Substrate/Glints2/dict_0007_0211.uasset" 6748
"../../../Engine/Content/EngineMaterials/Substrate/Glints2/dict_0007_0212.uasset" 6749
"../../../Engine/Content/EngineMaterials/Substrate/Glints2/dict_0007_0210.uasset" 6750
"/Engine/EngineMaterials/Substrate/Glints2/dict_0007_0219" 6751
"/Engine/EngineMaterials/Substrate/Glints2/dict_0007_0220" 6752
"/Engine/EngineMaterials/Substrate/Glints2/dict_0007_0221" 6753
"/Engine/EngineMaterials/Substrate/Glints2/dict_0007_0222" 6754
"/Engine/EngineMaterials/Substrate/Glints2/dict_0007_0223" 6755
"/Engine/EngineMaterials/Substrate/Glints2/dict_0007_0224" 6756
"/Engine/EngineMaterials/Substrate/Glints2/dict_0007_0225" 6757
"/Engine/EngineMaterials/Substrate/Glints2/dict_0007_0226" 6758
"/Engine/EngineMaterials/Substrate/Glints2/dict_0007_0227" 6759
"/Engine/EngineMaterials/Substrate/Glints2/dict_0007_0228" 6760
"/Engine/EngineMaterials/Substrate/Glints2/dict_0007_0229" 6761
"/Engine/EngineMaterials/Substrate/Glints2/dict_0007_0230" 6762
"/Engine/EngineMaterials/Substrate/Glints2/dict_0007_0231" 6763
"/Engine/EngineMaterials/Substrate/Glints2/dict_0007_0232" 6764
"/Engine/EngineMaterials/Substrate/Glints2/dict_0007_0233" 6765
"/Engine/EngineMaterials/Substrate/Glints2/dict_0007_0234" 6766
"/Engine/EngineMaterials/Substrate/Glints2/dict_0007_0235" 6767
"/Engine/EngineMaterials/Substrate/Glints2/dict_0007_0236" 6768
"/Engine/EngineMaterials/Substrate/Glints2/dict_0007_0237" 6769
"/Engine/EngineMaterials/Substrate/Glints2/dict_0007_0238" 6770
"/Engine/EngineMaterials/Substrate/Glints2/dict_0007_0239" 6771
"/Engine/EngineMaterials/Substrate/Glints2/dict_0007_0240" 6772
"/Engine/EngineMaterials/Substrate/Glints2/dict_0007_0241" 6773
"../../../Engine/Content/EngineMaterials/Substrate/Glints2/dict_0007_0209.uasset" 6774
"../../../Engine/Content/EngineMaterials/Substrate/Glints2/dict_0007_0208.uasset" 6775
"/Engine/EngineMaterials/Substrate/Glints2/dict_0007_0210" 6776
"../../../Engine/Content/EngineMaterials/Substrate/Glints2/dict_0007_0207.uasset" 6777
"../../../Engine/Content/EngineMaterials/Substrate/Glints2/dict_0007_0206.uasset" 6778
"../../../Engine/Content/EngineMaterials/Substrate/Glints2/dict_0007_0205.uasset" 6779
"../../../Engine/Content/EngineMaterials/Substrate/Glints2/dict_0007_0204.uasset" 6780
"../../../Engine/Content/EngineMaterials/Substrate/Glints2/dict_0007_0203.uasset" 6781
"../../../Engine/Content/EngineMaterials/Substrate/Glints2/dict_0007_0201.uasset" 6782
"../../../Engine/Content/EngineMaterials/Substrate/Glints2/dict_0007_0202.uasset" 6783
"../../../Engine/Content/EngineMaterials/Substrate/Glints2/dict_0007_0200.uasset" 6784
"../../../Engine/Content/EngineMaterials/Substrate/Glints2/dict_0007_0199.uasset" 6785
"../../../Engine/Content/EngineMaterials/Substrate/Glints2/dict_0007_0198.uasset" 6786
"../../../Engine/Content/EngineMaterials/Substrate/Glints2/dict_0007_0197.uasset" 6787
"../../../Engine/Content/EngineMaterials/Substrate/Glints2/dict_0007_0196.uasset" 6788
"../../../Engine/Content/EngineMaterials/Substrate/Glints2/dict_0007_0195.uasset" 6789
"../../../Engine/Content/EngineMaterials/Substrate/Glints2/dict_0007_0194.uasset" 6790
"../../../Engine/Content/EngineMaterials/Substrate/Glints2/dict_0007_0193.uasset" 6791
"../../../Engine/Content/EngineMaterials/Substrate/Glints2/dict_0007_0192.uasset" 6792
"../../../Engine/Content/EngineMaterials/Substrate/Glints2/dict_0007_0191.uasset" 6793
"../../../Engine/Content/EngineMaterials/Substrate/Glints2/dict_0007_0190.uasset" 6794
"../../../Engine/Content/EngineMaterials/Substrate/Glints2/dict_0007_0189.uasset" 6795
"../../../Engine/Content/EngineMaterials/Substrate/Glints2/dict_0007_0188.uasset" 6796
"../../../Engine/Content/EngineMaterials/Substrate/Glints2/dict_0007_0187.uasset" 6797
"../../../Engine/Content/EngineMaterials/Substrate/Glints2/dict_0007_0186.uasset" 6798
"/Engine/EngineMaterials/Substrate/Glints2/dict_0007_0211" 6799
"/Engine/EngineMaterials/Substrate/Glints2/dict_0007_0212" 6800
"/Engine/EngineMaterials/Substrate/Glints2/dict_0007_0213" 6801
"/Engine/EngineMaterials/Substrate/Glints2/dict_0007_0214" 6802
"/Engine/EngineMaterials/Substrate/Glints2/dict_0007_0215" 6803
"/Engine/EngineMaterials/Substrate/Glints2/dict_0007_0216" 6804
"/Engine/EngineMaterials/Substrate/Glints2/dict_0007_0217" 6805
"../../../Engine/Content/EngineMaterials/Substrate/Glints2/dict_0007_0185.uasset" 6806
"/Engine/EngineMaterials/Substrate/Glints2/dict_0007_0186" 6807
"../../../Engine/Content/EngineMaterials/Substrate/Glints2/dict_0007_0184.uasset" 6808
"../../../Engine/Content/EngineMaterials/Substrate/Glints2/dict_0007_0183.uasset" 6809
"../../../Engine/Content/EngineMaterials/Substrate/Glints2/dict_0007_0181.uasset" 6810
"../../../Engine/Content/EngineMaterials/Substrate/Glints2/dict_0007_0182.uasset" 6811
"../../../Engine/Content/EngineMaterials/Substrate/Glints2/dict_0007_0180.uasset" 6812
"../../../Engine/Content/EngineMaterials/Substrate/Glints2/dict_0007_0178.uasset" 6813
"../../../Engine/Content/EngineMaterials/Substrate/Glints2/dict_0007_0179.uasset" 6814
"/Engine/EngineMaterials/Substrate/Glints2/dict_0007_0187" 6815
"/Engine/EngineMaterials/Substrate/Glints2/dict_0007_0188" 6816
"/Engine/EngineMaterials/Substrate/Glints2/dict_0007_0189" 6817
"/Engine/EngineMaterials/Substrate/Glints2/dict_0007_0190" 6818
"/Engine/EngineMaterials/Substrate/Glints2/dict_0007_0191" 6819
"/Engine/EngineMaterials/Substrate/Glints2/dict_0007_0192" 6820
"/Engine/EngineMaterials/Substrate/Glints2/dict_0007_0193" 6821
"/Engine/EngineMaterials/Substrate/Glints2/dict_0007_0194" 6822
"/Engine/EngineMaterials/Substrate/Glints2/dict_0007_0195" 6823
"/Engine/EngineMaterials/Substrate/Glints2/dict_0007_0196" 6824
"/Engine/EngineMaterials/Substrate/Glints2/dict_0007_0197" 6825
"/Engine/EngineMaterials/Substrate/Glints2/dict_0007_0198" 6826
"/Engine/EngineMaterials/Substrate/Glints2/dict_0007_0199" 6827
"/Engine/EngineMaterials/Substrate/Glints2/dict_0007_0200" 6828
"/Engine/EngineMaterials/Substrate/Glints2/dict_0007_0201" 6829
"/Engine/EngineMaterials/Substrate/Glints2/dict_0007_0202" 6830
"/Engine/EngineMaterials/Substrate/Glints2/dict_0007_0203" 6831
"/Engine/EngineMaterials/Substrate/Glints2/dict_0007_0204" 6832
"/Engine/EngineMaterials/Substrate/Glints2/dict_0007_0205" 6833
"/Engine/EngineMaterials/Substrate/Glints2/dict_0007_0206" 6834
"/Engine/EngineMaterials/Substrate/Glints2/dict_0007_0207" 6835
"/Engine/EngineMaterials/Substrate/Glints2/dict_0007_0208" 6836
"/Engine/EngineMaterials/Substrate/Glints2/dict_0007_0209" 6837
"../../../Engine/Content/EngineMaterials/Substrate/Glints2/dict_0007_0177.uasset" 6838
"/Engine/EngineMaterials/Substrate/Glints2/dict_0007_0178" 6839
"../../../Engine/Content/EngineMaterials/Substrate/Glints2/dict_0007_0175.uasset" 6840
"../../../Engine/Content/EngineMaterials/Substrate/Glints2/dict_0007_0174.uasset" 6841
"../../../Engine/Content/EngineMaterials/Substrate/Glints2/dict_0007_0176.uasset" 6842
"../../../Engine/Content/EngineMaterials/Substrate/Glints2/dict_0007_0173.uasset" 6843
"../../../Engine/Content/EngineMaterials/Substrate/Glints2/dict_0007_0171.uasset" 6844
"../../../Engine/Content/EngineMaterials/Substrate/Glints2/dict_0007_0172.uasset" 6845
"../../../Engine/Content/EngineMaterials/Substrate/Glints2/dict_0007_0170.uasset" 6846
"/Engine/EngineMaterials/Substrate/Glints2/dict_0007_0179" 6847
"../../../Engine/Content/EngineMaterials/Substrate/Glints2/dict_0007_0169.uasset" 6848
"../../../Engine/Content/EngineMaterials/Substrate/Glints2/dict_0007_0168.uasset" 6849
"../../../Engine/Content/EngineMaterials/Substrate/Glints2/dict_0007_0167.uasset" 6850
"../../../Engine/Content/EngineMaterials/Substrate/Glints2/dict_0007_0166.uasset" 6851
"../../../Engine/Content/EngineMaterials/Substrate/Glints2/dict_0007_0165.uasset" 6852
"../../../Engine/Content/EngineMaterials/Substrate/Glints2/dict_0007_0164.uasset" 6853
"../../../Engine/Content/EngineMaterials/Substrate/Glints2/dict_0007_0163.uasset" 6854
"../../../Engine/Content/EngineMaterials/Substrate/Glints2/dict_0007_0162.uasset" 6855
"../../../Engine/Content/EngineMaterials/Substrate/Glints2/dict_0007_0161.uasset" 6856
"../../../Engine/Content/EngineMaterials/Substrate/Glints2/dict_0007_0160.uasset" 6857
"../../../Engine/Content/EngineMaterials/Substrate/Glints2/dict_0007_0159.uasset" 6858
"../../../Engine/Content/EngineMaterials/Substrate/Glints2/dict_0007_0158.uasset" 6859
"../../../Engine/Content/EngineMaterials/Substrate/Glints2/dict_0007_0157.uasset" 6860
"../../../Engine/Content/EngineMaterials/Substrate/Glints2/dict_0007_0156.uasset" 6861
"../../../Engine/Content/EngineMaterials/Substrate/Glints2/dict_0007_0155.uasset" 6862
"/Engine/EngineMaterials/Substrate/Glints2/dict_0007_0180" 6863
"../../../Engine/Content/EngineMaterials/Substrate/Glints2/dict_0007_0154.uasset" 6864
"/Engine/EngineMaterials/Substrate/Glints2/dict_0007_0181" 6865
"/Engine/EngineMaterials/Substrate/Glints2/dict_0007_0182" 6866
"/Engine/EngineMaterials/Substrate/Glints2/dict_0007_0183" 6867
"/Engine/EngineMaterials/Substrate/Glints2/dict_0007_0184" 6868
"/Engine/EngineMaterials/Substrate/Glints2/dict_0007_0185" 6869
"../../../Engine/Content/EngineMaterials/Substrate/Glints2/dict_0007_0152.uasset" 6870
"../../../Engine/Content/EngineMaterials/Substrate/Glints2/dict_0007_0153.uasset" 6871
"/Engine/EngineMaterials/Substrate/Glints2/dict_0007_0154" 6872
"../../../Engine/Content/EngineMaterials/Substrate/Glints2/dict_0007_0151.uasset" 6873
"../../../Engine/Content/EngineMaterials/Substrate/Glints2/dict_0007_0150.uasset" 6874
"../../../Engine/Content/EngineMaterials/Substrate/Glints2/dict_0007_0149.uasset" 6875
"../../../Engine/Content/EngineMaterials/Substrate/Glints2/dict_0007_0147.uasset" 6876
"../../../Engine/Content/EngineMaterials/Substrate/Glints2/dict_0007_0148.uasset" 6877
"../../../Engine/Content/EngineMaterials/Substrate/Glints2/dict_0007_0146.uasset" 6878
"/Engine/EngineMaterials/Substrate/Glints2/dict_0007_0155" 6879
"/Engine/EngineMaterials/Substrate/Glints2/dict_0007_0156" 6880
"/Engine/EngineMaterials/Substrate/Glints2/dict_0007_0157" 6881
"/Engine/EngineMaterials/Substrate/Glints2/dict_0007_0158" 6882
"/Engine/EngineMaterials/Substrate/Glints2/dict_0007_0159" 6883
"/Engine/EngineMaterials/Substrate/Glints2/dict_0007_0160" 6884
"/Engine/EngineMaterials/Substrate/Glints2/dict_0007_0161" 6885
"/Engine/EngineMaterials/Substrate/Glints2/dict_0007_0162" 6886
"/Engine/EngineMaterials/Substrate/Glints2/dict_0007_0163" 6887
"/Engine/EngineMaterials/Substrate/Glints2/dict_0007_0164" 6888
"/Engine/EngineMaterials/Substrate/Glints2/dict_0007_0165" 6889
"/Engine/EngineMaterials/Substrate/Glints2/dict_0007_0166" 6890
"/Engine/EngineMaterials/Substrate/Glints2/dict_0007_0167" 6891
"/Engine/EngineMaterials/Substrate/Glints2/dict_0007_0168" 6892
"/Engine/EngineMaterials/Substrate/Glints2/dict_0007_0169" 6893
"/Engine/EngineMaterials/Substrate/Glints2/dict_0007_0170" 6894
"/Engine/EngineMaterials/Substrate/Glints2/dict_0007_0171" 6895
"/Engine/EngineMaterials/Substrate/Glints2/dict_0007_0172" 6896
"/Engine/EngineMaterials/Substrate/Glints2/dict_0007_0173" 6897
"/Engine/EngineMaterials/Substrate/Glints2/dict_0007_0174" 6898
"/Engine/EngineMaterials/Substrate/Glints2/dict_0007_0175" 6899
"/Engine/EngineMaterials/Substrate/Glints2/dict_0007_0176" 6900
"/Engine/EngineMaterials/Substrate/Glints2/dict_0007_0177" 6901
"/Engine/EngineMaterials/Substrate/Glints2/dict_0007_0146" 6902
"../../../Engine/Content/EngineMaterials/Substrate/Glints2/dict_0007_0144.uasset" 6903
"../../../Engine/Content/EngineMaterials/Substrate/Glints2/dict_0007_0145.uasset" 6904
"../../../Engine/Content/EngineMaterials/Substrate/Glints2/dict_0007_0143.uasset" 6905
"../../../Engine/Content/EngineMaterials/Substrate/Glints2/dict_0007_0142.uasset" 6906
"/Engine/EngineMaterials/Substrate/Glints2/dict_0007_0147" 6907
"../../../Engine/Content/EngineMaterials/Substrate/Glints2/dict_0007_0141.uasset" 6908
"../../../Engine/Content/EngineMaterials/Substrate/Glints2/dict_0007_0140.uasset" 6909
"../../../Engine/Content/EngineMaterials/Substrate/Glints2/dict_0007_0139.uasset" 6910
"../../../Engine/Content/EngineMaterials/Substrate/Glints2/dict_0007_0138.uasset" 6911
"../../../Engine/Content/EngineMaterials/Substrate/Glints2/dict_0007_0137.uasset" 6912
"../../../Engine/Content/EngineMaterials/Substrate/Glints2/dict_0007_0136.uasset" 6913
"../../../Engine/Content/EngineMaterials/Substrate/Glints2/dict_0007_0135.uasset" 6914
"../../../Engine/Content/EngineMaterials/Substrate/Glints2/dict_0007_0134.uasset" 6915
"../../../Engine/Content/EngineMaterials/Substrate/Glints2/dict_0007_0133.uasset" 6916
"/Engine/EngineMaterials/Substrate/Glints2/dict_0007_0148" 6917
"../../../Engine/Content/EngineMaterials/Substrate/Glints2/dict_0007_0132.uasset" 6918
"../../../Engine/Content/EngineMaterials/Substrate/Glints2/dict_0007_0131.uasset" 6919
"../../../Engine/Content/EngineMaterials/Substrate/Glints2/dict_0007_0130.uasset" 6920
"../../../Engine/Content/EngineMaterials/Substrate/Glints2/dict_0007_0129.uasset" 6921
"../../../Engine/Content/EngineMaterials/Substrate/Glints2/dict_0007_0128.uasset" 6922
"../../../Engine/Content/EngineMaterials/Substrate/Glints2/dict_0007_0127.uasset" 6923
"/Engine/EngineMaterials/Substrate/Glints2/dict_0007_0149" 6924
"../../../Engine/Content/EngineMaterials/Substrate/Glints2/dict_0007_0126.uasset" 6925
"../../../Engine/Content/EngineMaterials/Substrate/Glints2/dict_0007_0125.uasset" 6926
"../../../Engine/Content/EngineMaterials/Substrate/Glints2/dict_0007_0124.uasset" 6927
"../../../Engine/Content/EngineMaterials/Substrate/Glints2/dict_0007_0123.uasset" 6928
"../../../Engine/Content/EngineMaterials/Substrate/Glints2/dict_0007_0122.uasset" 6929
"/Engine/EngineMaterials/Substrate/Glints2/dict_0007_0150" 6930
"/Engine/EngineMaterials/Substrate/Glints2/dict_0007_0151" 6931
"/Engine/EngineMaterials/Substrate/Glints2/dict_0007_0152" 6932
"/Engine/EngineMaterials/Substrate/Glints2/dict_0007_0153" 6933
"../../../Engine/Content/EngineMaterials/Substrate/Glints2/dict_0007_0121.uasset" 6934
"../../../Engine/Content/EngineMaterials/Substrate/Glints2/dict_0007_0120.uasset" 6935
"/Engine/EngineMaterials/Substrate/Glints2/dict_0007_0122" 6936
"../../../Engine/Content/EngineMaterials/Substrate/Glints2/dict_0007_0119.uasset" 6937
"../../../Engine/Content/EngineMaterials/Substrate/Glints2/dict_0007_0118.uasset" 6938
"../../../Engine/Content/EngineMaterials/Substrate/Glints2/dict_0007_0117.uasset" 6939
"../../../Engine/Content/EngineMaterials/Substrate/Glints2/dict_0007_0116.uasset" 6940
"../../../Engine/Content/EngineMaterials/Substrate/Glints2/dict_0007_0115.uasset" 6941
"../../../Engine/Content/EngineMaterials/Substrate/Glints2/dict_0007_0114.uasset" 6942
"/Engine/EngineMaterials/Substrate/Glints2/dict_0007_0123" 6943
"/Engine/EngineMaterials/Substrate/Glints2/dict_0007_0124" 6944
"/Engine/EngineMaterials/Substrate/Glints2/dict_0007_0125" 6945
"/Engine/EngineMaterials/Substrate/Glints2/dict_0007_0126" 6946
"/Engine/EngineMaterials/Substrate/Glints2/dict_0007_0127" 6947
"/Engine/EngineMaterials/Substrate/Glints2/dict_0007_0128" 6948
"/Engine/EngineMaterials/Substrate/Glints2/dict_0007_0129" 6949
"/Engine/EngineMaterials/Substrate/Glints2/dict_0007_0130" 6950
"/Engine/EngineMaterials/Substrate/Glints2/dict_0007_0131" 6951
"/Engine/EngineMaterials/Substrate/Glints2/dict_0007_0132" 6952
"/Engine/EngineMaterials/Substrate/Glints2/dict_0007_0133" 6953
"/Engine/EngineMaterials/Substrate/Glints2/dict_0007_0134" 6954
"/Engine/EngineMaterials/Substrate/Glints2/dict_0007_0135" 6955
"/Engine/EngineMaterials/Substrate/Glints2/dict_0007_0136" 6956
"/Engine/EngineMaterials/Substrate/Glints2/dict_0007_0137" 6957
"/Engine/EngineMaterials/Substrate/Glints2/dict_0007_0138" 6958
"/Engine/EngineMaterials/Substrate/Glints2/dict_0007_0139" 6959
"/Engine/EngineMaterials/Substrate/Glints2/dict_0007_0140" 6960
"/Engine/EngineMaterials/Substrate/Glints2/dict_0007_0141" 6961
"/Engine/EngineMaterials/Substrate/Glints2/dict_0007_0142" 6962
"/Engine/EngineMaterials/Substrate/Glints2/dict_0007_0143" 6963
"/Engine/EngineMaterials/Substrate/Glints2/dict_0007_0144" 6964
"/Engine/EngineMaterials/Substrate/Glints2/dict_0007_0145" 6965
"../../../Engine/Content/EngineMaterials/Substrate/Glints2/dict_0007_0113.uasset" 6966
"/Engine/EngineMaterials/Substrate/Glints2/dict_0007_0114" 6967
"../../../Engine/Content/EngineMaterials/Substrate/Glints2/dict_0007_0112.uasset" 6968
"../../../Engine/Content/EngineMaterials/Substrate/Glints2/dict_0007_0111.uasset" 6969
"../../../Engine/Content/EngineMaterials/Substrate/Glints2/dict_0007_0109.uasset" 6970
"../../../Engine/Content/EngineMaterials/Substrate/Glints2/dict_0007_0108.uasset" 6971
"../../../Engine/Content/EngineMaterials/Substrate/Glints2/dict_0007_0110.uasset" 6972
"../../../Engine/Content/EngineMaterials/Substrate/Glints2/dict_0007_0107.uasset" 6973
"../../../Engine/Content/EngineMaterials/Substrate/Glints2/dict_0007_0105.uasset" 6974
"../../../Engine/Content/EngineMaterials/Substrate/Glints2/dict_0007_0106.uasset" 6975
"/Engine/EngineMaterials/Substrate/Glints2/dict_0007_0115" 6976
"../../../Engine/Content/EngineMaterials/Substrate/Glints2/dict_0007_0104.uasset" 6977
"../../../Engine/Content/EngineMaterials/Substrate/Glints2/dict_0007_0103.uasset" 6978
"../../../Engine/Content/EngineMaterials/Substrate/Glints2/dict_0007_0102.uasset" 6979
"../../../Engine/Content/EngineMaterials/Substrate/Glints2/dict_0007_0101.uasset" 6980
"../../../Engine/Content/EngineMaterials/Substrate/Glints2/dict_0007_0100.uasset" 6981
"../../../Engine/Content/EngineMaterials/Substrate/Glints2/dict_0007_0099.uasset" 6982
"../../../Engine/Content/EngineMaterials/Substrate/Glints2/dict_0007_0098.uasset" 6983
"../../../Engine/Content/EngineMaterials/Substrate/Glints2/dict_0007_0097.uasset" 6984
"../../../Engine/Content/EngineMaterials/Substrate/Glints2/dict_0007_0095.uasset" 6985
"../../../Engine/Content/EngineMaterials/Substrate/Glints2/dict_0007_0096.uasset" 6986
"/Engine/EngineMaterials/Substrate/Glints2/dict_0007_0116" 6987
"../../../Engine/Content/EngineMaterials/Substrate/Glints2/dict_0007_0094.uasset" 6988
"../../../Engine/Content/EngineMaterials/Substrate/Glints2/dict_0007_0093.uasset" 6989
"../../../Engine/Content/EngineMaterials/Substrate/Glints2/dict_0007_0092.uasset" 6990
"../../../Engine/Content/EngineMaterials/Substrate/Glints2/dict_0007_0091.uasset" 6991
"../../../Engine/Content/EngineMaterials/Substrate/Glints2/dict_0007_0090.uasset" 6992
"/Engine/EngineMaterials/Substrate/Glints2/dict_0007_0117" 6993
"/Engine/EngineMaterials/Substrate/Glints2/dict_0007_0118" 6994
"/Engine/EngineMaterials/Substrate/Glints2/dict_0007_0119" 6995
"/Engine/EngineMaterials/Substrate/Glints2/dict_0007_0120" 6996
"/Engine/EngineMaterials/Substrate/Glints2/dict_0007_0121" 6997
"../../../Engine/Content/EngineMaterials/Substrate/Glints2/dict_0007_0089.uasset" 6998
"../../../Engine/Content/EngineMaterials/Substrate/Glints2/dict_0007_0088.uasset" 6999
"/Engine/EngineMaterials/Substrate/Glints2/dict_0007_0090" 7000
"../../../Engine/Content/EngineMaterials/Substrate/Glints2/dict_0007_0087.uasset" 7001
"../../../Engine/Content/EngineMaterials/Substrate/Glints2/dict_0007_0086.uasset" 7002
"../../../Engine/Content/EngineMaterials/Substrate/Glints2/dict_0007_0085.uasset" 7003
"../../../Engine/Content/EngineMaterials/Substrate/Glints2/dict_0007_0084.uasset" 7004
"../../../Engine/Content/EngineMaterials/Substrate/Glints2/dict_0007_0083.uasset" 7005
"../../../Engine/Content/EngineMaterials/Substrate/Glints2/dict_0007_0082.uasset" 7006
"/Engine/EngineMaterials/Substrate/Glints2/dict_0007_0091" 7007
"/Engine/EngineMaterials/Substrate/Glints2/dict_0007_0092" 7008
"/Engine/EngineMaterials/Substrate/Glints2/dict_0007_0093" 7009
"/Engine/EngineMaterials/Substrate/Glints2/dict_0007_0094" 7010
"/Engine/EngineMaterials/Substrate/Glints2/dict_0007_0095" 7011
"/Engine/EngineMaterials/Substrate/Glints2/dict_0007_0096" 7012
"/Engine/EngineMaterials/Substrate/Glints2/dict_0007_0097" 7013
"/Engine/EngineMaterials/Substrate/Glints2/dict_0007_0098" 7014
"/Engine/EngineMaterials/Substrate/Glints2/dict_0007_0099" 7015
"/Engine/EngineMaterials/Substrate/Glints2/dict_0007_0100" 7016
"/Engine/EngineMaterials/Substrate/Glints2/dict_0007_0101" 7017
"/Engine/EngineMaterials/Substrate/Glints2/dict_0007_0102" 7018
"/Engine/EngineMaterials/Substrate/Glints2/dict_0007_0103" 7019
"/Engine/EngineMaterials/Substrate/Glints2/dict_0007_0104" 7020
"/Engine/EngineMaterials/Substrate/Glints2/dict_0007_0105" 7021
"/Engine/EngineMaterials/Substrate/Glints2/dict_0007_0106" 7022
"/Engine/EngineMaterials/Substrate/Glints2/dict_0007_0107" 7023
"/Engine/EngineMaterials/Substrate/Glints2/dict_0007_0108" 7024
"/Engine/EngineMaterials/Substrate/Glints2/dict_0007_0109" 7025
"/Engine/EngineMaterials/Substrate/Glints2/dict_0007_0110" 7026
"/Engine/EngineMaterials/Substrate/Glints2/dict_0007_0111" 7027
"/Engine/EngineMaterials/Substrate/Glints2/dict_0007_0112" 7028
"/Engine/EngineMaterials/Substrate/Glints2/dict_0007_0113" 7029
"../../../Engine/Content/EngineMaterials/Substrate/Glints2/dict_0007_0080.uasset" 7030
"../../../Engine/Content/EngineMaterials/Substrate/Glints2/dict_0007_0081.uasset" 7031
"/Engine/EngineMaterials/Substrate/Glints2/dict_0007_0082" 7032
"../../../Engine/Content/EngineMaterials/Substrate/Glints2/dict_0007_0079.uasset" 7033
"../../../Engine/Content/EngineMaterials/Substrate/Glints2/dict_0007_0078.uasset" 7034
"../../../Engine/Content/EngineMaterials/Substrate/Glints2/dict_0007_0077.uasset" 7035
"../../../Engine/Content/EngineMaterials/Substrate/Glints2/dict_0007_0076.uasset" 7036
"../../../Engine/Content/EngineMaterials/Substrate/Glints2/dict_0007_0075.uasset" 7037
"../../../Engine/Content/EngineMaterials/Substrate/Glints2/dict_0007_0074.uasset" 7038
"../../../Engine/Content/EngineMaterials/Substrate/Glints2/dict_0007_0073.uasset" 7039
"../../../Engine/Content/EngineMaterials/Substrate/Glints2/dict_0007_0072.uasset" 7040
"/Engine/EngineMaterials/Substrate/Glints2/dict_0007_0083" 7041
"../../../Engine/Content/EngineMaterials/Substrate/Glints2/dict_0007_0070.uasset" 7042
"../../../Engine/Content/EngineMaterials/Substrate/Glints2/dict_0007_0071.uasset" 7043
"../../../Engine/Content/EngineMaterials/Substrate/Glints2/dict_0007_0069.uasset" 7044
"../../../Engine/Content/EngineMaterials/Substrate/Glints2/dict_0007_0068.uasset" 7045
"../../../Engine/Content/EngineMaterials/Substrate/Glints2/dict_0007_0067.uasset" 7046
"../../../Engine/Content/EngineMaterials/Substrate/Glints2/dict_0007_0066.uasset" 7047
"../../../Engine/Content/EngineMaterials/Substrate/Glints2/dict_0007_0065.uasset" 7048
"../../../Engine/Content/EngineMaterials/Substrate/Glints2/dict_0007_0064.uasset" 7049
"../../../Engine/Content/EngineMaterials/Substrate/Glints2/dict_0007_0063.uasset" 7050
"../../../Engine/Content/EngineMaterials/Substrate/Glints2/dict_0007_0062.uasset" 7051
"/Engine/EngineMaterials/Substrate/Glints2/dict_0007_0084" 7052
"../../../Engine/Content/EngineMaterials/Substrate/Glints2/dict_0007_0061.uasset" 7053
"../../../Engine/Content/EngineMaterials/Substrate/Glints2/dict_0007_0060.uasset" 7054
"../../../Engine/Content/EngineMaterials/Substrate/Glints2/dict_0007_0059.uasset" 7055
"../../../Engine/Content/EngineMaterials/Substrate/Glints2/dict_0007_0058.uasset" 7056
"/Engine/EngineMaterials/Substrate/Glints2/dict_0007_0085" 7057
"/Engine/EngineMaterials/Substrate/Glints2/dict_0007_0086" 7058
"/Engine/EngineMaterials/Substrate/Glints2/dict_0007_0087" 7059
"/Engine/EngineMaterials/Substrate/Glints2/dict_0007_0088" 7060
"/Engine/EngineMaterials/Substrate/Glints2/dict_0007_0089" 7061
"/Engine/EngineMaterials/Substrate/Glints2/dict_0007_0058" 7062
"../../../Engine/Content/EngineMaterials/Substrate/Glints2/dict_0007_0056.uasset" 7063
"../../../Engine/Content/EngineMaterials/Substrate/Glints2/dict_0007_0057.uasset" 7064
"../../../Engine/Content/EngineMaterials/Substrate/Glints2/dict_0007_0054.uasset" 7065
"/Engine/EngineMaterials/Substrate/Glints2/dict_0007_0059" 7066
"../../../Engine/Content/EngineMaterials/Substrate/Glints2/dict_0007_0055.uasset" 7067
"../../../Engine/Content/EngineMaterials/Substrate/Glints2/dict_0007_0053.uasset" 7068
"../../../Engine/Content/EngineMaterials/Substrate/Glints2/dict_0007_0052.uasset" 7069
"/Engine/EngineMaterials/Substrate/Glints2/dict_0007_0060" 7070
"../../../Engine/Content/EngineMaterials/Substrate/Glints2/dict_0007_0051.uasset" 7071
"../../../Engine/Content/EngineMaterials/Substrate/Glints2/dict_0007_0050.uasset" 7072
"/Engine/EngineMaterials/Substrate/Glints2/dict_0007_0061" 7073
"/Engine/EngineMaterials/Substrate/Glints2/dict_0007_0062" 7074
"/Engine/EngineMaterials/Substrate/Glints2/dict_0007_0063" 7075
"/Engine/EngineMaterials/Substrate/Glints2/dict_0007_0064" 7076
"/Engine/EngineMaterials/Substrate/Glints2/dict_0007_0065" 7077
"/Engine/EngineMaterials/Substrate/Glints2/dict_0007_0066" 7078
"/Engine/EngineMaterials/Substrate/Glints2/dict_0007_0067" 7079
"/Engine/EngineMaterials/Substrate/Glints2/dict_0007_0068" 7080
"/Engine/EngineMaterials/Substrate/Glints2/dict_0007_0069" 7081
"/Engine/EngineMaterials/Substrate/Glints2/dict_0007_0070" 7082
"/Engine/EngineMaterials/Substrate/Glints2/dict_0007_0071" 7083
"/Engine/EngineMaterials/Substrate/Glints2/dict_0007_0072" 7084
"/Engine/EngineMaterials/Substrate/Glints2/dict_0007_0073" 7085
"/Engine/EngineMaterials/Substrate/Glints2/dict_0007_0074" 7086
"/Engine/EngineMaterials/Substrate/Glints2/dict_0007_0075" 7087
"/Engine/EngineMaterials/Substrate/Glints2/dict_0007_0076" 7088
"/Engine/EngineMaterials/Substrate/Glints2/dict_0007_0077" 7089
"/Engine/EngineMaterials/Substrate/Glints2/dict_0007_0078" 7090
"/Engine/EngineMaterials/Substrate/Glints2/dict_0007_0079" 7091
"/Engine/EngineMaterials/Substrate/Glints2/dict_0007_0080" 7092
"/Engine/EngineMaterials/Substrate/Glints2/dict_0007_0081" 7093
"../../../Engine/Content/EngineMaterials/Substrate/Glints2/dict_0007_0048.uasset" 7094
"../../../Engine/Content/EngineMaterials/Substrate/Glints2/dict_0007_0049.uasset" 7095
"/Engine/EngineMaterials/Substrate/Glints2/dict_0007_0050" 7096
"../../../Engine/Content/EngineMaterials/Substrate/Glints2/dict_0007_0047.uasset" 7097
"../../../Engine/Content/EngineMaterials/Substrate/Glints2/dict_0007_0046.uasset" 7098
"../../../Engine/Content/EngineMaterials/Substrate/Glints2/dict_0007_0045.uasset" 7099
"../../../Engine/Content/EngineMaterials/Substrate/Glints2/dict_0007_0044.uasset" 7100
"../../../Engine/Content/EngineMaterials/Substrate/Glints2/dict_0007_0043.uasset" 7101
"../../../Engine/Content/EngineMaterials/Substrate/Glints2/dict_0007_0042.uasset" 7102
"../../../Engine/Content/EngineMaterials/Substrate/Glints2/dict_0007_0041.uasset" 7103
"../../../Engine/Content/EngineMaterials/Substrate/Glints2/dict_0007_0040.uasset" 7104
"/Engine/EngineMaterials/Substrate/Glints2/dict_0007_0051" 7105
"../../../Engine/Content/EngineMaterials/Substrate/Glints2/dict_0007_0039.uasset" 7106
"../../../Engine/Content/EngineMaterials/Substrate/Glints2/dict_0007_0038.uasset" 7107
"../../../Engine/Content/EngineMaterials/Substrate/Glints2/dict_0007_0036.uasset" 7108
"../../../Engine/Content/EngineMaterials/Substrate/Glints2/dict_0007_0037.uasset" 7109
"../../../Engine/Content/EngineMaterials/Substrate/Glints2/dict_0007_0035.uasset" 7110
"../../../Engine/Content/EngineMaterials/Substrate/Glints2/dict_0007_0034.uasset" 7111
"../../../Engine/Content/EngineMaterials/Substrate/Glints2/dict_0007_0033.uasset" 7112
"../../../Engine/Content/EngineMaterials/Substrate/Glints2/dict_0007_0032.uasset" 7113
"../../../Engine/Content/EngineMaterials/Substrate/Glints2/dict_0007_0031.uasset" 7114
"../../../Engine/Content/EngineMaterials/Substrate/Glints2/dict_0007_0030.uasset" 7115
"/Engine/EngineMaterials/Substrate/Glints2/dict_0007_0052" 7116
"../../../Engine/Content/EngineMaterials/Substrate/Glints2/dict_0007_0029.uasset" 7117
"../../../Engine/Content/EngineMaterials/Substrate/Glints2/dict_0007_0028.uasset" 7118
"../../../Engine/Content/EngineMaterials/Substrate/Glints2/dict_0007_0027.uasset" 7119
"../../../Engine/Content/EngineMaterials/Substrate/Glints2/dict_0007_0026.uasset" 7120
"/Engine/EngineMaterials/Substrate/Glints2/dict_0007_0053" 7121
"/Engine/EngineMaterials/Substrate/Glints2/dict_0007_0054" 7122
"/Engine/EngineMaterials/Substrate/Glints2/dict_0007_0055" 7123
"/Engine/EngineMaterials/Substrate/Glints2/dict_0007_0056" 7124
"/Engine/EngineMaterials/Substrate/Glints2/dict_0007_0057" 7125
"../../../Engine/Content/EngineMaterials/Substrate/Glints2/dict_0007_0025.uasset" 7126
"/Engine/EngineMaterials/Substrate/Glints2/dict_0007_0026" 7127
"../../../Engine/Content/EngineMaterials/Substrate/Glints2/dict_0007_0024.uasset" 7128
"../../../Engine/Content/EngineMaterials/Substrate/Glints2/dict_0007_0023.uasset" 7129
"../../../Engine/Content/EngineMaterials/Substrate/Glints2/dict_0007_0021.uasset" 7130
"../../../Engine/Content/EngineMaterials/Substrate/Glints2/dict_0007_0022.uasset" 7131
"../../../Engine/Content/EngineMaterials/Substrate/Glints2/dict_0007_0020.uasset" 7132
"../../../Engine/Content/EngineMaterials/Substrate/Glints2/dict_0007_0019.uasset" 7133
"../../../Engine/Content/EngineMaterials/Substrate/Glints2/dict_0007_0018.uasset" 7134
"/Engine/EngineMaterials/Substrate/Glints2/dict_0007_0027" 7135
"/Engine/EngineMaterials/Substrate/Glints2/dict_0007_0028" 7136
"/Engine/EngineMaterials/Substrate/Glints2/dict_0007_0029" 7137
"/Engine/EngineMaterials/Substrate/Glints2/dict_0007_0030" 7138
"/Engine/EngineMaterials/Substrate/Glints2/dict_0007_0031" 7139
"/Engine/EngineMaterials/Substrate/Glints2/dict_0007_0032" 7140
"/Engine/EngineMaterials/Substrate/Glints2/dict_0007_0033" 7141
"/Engine/EngineMaterials/Substrate/Glints2/dict_0007_0034" 7142
"/Engine/EngineMaterials/Substrate/Glints2/dict_0007_0035" 7143
"/Engine/EngineMaterials/Substrate/Glints2/dict_0007_0036" 7144
"/Engine/EngineMaterials/Substrate/Glints2/dict_0007_0037" 7145
"/Engine/EngineMaterials/Substrate/Glints2/dict_0007_0038" 7146
"/Engine/EngineMaterials/Substrate/Glints2/dict_0007_0039" 7147
"/Engine/EngineMaterials/Substrate/Glints2/dict_0007_0040" 7148
"/Engine/EngineMaterials/Substrate/Glints2/dict_0007_0041" 7149
"/Engine/EngineMaterials/Substrate/Glints2/dict_0007_0042" 7150
"/Engine/EngineMaterials/Substrate/Glints2/dict_0007_0043" 7151
"/Engine/EngineMaterials/Substrate/Glints2/dict_0007_0044" 7152
"/Engine/EngineMaterials/Substrate/Glints2/dict_0007_0045" 7153
"/Engine/EngineMaterials/Substrate/Glints2/dict_0007_0046" 7154
"/Engine/EngineMaterials/Substrate/Glints2/dict_0007_0047" 7155
"/Engine/EngineMaterials/Substrate/Glints2/dict_0007_0048" 7156
"/Engine/EngineMaterials/Substrate/Glints2/dict_0007_0049" 7157
"../../../Engine/Content/EngineMaterials/Substrate/Glints2/dict_0007_0017.uasset" 7158
"../../../Engine/Content/EngineMaterials/Substrate/Glints2/dict_0007_0016.uasset" 7159
"/Engine/EngineMaterials/Substrate/Glints2/dict_0007_0018" 7160
"../../../Engine/Content/EngineMaterials/Substrate/Glints2/dict_0007_0015.uasset" 7161
"../../../Engine/Content/EngineMaterials/Substrate/Glints2/dict_0007_0014.uasset" 7162
"../../../Engine/Content/EngineMaterials/Substrate/Glints2/dict_0007_0012.uasset" 7163
"../../../Engine/Content/EngineMaterials/Substrate/Glints2/dict_0007_0013.uasset" 7164
"../../../Engine/Content/EngineMaterials/Substrate/Glints2/dict_0007_0011.uasset" 7165
"../../../Engine/Content/EngineMaterials/Substrate/Glints2/dict_0007_0010.uasset" 7166
"/Engine/EngineMaterials/Substrate/Glints2/dict_0007_0019" 7167
"../../../Engine/Content/EngineMaterials/Substrate/Glints2/dict_0007_0008.uasset" 7168
"../../../Engine/Content/EngineMaterials/Substrate/Glints2/dict_0007_0009.uasset" 7169
"../../../Engine/Content/EngineMaterials/Substrate/Glints2/dict_0007_0007.uasset" 7170
"../../../Engine/Content/EngineMaterials/Substrate/Glints2/dict_0007_0006.uasset" 7171
"../../../Engine/Content/EngineMaterials/Substrate/Glints2/dict_0007_0005.uasset" 7172
"../../../Engine/Content/EngineMaterials/Substrate/Glints2/dict_0007_0004.uasset" 7173
"../../../Engine/Content/EngineMaterials/Substrate/Glints2/dict_0007_0003.uasset" 7174
"../../../Engine/Content/EngineMaterials/Substrate/Glints2/dict_0007_0002.uasset" 7175
"../../../Engine/Content/EngineMaterials/Substrate/Glints2/dict_0007_0001.uasset" 7176
"../../../Engine/Content/EngineMaterials/Substrate/Glints2/dict_0007_0000.uasset" 7177
"../../../Engine/Content/EngineMaterials/Substrate/Glints2/dict_0006_0255.uasset" 7178
"../../../Engine/Content/EngineMaterials/Substrate/Glints2/dict_0006_0254.uasset" 7179
"/Engine/EngineMaterials/Substrate/Glints2/dict_0007_0020" 7180
"../../../Engine/Content/EngineMaterials/Substrate/Glints2/dict_0006_0253.uasset" 7181
"../../../Engine/Content/EngineMaterials/Substrate/Glints2/dict_0006_0252.uasset" 7182
"../../../Engine/Content/EngineMaterials/Substrate/Glints2/dict_0006_0251.uasset" 7183
"../../../Engine/Content/EngineMaterials/Substrate/Glints2/dict_0006_0250.uasset" 7184
"/Engine/EngineMaterials/Substrate/Glints2/dict_0007_0021" 7185
"/Engine/EngineMaterials/Substrate/Glints2/dict_0007_0022" 7186
"/Engine/EngineMaterials/Substrate/Glints2/dict_0007_0023" 7187
"/Engine/EngineMaterials/Substrate/Glints2/dict_0007_0024" 7188
"/Engine/EngineMaterials/Substrate/Glints2/dict_0007_0025" 7189
"/Engine/EngineMaterials/Substrate/Glints2/dict_0006_0250" 7190
"../../../Engine/Content/EngineMaterials/Substrate/Glints2/dict_0006_0249.uasset" 7191
"../../../Engine/Content/EngineMaterials/Substrate/Glints2/dict_0006_0248.uasset" 7192
"../../../Engine/Content/EngineMaterials/Substrate/Glints2/dict_0006_0247.uasset" 7193
"../../../Engine/Content/EngineMaterials/Substrate/Glints2/dict_0006_0246.uasset" 7194
"../../../Engine/Content/EngineMaterials/Substrate/Glints2/dict_0006_0245.uasset" 7195
"/Engine/EngineMaterials/Substrate/Glints2/dict_0006_0251" 7196
"../../../Engine/Content/EngineMaterials/Substrate/Glints2/dict_0006_0244.uasset" 7197
"../../../Engine/Content/EngineMaterials/Substrate/Glints2/dict_0006_0243.uasset" 7198
"../../../Engine/Content/EngineMaterials/Substrate/Glints2/dict_0006_0242.uasset" 7199
"/Engine/EngineMaterials/Substrate/Glints2/dict_0006_0252" 7200
"/Engine/EngineMaterials/Substrate/Glints2/dict_0006_0253" 7201
"/Engine/EngineMaterials/Substrate/Glints2/dict_0006_0254" 7202
"/Engine/EngineMaterials/Substrate/Glints2/dict_0006_0255" 7203
"/Engine/EngineMaterials/Substrate/Glints2/dict_0007_0000" 7204
"/Engine/EngineMaterials/Substrate/Glints2/dict_0007_0001" 7205
"/Engine/EngineMaterials/Substrate/Glints2/dict_0007_0002" 7206
"/Engine/EngineMaterials/Substrate/Glints2/dict_0007_0003" 7207
"/Engine/EngineMaterials/Substrate/Glints2/dict_0007_0004" 7208
"/Engine/EngineMaterials/Substrate/Glints2/dict_0007_0005" 7209
"/Engine/EngineMaterials/Substrate/Glints2/dict_0007_0006" 7210
"/Engine/EngineMaterials/Substrate/Glints2/dict_0007_0007" 7211
"/Engine/EngineMaterials/Substrate/Glints2/dict_0007_0008" 7212
"/Engine/EngineMaterials/Substrate/Glints2/dict_0007_0009" 7213
"/Engine/EngineMaterials/Substrate/Glints2/dict_0007_0010" 7214
"/Engine/EngineMaterials/Substrate/Glints2/dict_0007_0011" 7215
"/Engine/EngineMaterials/Substrate/Glints2/dict_0007_0012" 7216
"/Engine/EngineMaterials/Substrate/Glints2/dict_0007_0013" 7217
"/Engine/EngineMaterials/Substrate/Glints2/dict_0007_0014" 7218
"/Engine/EngineMaterials/Substrate/Glints2/dict_0007_0015" 7219
"/Engine/EngineMaterials/Substrate/Glints2/dict_0007_0016" 7220
"/Engine/EngineMaterials/Substrate/Glints2/dict_0007_0017" 7221
"../../../Engine/Content/EngineMaterials/Substrate/Glints2/dict_0006_0241.uasset" 7222
"../../../Engine/Content/EngineMaterials/Substrate/Glints2/dict_0006_0240.uasset" 7223
"/Engine/EngineMaterials/Substrate/Glints2/dict_0006_0242" 7224
"../../../Engine/Content/EngineMaterials/Substrate/Glints2/dict_0006_0239.uasset" 7225
"../../../Engine/Content/EngineMaterials/Substrate/Glints2/dict_0006_0238.uasset" 7226
"../../../Engine/Content/EngineMaterials/Substrate/Glints2/dict_0006_0237.uasset" 7227
"../../../Engine/Content/EngineMaterials/Substrate/Glints2/dict_0006_0236.uasset" 7228
"../../../Engine/Content/EngineMaterials/Substrate/Glints2/dict_0006_0235.uasset" 7229
"../../../Engine/Content/EngineMaterials/Substrate/Glints2/dict_0006_0234.uasset" 7230
"../../../Engine/Content/EngineMaterials/Substrate/Glints2/dict_0006_0233.uasset" 7231
"/Engine/EngineMaterials/Substrate/Glints2/dict_0006_0243" 7232
"../../../Engine/Content/EngineMaterials/Substrate/Glints2/dict_0006_0232.uasset" 7233
"../../../Engine/Content/EngineMaterials/Substrate/Glints2/dict_0006_0231.uasset" 7234
"../../../Engine/Content/EngineMaterials/Substrate/Glints2/dict_0006_0230.uasset" 7235
"../../../Engine/Content/EngineMaterials/Substrate/Glints2/dict_0006_0229.uasset" 7236
"../../../Engine/Content/EngineMaterials/Substrate/Glints2/dict_0006_0228.uasset" 7237
"../../../Engine/Content/EngineMaterials/Substrate/Glints2/dict_0006_0227.uasset" 7238
"../../../Engine/Content/EngineMaterials/Substrate/Glints2/dict_0006_0226.uasset" 7239
"../../../Engine/Content/EngineMaterials/Substrate/Glints2/dict_0006_0225.uasset" 7240
"../../../Engine/Content/EngineMaterials/Substrate/Glints2/dict_0006_0224.uasset" 7241
"/Engine/EngineMaterials/Substrate/Glints2/dict_0006_0244" 7242
"../../../Engine/Content/EngineMaterials/Substrate/Glints2/dict_0006_0223.uasset" 7243
"../../../Engine/Content/EngineMaterials/Substrate/Glints2/dict_0006_0222.uasset" 7244
"../../../Engine/Content/EngineMaterials/Substrate/Glints2/dict_0006_0221.uasset" 7245
"../../../Engine/Content/EngineMaterials/Substrate/Glints2/dict_0006_0220.uasset" 7246
"../../../Engine/Content/EngineMaterials/Substrate/Glints2/dict_0006_0219.uasset" 7247
"../../../Engine/Content/EngineMaterials/Substrate/Glints2/dict_0006_0218.uasset" 7248
"/Engine/EngineMaterials/Substrate/Glints2/dict_0006_0245" 7249
"/Engine/EngineMaterials/Substrate/Glints2/dict_0006_0246" 7250
"/Engine/EngineMaterials/Substrate/Glints2/dict_0006_0247" 7251
"/Engine/EngineMaterials/Substrate/Glints2/dict_0006_0248" 7252
"/Engine/EngineMaterials/Substrate/Glints2/dict_0006_0249" 7253
"../../../Engine/Content/EngineMaterials/Substrate/Glints2/dict_0006_0217.uasset" 7254
"../../../Engine/Content/EngineMaterials/Substrate/Glints2/dict_0006_0216.uasset" 7255
"/Engine/EngineMaterials/Substrate/Glints2/dict_0006_0218" 7256
"../../../Engine/Content/EngineMaterials/Substrate/Glints2/dict_0006_0215.uasset" 7257
"../../../Engine/Content/EngineMaterials/Substrate/Glints2/dict_0006_0214.uasset" 7258
"../../../Engine/Content/EngineMaterials/Substrate/Glints2/dict_0006_0212.uasset" 7259
"../../../Engine/Content/EngineMaterials/Substrate/Glints2/dict_0006_0213.uasset" 7260
"../../../Engine/Content/EngineMaterials/Substrate/Glints2/dict_0006_0211.uasset" 7261
"../../../Engine/Content/EngineMaterials/Substrate/Glints2/dict_0006_0210.uasset" 7262
"/Engine/EngineMaterials/Substrate/Glints2/dict_0006_0219" 7263
"/Engine/EngineMaterials/Substrate/Glints2/dict_0006_0220" 7264
"/Engine/EngineMaterials/Substrate/Glints2/dict_0006_0221" 7265
"/Engine/EngineMaterials/Substrate/Glints2/dict_0006_0222" 7266
"/Engine/EngineMaterials/Substrate/Glints2/dict_0006_0223" 7267
"/Engine/EngineMaterials/Substrate/Glints2/dict_0006_0224" 7268
"/Engine/EngineMaterials/Substrate/Glints2/dict_0006_0225" 7269
"/Engine/EngineMaterials/Substrate/Glints2/dict_0006_0226" 7270
"/Engine/EngineMaterials/Substrate/Glints2/dict_0006_0227" 7271
"/Engine/EngineMaterials/Substrate/Glints2/dict_0006_0228" 7272
"/Engine/EngineMaterials/Substrate/Glints2/dict_0006_0229" 7273
"/Engine/EngineMaterials/Substrate/Glints2/dict_0006_0230" 7274
"/Engine/EngineMaterials/Substrate/Glints2/dict_0006_0231" 7275
"/Engine/EngineMaterials/Substrate/Glints2/dict_0006_0232" 7276
"/Engine/EngineMaterials/Substrate/Glints2/dict_0006_0233" 7277
"/Engine/EngineMaterials/Substrate/Glints2/dict_0006_0234" 7278
"/Engine/EngineMaterials/Substrate/Glints2/dict_0006_0235" 7279
"/Engine/EngineMaterials/Substrate/Glints2/dict_0006_0236" 7280
"/Engine/EngineMaterials/Substrate/Glints2/dict_0006_0237" 7281
"/Engine/EngineMaterials/Substrate/Glints2/dict_0006_0238" 7282
"/Engine/EngineMaterials/Substrate/Glints2/dict_0006_0239" 7283
"/Engine/EngineMaterials/Substrate/Glints2/dict_0006_0240" 7284
"/Engine/EngineMaterials/Substrate/Glints2/dict_0006_0241" 7285
"../../../Engine/Content/EngineMaterials/Substrate/Glints2/dict_0006_0209.uasset" 7286
"../../../Engine/Content/EngineMaterials/Substrate/Glints2/dict_0006_0208.uasset" 7287
"/Engine/EngineMaterials/Substrate/Glints2/dict_0006_0210" 7288
"../../../Engine/Content/EngineMaterials/Substrate/Glints2/dict_0006_0207.uasset" 7289
"../../../Engine/Content/EngineMaterials/Substrate/Glints2/dict_0006_0206.uasset" 7290
"../../../Engine/Content/EngineMaterials/Substrate/Glints2/dict_0006_0205.uasset" 7291
"../../../Engine/Content/EngineMaterials/Substrate/Glints2/dict_0006_0204.uasset" 7292
"../../../Engine/Content/EngineMaterials/Substrate/Glints2/dict_0006_0202.uasset" 7293
"../../../Engine/Content/EngineMaterials/Substrate/Glints2/dict_0006_0203.uasset" 7294
"/Engine/EngineMaterials/Substrate/Glints2/dict_0006_0211" 7295
"../../../Engine/Content/EngineMaterials/Substrate/Glints2/dict_0006_0201.uasset" 7296
"../../../Engine/Content/EngineMaterials/Substrate/Glints2/dict_0006_0199.uasset" 7297
"../../../Engine/Content/EngineMaterials/Substrate/Glints2/dict_0006_0200.uasset" 7298
"../../../Engine/Content/EngineMaterials/Substrate/Glints2/dict_0006_0198.uasset" 7299
"../../../Engine/Content/EngineMaterials/Substrate/Glints2/dict_0006_0196.uasset" 7300
"../../../Engine/Content/EngineMaterials/Substrate/Glints2/dict_0006_0197.uasset" 7301
"../../../Engine/Content/EngineMaterials/Substrate/Glints2/dict_0006_0195.uasset" 7302
"/Engine/EngineMaterials/Substrate/Glints2/dict_0006_0212" 7303
"../../../Engine/Content/EngineMaterials/Substrate/Glints2/dict_0006_0194.uasset" 7304
"../../../Engine/Content/EngineMaterials/Substrate/Glints2/dict_0006_0193.uasset" 7305
"../../../Engine/Content/EngineMaterials/Substrate/Glints2/dict_0006_0192.uasset" 7306
"../../../Engine/Content/EngineMaterials/Substrate/Glints2/dict_0006_0191.uasset" 7307
"../../../Engine/Content/EngineMaterials/Substrate/Glints2/dict_0006_0190.uasset" 7308
"../../../Engine/Content/EngineMaterials/Substrate/Glints2/dict_0006_0189.uasset" 7309
"/Engine/EngineMaterials/Substrate/Glints2/dict_0006_0213" 7310
"../../../Engine/Content/EngineMaterials/Substrate/Glints2/dict_0006_0188.uasset" 7311
"../../../Engine/Content/EngineMaterials/Substrate/Glints2/dict_0006_0187.uasset" 7312
"../../../Engine/Content/EngineMaterials/Substrate/Glints2/dict_0006_0186.uasset" 7313
"/Engine/EngineMaterials/Substrate/Glints2/dict_0006_0214" 7314
"/Engine/EngineMaterials/Substrate/Glints2/dict_0006_0215" 7315
"/Engine/EngineMaterials/Substrate/Glints2/dict_0006_0216" 7316
"/Engine/EngineMaterials/Substrate/Glints2/dict_0006_0217" 7317
"../../../Engine/Content/EngineMaterials/Substrate/Glints2/dict_0006_0185.uasset" 7318
"../../../Engine/Content/EngineMaterials/Substrate/Glints2/dict_0006_0184.uasset" 7319
"/Engine/EngineMaterials/Substrate/Glints2/dict_0006_0186" 7320
"../../../Engine/Content/EngineMaterials/Substrate/Glints2/dict_0006_0183.uasset" 7321
"../../../Engine/Content/EngineMaterials/Substrate/Glints2/dict_0006_0182.uasset" 7322
"../../../Engine/Content/EngineMaterials/Substrate/Glints2/dict_0006_0181.uasset" 7323
"../../../Engine/Content/EngineMaterials/Substrate/Glints2/dict_0006_0180.uasset" 7324
"../../../Engine/Content/EngineMaterials/Substrate/Glints2/dict_0006_0179.uasset" 7325
"../../../Engine/Content/EngineMaterials/Substrate/Glints2/dict_0006_0178.uasset" 7326
"/Engine/EngineMaterials/Substrate/Glints2/dict_0006_0187" 7327
"/Engine/EngineMaterials/Substrate/Glints2/dict_0006_0188" 7328
"/Engine/EngineMaterials/Substrate/Glints2/dict_0006_0189" 7329
"/Engine/EngineMaterials/Substrate/Glints2/dict_0006_0190" 7330
"/Engine/EngineMaterials/Substrate/Glints2/dict_0006_0191" 7331
"/Engine/EngineMaterials/Substrate/Glints2/dict_0006_0192" 7332
"/Engine/EngineMaterials/Substrate/Glints2/dict_0006_0193" 7333
"/Engine/EngineMaterials/Substrate/Glints2/dict_0006_0194" 7334
"/Engine/EngineMaterials/Substrate/Glints2/dict_0006_0195" 7335
"/Engine/EngineMaterials/Substrate/Glints2/dict_0006_0196" 7336
"/Engine/EngineMaterials/Substrate/Glints2/dict_0006_0197" 7337
"/Engine/EngineMaterials/Substrate/Glints2/dict_0006_0198" 7338
"/Engine/EngineMaterials/Substrate/Glints2/dict_0006_0199" 7339
"/Engine/EngineMaterials/Substrate/Glints2/dict_0006_0200" 7340
"/Engine/EngineMaterials/Substrate/Glints2/dict_0006_0201" 7341
"/Engine/EngineMaterials/Substrate/Glints2/dict_0006_0202" 7342
"/Engine/EngineMaterials/Substrate/Glints2/dict_0006_0203" 7343
"/Engine/EngineMaterials/Substrate/Glints2/dict_0006_0204" 7344
"/Engine/EngineMaterials/Substrate/Glints2/dict_0006_0205" 7345
"/Engine/EngineMaterials/Substrate/Glints2/dict_0006_0206" 7346
"/Engine/EngineMaterials/Substrate/Glints2/dict_0006_0207" 7347
"/Engine/EngineMaterials/Substrate/Glints2/dict_0006_0208" 7348
"/Engine/EngineMaterials/Substrate/Glints2/dict_0006_0209" 7349
"../../../Engine/Content/EngineMaterials/Substrate/Glints2/dict_0006_0177.uasset" 7350
"../../../Engine/Content/EngineMaterials/Substrate/Glints2/dict_0006_0176.uasset" 7351
"/Engine/EngineMaterials/Substrate/Glints2/dict_0006_0178" 7352
"../../../Engine/Content/EngineMaterials/Substrate/Glints2/dict_0006_0175.uasset" 7353
"../../../Engine/Content/EngineMaterials/Substrate/Glints2/dict_0006_0173.uasset" 7354
"../../../Engine/Content/EngineMaterials/Substrate/Glints2/dict_0006_0174.uasset" 7355
"../../../Engine/Content/EngineMaterials/Substrate/Glints2/dict_0006_0172.uasset" 7356
"../../../Engine/Content/EngineMaterials/Substrate/Glints2/dict_0006_0171.uasset" 7357
"../../../Engine/Content/EngineMaterials/Substrate/Glints2/dict_0006_0170.uasset" 7358
"/Engine/EngineMaterials/Substrate/Glints2/dict_0006_0179" 7359
"../../../Engine/Content/EngineMaterials/Substrate/Glints2/dict_0006_0169.uasset" 7360
"../../../Engine/Content/EngineMaterials/Substrate/Glints2/dict_0006_0168.uasset" 7361
"../../../Engine/Content/EngineMaterials/Substrate/Glints2/dict_0006_0167.uasset" 7362
"../../../Engine/Content/EngineMaterials/Substrate/Glints2/dict_0006_0166.uasset" 7363
"../../../Engine/Content/EngineMaterials/Substrate/Glints2/dict_0006_0165.uasset" 7364
"../../../Engine/Content/EngineMaterials/Substrate/Glints2/dict_0006_0164.uasset" 7365
"../../../Engine/Content/EngineMaterials/Substrate/Glints2/dict_0006_0163.uasset" 7366
"/Engine/EngineMaterials/Substrate/Glints2/dict_0006_0180" 7367
"../../../Engine/Content/EngineMaterials/Substrate/Glints2/dict_0006_0162.uasset" 7368
"../../../Engine/Content/EngineMaterials/Substrate/Glints2/dict_0006_0161.uasset" 7369
"../../../Engine/Content/EngineMaterials/Substrate/Glints2/dict_0006_0160.uasset" 7370
"../../../Engine/Content/EngineMaterials/Substrate/Glints2/dict_0006_0159.uasset" 7371
"../../../Engine/Content/EngineMaterials/Substrate/Glints2/dict_0006_0158.uasset" 7372
"/Engine/EngineMaterials/Substrate/Glints2/dict_0006_0181" 7373
"../../../Engine/Content/EngineMaterials/Substrate/Glints2/dict_0006_0157.uasset" 7374
"../../../Engine/Content/EngineMaterials/Substrate/Glints2/dict_0006_0156.uasset" 7375
"../../../Engine/Content/EngineMaterials/Substrate/Glints2/dict_0006_0155.uasset" 7376
"../../../Engine/Content/EngineMaterials/Substrate/Glints2/dict_0006_0154.uasset" 7377
"/Engine/EngineMaterials/Substrate/Glints2/dict_0006_0182" 7378
"/Engine/EngineMaterials/Substrate/Glints2/dict_0006_0183" 7379
"/Engine/EngineMaterials/Substrate/Glints2/dict_0006_0184" 7380
"/Engine/EngineMaterials/Substrate/Glints2/dict_0006_0185" 7381
"../../../Engine/Content/EngineMaterials/Substrate/Glints2/dict_0006_0152.uasset" 7382
"../../../Engine/Content/EngineMaterials/Substrate/Glints2/dict_0006_0153.uasset" 7383
"../../../Engine/Content/EngineMaterials/Substrate/Glints2/dict_0006_0151.uasset" 7384
"/Engine/EngineMaterials/Substrate/Glints2/dict_0006_0154" 7385
"../../../Engine/Content/EngineMaterials/Substrate/Glints2/dict_0006_0150.uasset" 7386
"../../../Engine/Content/EngineMaterials/Substrate/Glints2/dict_0006_0149.uasset" 7387
"../../../Engine/Content/EngineMaterials/Substrate/Glints2/dict_0006_0148.uasset" 7388
"../../../Engine/Content/EngineMaterials/Substrate/Glints2/dict_0006_0146.uasset" 7389
"../../../Engine/Content/EngineMaterials/Substrate/Glints2/dict_0006_0147.uasset" 7390
"/Engine/EngineMaterials/Substrate/Glints2/dict_0006_0155" 7391
"/Engine/EngineMaterials/Substrate/Glints2/dict_0006_0156" 7392
"/Engine/EngineMaterials/Substrate/Glints2/dict_0006_0157" 7393
"/Engine/EngineMaterials/Substrate/Glints2/dict_0006_0158" 7394
"/Engine/EngineMaterials/Substrate/Glints2/dict_0006_0159" 7395
"/Engine/EngineMaterials/Substrate/Glints2/dict_0006_0160" 7396
"/Engine/EngineMaterials/Substrate/Glints2/dict_0006_0161" 7397
"/Engine/EngineMaterials/Substrate/Glints2/dict_0006_0162" 7398
"/Engine/EngineMaterials/Substrate/Glints2/dict_0006_0163" 7399
"/Engine/EngineMaterials/Substrate/Glints2/dict_0006_0164" 7400
"/Engine/EngineMaterials/Substrate/Glints2/dict_0006_0165" 7401
"/Engine/EngineMaterials/Substrate/Glints2/dict_0006_0166" 7402
"/Engine/EngineMaterials/Substrate/Glints2/dict_0006_0167" 7403
"/Engine/EngineMaterials/Substrate/Glints2/dict_0006_0168" 7404
"/Engine/EngineMaterials/Substrate/Glints2/dict_0006_0169" 7405
"/Engine/EngineMaterials/Substrate/Glints2/dict_0006_0170" 7406
"/Engine/EngineMaterials/Substrate/Glints2/dict_0006_0171" 7407
"/Engine/EngineMaterials/Substrate/Glints2/dict_0006_0172" 7408
"/Engine/EngineMaterials/Substrate/Glints2/dict_0006_0173" 7409
"/Engine/EngineMaterials/Substrate/Glints2/dict_0006_0174" 7410
"/Engine/EngineMaterials/Substrate/Glints2/dict_0006_0175" 7411
"/Engine/EngineMaterials/Substrate/Glints2/dict_0006_0176" 7412
"/Engine/EngineMaterials/Substrate/Glints2/dict_0006_0177" 7413
"../../../Engine/Content/EngineMaterials/Substrate/Glints2/dict_0006_0145.uasset" 7414
"../../../Engine/Content/EngineMaterials/Substrate/Glints2/dict_0006_0144.uasset" 7415
"/Engine/EngineMaterials/Substrate/Glints2/dict_0006_0146" 7416
"../../../Engine/Content/EngineMaterials/Substrate/Glints2/dict_0006_0143.uasset" 7417
"../../../Engine/Content/EngineMaterials/Substrate/Glints2/dict_0006_0142.uasset" 7418
"../../../Engine/Content/EngineMaterials/Substrate/Glints2/dict_0006_0141.uasset" 7419
"../../../Engine/Content/EngineMaterials/Substrate/Glints2/dict_0006_0140.uasset" 7420
"../../../Engine/Content/EngineMaterials/Substrate/Glints2/dict_0006_0139.uasset" 7421
"../../../Engine/Content/EngineMaterials/Substrate/Glints2/dict_0006_0138.uasset" 7422
"../../../Engine/Content/EngineMaterials/Substrate/Glints2/dict_0006_0137.uasset" 7423
"../../../Engine/Content/EngineMaterials/Substrate/Glints2/dict_0006_0136.uasset" 7424
"/Engine/EngineMaterials/Substrate/Glints2/dict_0006_0147" 7425
"../../../Engine/Content/EngineMaterials/Substrate/Glints2/dict_0006_0134.uasset" 7426
"../../../Engine/Content/EngineMaterials/Substrate/Glints2/dict_0006_0135.uasset" 7427
"../../../Engine/Content/EngineMaterials/Substrate/Glints2/dict_0006_0133.uasset" 7428
"../../../Engine/Content/EngineMaterials/Substrate/Glints2/dict_0006_0132.uasset" 7429
"../../../Engine/Content/EngineMaterials/Substrate/Glints2/dict_0006_0130.uasset" 7430
"../../../Engine/Content/EngineMaterials/Substrate/Glints2/dict_0006_0131.uasset" 7431
"../../../Engine/Content/EngineMaterials/Substrate/Glints2/dict_0006_0129.uasset" 7432
"../../../Engine/Content/EngineMaterials/Substrate/Glints2/dict_0006_0128.uasset" 7433
"/Engine/EngineMaterials/Substrate/Glints2/dict_0006_0148" 7434
"../../../Engine/Content/EngineMaterials/Substrate/Glints2/dict_0006_0127.uasset" 7435
"../../../Engine/Content/EngineMaterials/Substrate/Glints2/dict_0006_0126.uasset" 7436
"../../../Engine/Content/EngineMaterials/Substrate/Glints2/dict_0006_0125.uasset" 7437
"../../../Engine/Content/EngineMaterials/Substrate/Glints2/dict_0006_0124.uasset" 7438
"../../../Engine/Content/EngineMaterials/Substrate/Glints2/dict_0006_0123.uasset" 7439
"../../../Engine/Content/EngineMaterials/Substrate/Glints2/dict_0006_0122.uasset" 7440
"/Engine/EngineMaterials/Substrate/Glints2/dict_0006_0149" 7441
"/Engine/EngineMaterials/Substrate/Glints2/dict_0006_0150" 7442
"/Engine/EngineMaterials/Substrate/Glints2/dict_0006_0151" 7443
"/Engine/EngineMaterials/Substrate/Glints2/dict_0006_0152" 7444
"/Engine/EngineMaterials/Substrate/Glints2/dict_0006_0153" 7445
"../../../Engine/Content/EngineMaterials/Substrate/Glints2/dict_0006_0121.uasset" 7446
"../../../Engine/Content/EngineMaterials/Substrate/Glints2/dict_0006_0120.uasset" 7447
"/Engine/EngineMaterials/Substrate/Glints2/dict_0006_0122" 7448
"../../../Engine/Content/EngineMaterials/Substrate/Glints2/dict_0006_0119.uasset" 7449
"../../../Engine/Content/EngineMaterials/Substrate/Glints2/dict_0006_0118.uasset" 7450
"../../../Engine/Content/EngineMaterials/Substrate/Glints2/dict_0006_0117.uasset" 7451
"../../../Engine/Content/EngineMaterials/Substrate/Glints2/dict_0006_0116.uasset" 7452
"../../../Engine/Content/EngineMaterials/Substrate/Glints2/dict_0006_0115.uasset" 7453
"../../../Engine/Content/EngineMaterials/Substrate/Glints2/dict_0006_0114.uasset" 7454
"/Engine/EngineMaterials/Substrate/Glints2/dict_0006_0123" 7455
"/Engine/EngineMaterials/Substrate/Glints2/dict_0006_0124" 7456
"/Engine/EngineMaterials/Substrate/Glints2/dict_0006_0125" 7457
"/Engine/EngineMaterials/Substrate/Glints2/dict_0006_0126" 7458
"/Engine/EngineMaterials/Substrate/Glints2/dict_0006_0127" 7459
"/Engine/EngineMaterials/Substrate/Glints2/dict_0006_0128" 7460
"/Engine/EngineMaterials/Substrate/Glints2/dict_0006_0129" 7461
"/Engine/EngineMaterials/Substrate/Glints2/dict_0006_0130" 7462
"/Engine/EngineMaterials/Substrate/Glints2/dict_0006_0131" 7463
"/Engine/EngineMaterials/Substrate/Glints2/dict_0006_0132" 7464
"/Engine/EngineMaterials/Substrate/Glints2/dict_0006_0133" 7465
"/Engine/EngineMaterials/Substrate/Glints2/dict_0006_0134" 7466
"/Engine/EngineMaterials/Substrate/Glints2/dict_0006_0135" 7467
"/Engine/EngineMaterials/Substrate/Glints2/dict_0006_0136" 7468
"/Engine/EngineMaterials/Substrate/Glints2/dict_0006_0137" 7469
"/Engine/EngineMaterials/Substrate/Glints2/dict_0006_0138" 7470
"/Engine/EngineMaterials/Substrate/Glints2/dict_0006_0139" 7471
"/Engine/EngineMaterials/Substrate/Glints2/dict_0006_0140" 7472
"/Engine/EngineMaterials/Substrate/Glints2/dict_0006_0141" 7473
"/Engine/EngineMaterials/Substrate/Glints2/dict_0006_0142" 7474
"/Engine/EngineMaterials/Substrate/Glints2/dict_0006_0143" 7475
"/Engine/EngineMaterials/Substrate/Glints2/dict_0006_0144" 7476
"/Engine/EngineMaterials/Substrate/Glints2/dict_0006_0145" 7477
"../../../Engine/Content/EngineMaterials/Substrate/Glints2/dict_0006_0113.uasset" 7478
"../../../Engine/Content/EngineMaterials/Substrate/Glints2/dict_0006_0112.uasset" 7479
"/Engine/EngineMaterials/Substrate/Glints2/dict_0006_0114" 7480
"../../../Engine/Content/EngineMaterials/Substrate/Glints2/dict_0006_0111.uasset" 7481
"../../../Engine/Content/EngineMaterials/Substrate/Glints2/dict_0006_0110.uasset" 7482
"../../../Engine/Content/EngineMaterials/Substrate/Glints2/dict_0006_0109.uasset" 7483
"../../../Engine/Content/EngineMaterials/Substrate/Glints2/dict_0006_0108.uasset" 7484
"../../../Engine/Content/EngineMaterials/Substrate/Glints2/dict_0006_0107.uasset" 7485
"../../../Engine/Content/EngineMaterials/Substrate/Glints2/dict_0006_0106.uasset" 7486
"../../../Engine/Content/EngineMaterials/Substrate/Glints2/dict_0006_0105.uasset" 7487
"/Engine/EngineMaterials/Substrate/Glints2/dict_0006_0115" 7488
"../../../Engine/Content/EngineMaterials/Substrate/Glints2/dict_0006_0104.uasset" 7489
"../../../Engine/Content/EngineMaterials/Substrate/Glints2/dict_0006_0103.uasset" 7490
"../../../Engine/Content/EngineMaterials/Substrate/Glints2/dict_0006_0102.uasset" 7491
"../../../Engine/Content/EngineMaterials/Substrate/Glints2/dict_0006_0101.uasset" 7492
"../../../Engine/Content/EngineMaterials/Substrate/Glints2/dict_0006_0100.uasset" 7493
"../../../Engine/Content/EngineMaterials/Substrate/Glints2/dict_0006_0099.uasset" 7494
"../../../Engine/Content/EngineMaterials/Substrate/Glints2/dict_0006_0098.uasset" 7495
"../../../Engine/Content/EngineMaterials/Substrate/Glints2/dict_0006_0097.uasset" 7496
"../../../Engine/Content/EngineMaterials/Substrate/Glints2/dict_0006_0096.uasset" 7497
"../../../Engine/Content/EngineMaterials/Substrate/Glints2/dict_0006_0095.uasset" 7498
"/Engine/EngineMaterials/Substrate/Glints2/dict_0006_0116" 7499
"../../../Engine/Content/EngineMaterials/Substrate/Glints2/dict_0006_0093.uasset" 7500
"../../../Engine/Content/EngineMaterials/Substrate/Glints2/dict_0006_0094.uasset" 7501
"../../../Engine/Content/EngineMaterials/Substrate/Glints2/dict_0006_0092.uasset" 7502
"../../../Engine/Content/EngineMaterials/Substrate/Glints2/dict_0006_0091.uasset" 7503
"../../../Engine/Content/EngineMaterials/Substrate/Glints2/dict_0006_0090.uasset" 7504
"/Engine/EngineMaterials/Substrate/Glints2/dict_0006_0117" 7505
"/Engine/EngineMaterials/Substrate/Glints2/dict_0006_0118" 7506
"/Engine/EngineMaterials/Substrate/Glints2/dict_0006_0119" 7507
"/Engine/EngineMaterials/Substrate/Glints2/dict_0006_0120" 7508
"/Engine/EngineMaterials/Substrate/Glints2/dict_0006_0121" 7509
"../../../Engine/Content/EngineMaterials/Substrate/Glints2/dict_0006_0089.uasset" 7510
"../../../Engine/Content/EngineMaterials/Substrate/Glints2/dict_0006_0088.uasset" 7511
"/Engine/EngineMaterials/Substrate/Glints2/dict_0006_0090" 7512
"../../../Engine/Content/EngineMaterials/Substrate/Glints2/dict_0006_0087.uasset" 7513
"../../../Engine/Content/EngineMaterials/Substrate/Glints2/dict_0006_0086.uasset" 7514
"../../../Engine/Content/EngineMaterials/Substrate/Glints2/dict_0006_0085.uasset" 7515
"../../../Engine/Content/EngineMaterials/Substrate/Glints2/dict_0006_0084.uasset" 7516
"../../../Engine/Content/EngineMaterials/Substrate/Glints2/dict_0006_0083.uasset" 7517
"../../../Engine/Content/EngineMaterials/Substrate/Glints2/dict_0006_0082.uasset" 7518
"/Engine/EngineMaterials/Substrate/Glints2/dict_0006_0091" 7519
"/Engine/EngineMaterials/Substrate/Glints2/dict_0006_0092" 7520
"/Engine/EngineMaterials/Substrate/Glints2/dict_0006_0093" 7521
"/Engine/EngineMaterials/Substrate/Glints2/dict_0006_0094" 7522
"/Engine/EngineMaterials/Substrate/Glints2/dict_0006_0095" 7523
"/Engine/EngineMaterials/Substrate/Glints2/dict_0006_0096" 7524
"/Engine/EngineMaterials/Substrate/Glints2/dict_0006_0097" 7525
"/Engine/EngineMaterials/Substrate/Glints2/dict_0006_0098" 7526
"/Engine/EngineMaterials/Substrate/Glints2/dict_0006_0099" 7527
"/Engine/EngineMaterials/Substrate/Glints2/dict_0006_0100" 7528
"/Engine/EngineMaterials/Substrate/Glints2/dict_0006_0101" 7529
"/Engine/EngineMaterials/Substrate/Glints2/dict_0006_0102" 7530
"/Engine/EngineMaterials/Substrate/Glints2/dict_0006_0103" 7531
"/Engine/EngineMaterials/Substrate/Glints2/dict_0006_0104" 7532
"/Engine/EngineMaterials/Substrate/Glints2/dict_0006_0105" 7533
"/Engine/EngineMaterials/Substrate/Glints2/dict_0006_0106" 7534
"/Engine/EngineMaterials/Substrate/Glints2/dict_0006_0107" 7535
"/Engine/EngineMaterials/Substrate/Glints2/dict_0006_0108" 7536
"/Engine/EngineMaterials/Substrate/Glints2/dict_0006_0109" 7537
"/Engine/EngineMaterials/Substrate/Glints2/dict_0006_0110" 7538
"/Engine/EngineMaterials/Substrate/Glints2/dict_0006_0111" 7539
"/Engine/EngineMaterials/Substrate/Glints2/dict_0006_0112" 7540
"/Engine/EngineMaterials/Substrate/Glints2/dict_0006_0113" 7541
"/Engine/EngineMaterials/Substrate/Glints2/dict_0006_0082" 7542
"../../../Engine/Content/EngineMaterials/Substrate/Glints2/dict_0006_0081.uasset" 7543
"../../../Engine/Content/EngineMaterials/Substrate/Glints2/dict_0006_0079.uasset" 7544
"../../../Engine/Content/EngineMaterials/Substrate/Glints2/dict_0006_0078.uasset" 7545
"/Engine/EngineMaterials/Substrate/Glints2/dict_0006_0083" 7546
"../../../Engine/Content/EngineMaterials/Substrate/Glints2/dict_0006_0077.uasset" 7547
"../../../Engine/Content/EngineMaterials/Substrate/Glints2/dict_0006_0080.uasset" 7548
"../../../Engine/Content/EngineMaterials/Substrate/Glints2/dict_0006_0076.uasset" 7549
"../../../Engine/Content/EngineMaterials/Substrate/Glints2/dict_0006_0075.uasset" 7550
"../../../Engine/Content/EngineMaterials/Substrate/Glints2/dict_0006_0074.uasset" 7551
"../../../Engine/Content/EngineMaterials/Substrate/Glints2/dict_0006_0073.uasset" 7552
"/Engine/EngineMaterials/Substrate/Glints2/dict_0006_0084" 7553
"../../../Engine/Content/EngineMaterials/Substrate/Glints2/dict_0006_0072.uasset" 7554
"../../../Engine/Content/EngineMaterials/Substrate/Glints2/dict_0006_0071.uasset" 7555
"../../../Engine/Content/EngineMaterials/Substrate/Glints2/dict_0006_0070.uasset" 7556
"../../../Engine/Content/EngineMaterials/Substrate/Glints2/dict_0006_0069.uasset" 7557
"../../../Engine/Content/EngineMaterials/Substrate/Glints2/dict_0006_0068.uasset" 7558
"/Engine/EngineMaterials/Substrate/Glints2/dict_0006_0085" 7559
"../../../Engine/Content/EngineMaterials/Substrate/Glints2/dict_0006_0067.uasset" 7560
"../../../Engine/Content/EngineMaterials/Substrate/Glints2/dict_0006_0065.uasset" 7561
"/Engine/EngineMaterials/Substrate/Glints2/dict_0006_0086" 7562
"../../../Engine/Content/EngineMaterials/Substrate/Glints2/dict_0006_0064.uasset" 7563
"../../../Engine/Content/EngineMaterials/Substrate/Glints2/dict_0006_0063.uasset" 7564
"../../../Engine/Content/EngineMaterials/Substrate/Glints2/dict_0006_0062.uasset" 7565
"../../../Engine/Content/EngineMaterials/Substrate/Glints2/dict_0006_0061.uasset" 7566
"../../../Engine/Content/EngineMaterials/Substrate/Glints2/dict_0006_0060.uasset" 7567
"/Engine/EngineMaterials/Substrate/Glints2/dict_0006_0087" 7568
"../../../Engine/Content/EngineMaterials/Substrate/Glints2/dict_0006_0066.uasset" 7569
"../../../Engine/Content/EngineMaterials/Substrate/Glints2/dict_0006_0059.uasset" 7570
"../../../Engine/Content/EngineMaterials/Substrate/Glints2/dict_0006_0058.uasset" 7571
"/Engine/EngineMaterials/Substrate/Glints2/dict_0006_0088" 7572
"/Engine/EngineMaterials/Substrate/Glints2/dict_0006_0089" 7573
"../../../Engine/Content/EngineMaterials/Substrate/Glints2/dict_0006_0056.uasset" 7574
"../../../Engine/Content/EngineMaterials/Substrate/Glints2/dict_0006_0057.uasset" 7575
"/Engine/EngineMaterials/Substrate/Glints2/dict_0006_0058" 7576
"../../../Engine/Content/EngineMaterials/Substrate/Glints2/dict_0006_0055.uasset" 7577
"../../../Engine/Content/EngineMaterials/Substrate/Glints2/dict_0006_0053.uasset" 7578
"../../../Engine/Content/EngineMaterials/Substrate/Glints2/dict_0006_0054.uasset" 7579
"../../../Engine/Content/EngineMaterials/Substrate/Glints2/dict_0006_0052.uasset" 7580
"../../../Engine/Content/EngineMaterials/Substrate/Glints2/dict_0006_0050.uasset" 7581
"../../../Engine/Content/EngineMaterials/Substrate/Glints2/dict_0006_0051.uasset" 7582
"/Engine/EngineMaterials/Substrate/Glints2/dict_0006_0059" 7583
"/Engine/EngineMaterials/Substrate/Glints2/dict_0006_0060" 7584
"/Engine/EngineMaterials/Substrate/Glints2/dict_0006_0061" 7585
"/Engine/EngineMaterials/Substrate/Glints2/dict_0006_0062" 7586
"/Engine/EngineMaterials/Substrate/Glints2/dict_0006_0063" 7587
"/Engine/EngineMaterials/Substrate/Glints2/dict_0006_0064" 7588
"/Engine/EngineMaterials/Substrate/Glints2/dict_0006_0065" 7589
"/Engine/EngineMaterials/Substrate/Glints2/dict_0006_0066" 7590
"/Engine/EngineMaterials/Substrate/Glints2/dict_0006_0067" 7591
"/Engine/EngineMaterials/Substrate/Glints2/dict_0006_0068" 7592
"/Engine/EngineMaterials/Substrate/Glints2/dict_0006_0069" 7593
"/Engine/EngineMaterials/Substrate/Glints2/dict_0006_0070" 7594
"/Engine/EngineMaterials/Substrate/Glints2/dict_0006_0071" 7595
"/Engine/EngineMaterials/Substrate/Glints2/dict_0006_0072" 7596
"/Engine/EngineMaterials/Substrate/Glints2/dict_0006_0073" 7597
"/Engine/EngineMaterials/Substrate/Glints2/dict_0006_0074" 7598
"/Engine/EngineMaterials/Substrate/Glints2/dict_0006_0075" 7599
"/Engine/EngineMaterials/Substrate/Glints2/dict_0006_0076" 7600
"/Engine/EngineMaterials/Substrate/Glints2/dict_0006_0077" 7601
"/Engine/EngineMaterials/Substrate/Glints2/dict_0006_0078" 7602
"/Engine/EngineMaterials/Substrate/Glints2/dict_0006_0079" 7603
"/Engine/EngineMaterials/Substrate/Glints2/dict_0006_0080" 7604
"/Engine/EngineMaterials/Substrate/Glints2/dict_0006_0081" 7605
"../../../Engine/Content/EngineMaterials/Substrate/Glints2/dict_0006_0048.uasset" 7606
"../../../Engine/Content/EngineMaterials/Substrate/Glints2/dict_0006_0049.uasset" 7607
"/Engine/EngineMaterials/Substrate/Glints2/dict_0006_0050" 7608
"../../../Engine/Content/EngineMaterials/Substrate/Glints2/dict_0006_0046.uasset" 7609
"../../../Engine/Content/EngineMaterials/Substrate/Glints2/dict_0006_0047.uasset" 7610
"../../../Engine/Content/EngineMaterials/Substrate/Glints2/dict_0006_0045.uasset" 7611
"../../../Engine/Content/EngineMaterials/Substrate/Glints2/dict_0006_0044.uasset" 7612
"../../../Engine/Content/EngineMaterials/Substrate/Glints2/dict_0006_0043.uasset" 7613
"../../../Engine/Content/EngineMaterials/Substrate/Glints2/dict_0006_0042.uasset" 7614
"../../../Engine/Content/EngineMaterials/Substrate/Glints2/dict_0006_0041.uasset" 7615
"../../../Engine/Content/EngineMaterials/Substrate/Glints2/dict_0006_0040.uasset" 7616
"../../../Engine/Content/EngineMaterials/Substrate/Glints2/dict_0006_0039.uasset" 7617
"../../../Engine/Content/EngineMaterials/Substrate/Glints2/dict_0006_0038.uasset" 7618
"../../../Engine/Content/EngineMaterials/Substrate/Glints2/dict_0006_0037.uasset" 7619
"../../../Engine/Content/EngineMaterials/Substrate/Glints2/dict_0006_0036.uasset" 7620
"../../../Engine/Content/EngineMaterials/Substrate/Glints2/dict_0006_0035.uasset" 7621
"/Engine/EngineMaterials/Substrate/Glints2/dict_0006_0051" 7622
"../../../Engine/Content/EngineMaterials/Substrate/Glints2/dict_0006_0034.uasset" 7623
"../../../Engine/Content/EngineMaterials/Substrate/Glints2/dict_0006_0033.uasset" 7624
"../../../Engine/Content/EngineMaterials/Substrate/Glints2/dict_0006_0032.uasset" 7625
"../../../Engine/Content/EngineMaterials/Substrate/Glints2/dict_0006_0031.uasset" 7626
"../../../Engine/Content/EngineMaterials/Substrate/Glints2/dict_0006_0030.uasset" 7627
"../../../Engine/Content/EngineMaterials/Substrate/Glints2/dict_0006_0029.uasset" 7628
"../../../Engine/Content/EngineMaterials/Substrate/Glints2/dict_0006_0028.uasset" 7629
"../../../Engine/Content/EngineMaterials/Substrate/Glints2/dict_0006_0026.uasset" 7630
"../../../Engine/Content/EngineMaterials/Substrate/Glints2/dict_0006_0027.uasset" 7631
"/Engine/EngineMaterials/Substrate/Glints2/dict_0006_0052" 7632
"/Engine/EngineMaterials/Substrate/Glints2/dict_0006_0053" 7633
"/Engine/EngineMaterials/Substrate/Glints2/dict_0006_0054" 7634
"/Engine/EngineMaterials/Substrate/Glints2/dict_0006_0055" 7635
"/Engine/EngineMaterials/Substrate/Glints2/dict_0006_0056" 7636
"/Engine/EngineMaterials/Substrate/Glints2/dict_0006_0057" 7637
"../../../Engine/Content/EngineMaterials/Substrate/Glints2/dict_0006_0025.uasset" 7638
"../../../Engine/Content/EngineMaterials/Substrate/Glints2/dict_0006_0024.uasset" 7639
"/Engine/EngineMaterials/Substrate/Glints2/dict_0006_0026" 7640
"../../../Engine/Content/EngineMaterials/Substrate/Glints2/dict_0006_0022.uasset" 7641
"../../../Engine/Content/EngineMaterials/Substrate/Glints2/dict_0006_0023.uasset" 7642
"../../../Engine/Content/EngineMaterials/Substrate/Glints2/dict_0006_0021.uasset" 7643
"../../../Engine/Content/EngineMaterials/Substrate/Glints2/dict_0006_0020.uasset" 7644
"../../../Engine/Content/EngineMaterials/Substrate/Glints2/dict_0006_0019.uasset" 7645
"../../../Engine/Content/EngineMaterials/Substrate/Glints2/dict_0006_0018.uasset" 7646
"/Engine/EngineMaterials/Substrate/Glints2/dict_0006_0027" 7647
"/Engine/EngineMaterials/Substrate/Glints2/dict_0006_0028" 7648
"/Engine/EngineMaterials/Substrate/Glints2/dict_0006_0029" 7649
"/Engine/EngineMaterials/Substrate/Glints2/dict_0006_0030" 7650
"/Engine/EngineMaterials/Substrate/Glints2/dict_0006_0031" 7651
"/Engine/EngineMaterials/Substrate/Glints2/dict_0006_0032" 7652
"/Engine/EngineMaterials/Substrate/Glints2/dict_0006_0033" 7653
"/Engine/EngineMaterials/Substrate/Glints2/dict_0006_0034" 7654
"/Engine/EngineMaterials/Substrate/Glints2/dict_0006_0035" 7655
"/Engine/EngineMaterials/Substrate/Glints2/dict_0006_0036" 7656
"/Engine/EngineMaterials/Substrate/Glints2/dict_0006_0037" 7657
"/Engine/EngineMaterials/Substrate/Glints2/dict_0006_0038" 7658
"/Engine/EngineMaterials/Substrate/Glints2/dict_0006_0039" 7659
"/Engine/EngineMaterials/Substrate/Glints2/dict_0006_0040" 7660
"/Engine/EngineMaterials/Substrate/Glints2/dict_0006_0041" 7661
"/Engine/EngineMaterials/Substrate/Glints2/dict_0006_0042" 7662
"/Engine/EngineMaterials/Substrate/Glints2/dict_0006_0043" 7663
"/Engine/EngineMaterials/Substrate/Glints2/dict_0006_0044" 7664
"/Engine/EngineMaterials/Substrate/Glints2/dict_0006_0045" 7665
"/Engine/EngineMaterials/Substrate/Glints2/dict_0006_0046" 7666
"/Engine/EngineMaterials/Substrate/Glints2/dict_0006_0047" 7667
"/Engine/EngineMaterials/Substrate/Glints2/dict_0006_0048" 7668
"/Engine/EngineMaterials/Substrate/Glints2/dict_0006_0049" 7669
"../../../Engine/Content/EngineMaterials/Substrate/Glints2/dict_0006_0017.uasset" 7670
"/Engine/EngineMaterials/Substrate/Glints2/dict_0006_0018" 7671
"../../../Engine/Content/EngineMaterials/Substrate/Glints2/dict_0006_0016.uasset" 7672
"../../../Engine/Content/EngineMaterials/Substrate/Glints2/dict_0006_0015.uasset" 7673
"../../../Engine/Content/EngineMaterials/Substrate/Glints2/dict_0006_0014.uasset" 7674
"../../../Engine/Content/EngineMaterials/Substrate/Glints2/dict_0006_0013.uasset" 7675
"../../../Engine/Content/EngineMaterials/Substrate/Glints2/dict_0006_0012.uasset" 7676
"../../../Engine/Content/EngineMaterials/Substrate/Glints2/dict_0006_0011.uasset" 7677
"../../../Engine/Content/EngineMaterials/Substrate/Glints2/dict_0006_0010.uasset" 7678
"/Engine/EngineMaterials/Substrate/Glints2/dict_0006_0019" 7679
"../../../Engine/Content/EngineMaterials/Substrate/Glints2/dict_0006_0009.uasset" 7680
"../../../Engine/Content/EngineMaterials/Substrate/Glints2/dict_0006_0008.uasset" 7681
"../../../Engine/Content/EngineMaterials/Substrate/Glints2/dict_0006_0007.uasset" 7682
"../../../Engine/Content/EngineMaterials/Substrate/Glints2/dict_0006_0006.uasset" 7683
"../../../Engine/Content/EngineMaterials/Substrate/Glints2/dict_0006_0005.uasset" 7684
"../../../Engine/Content/EngineMaterials/Substrate/Glints2/dict_0006_0004.uasset" 7685
"../../../Engine/Content/EngineMaterials/Substrate/Glints2/dict_0006_0003.uasset" 7686
"../../../Engine/Content/EngineMaterials/Substrate/Glints2/dict_0006_0002.uasset" 7687
"/Engine/EngineMaterials/Substrate/Glints2/dict_0006_0020" 7688
"../../../Engine/Content/EngineMaterials/Substrate/Glints2/dict_0006_0000.uasset" 7689
"../../../Engine/Content/EngineMaterials/Substrate/Glints2/dict_0006_0001.uasset" 7690
"../../../Engine/Content/EngineMaterials/Substrate/Glints2/dict_0005_0255.uasset" 7691
"../../../Engine/Content/EngineMaterials/Substrate/Glints2/dict_0005_0253.uasset" 7692
"../../../Engine/Content/EngineMaterials/Substrate/Glints2/dict_0005_0252.uasset" 7693
"../../../Engine/Content/EngineMaterials/Substrate/Glints2/dict_0005_0254.uasset" 7694
"/Engine/EngineMaterials/Substrate/Glints2/dict_0006_0021" 7695
"../../../Engine/Content/EngineMaterials/Substrate/Glints2/dict_0005_0251.uasset" 7696
"../../../Engine/Content/EngineMaterials/Substrate/Glints2/dict_0005_0250.uasset" 7697
"/Engine/EngineMaterials/Substrate/Glints2/dict_0006_0022" 7698
"/Engine/EngineMaterials/Substrate/Glints2/dict_0006_0023" 7699
"/Engine/EngineMaterials/Substrate/Glints2/dict_0006_0024" 7700
"/Engine/EngineMaterials/Substrate/Glints2/dict_0006_0025" 7701
"../../../Engine/Content/EngineMaterials/Substrate/Glints2/dict_0005_0248.uasset" 7702
"../../../Engine/Content/EngineMaterials/Substrate/Glints2/dict_0005_0249.uasset" 7703
"/Engine/EngineMaterials/Substrate/Glints2/dict_0005_0250" 7704
"../../../Engine/Content/EngineMaterials/Substrate/Glints2/dict_0005_0247.uasset" 7705
"../../../Engine/Content/EngineMaterials/Substrate/Glints2/dict_0005_0246.uasset" 7706
"../../../Engine/Content/EngineMaterials/Substrate/Glints2/dict_0005_0245.uasset" 7707
"../../../Engine/Content/EngineMaterials/Substrate/Glints2/dict_0005_0244.uasset" 7708
"../../../Engine/Content/EngineMaterials/Substrate/Glints2/dict_0005_0243.uasset" 7709
"../../../Engine/Content/EngineMaterials/Substrate/Glints2/dict_0005_0242.uasset" 7710
"/Engine/EngineMaterials/Substrate/Glints2/dict_0005_0251" 7711
"/Engine/EngineMaterials/Substrate/Glints2/dict_0005_0252" 7712
"/Engine/EngineMaterials/Substrate/Glints2/dict_0005_0253" 7713
"/Engine/EngineMaterials/Substrate/Glints2/dict_0005_0254" 7714
"/Engine/EngineMaterials/Substrate/Glints2/dict_0005_0255" 7715
"/Engine/EngineMaterials/Substrate/Glints2/dict_0006_0000" 7716
"/Engine/EngineMaterials/Substrate/Glints2/dict_0006_0001" 7717
"/Engine/EngineMaterials/Substrate/Glints2/dict_0006_0002" 7718
"/Engine/EngineMaterials/Substrate/Glints2/dict_0006_0003" 7719
"/Engine/EngineMaterials/Substrate/Glints2/dict_0006_0004" 7720
"/Engine/EngineMaterials/Substrate/Glints2/dict_0006_0005" 7721
"/Engine/EngineMaterials/Substrate/Glints2/dict_0006_0006" 7722
"/Engine/EngineMaterials/Substrate/Glints2/dict_0006_0007" 7723
"/Engine/EngineMaterials/Substrate/Glints2/dict_0006_0008" 7724
"/Engine/EngineMaterials/Substrate/Glints2/dict_0006_0009" 7725
"/Engine/EngineMaterials/Substrate/Glints2/dict_0006_0010" 7726
"/Engine/EngineMaterials/Substrate/Glints2/dict_0006_0011" 7727
"/Engine/EngineMaterials/Substrate/Glints2/dict_0006_0012" 7728
"/Engine/EngineMaterials/Substrate/Glints2/dict_0006_0013" 7729
"/Engine/EngineMaterials/Substrate/Glints2/dict_0006_0014" 7730
"/Engine/EngineMaterials/Substrate/Glints2/dict_0006_0015" 7731
"/Engine/EngineMaterials/Substrate/Glints2/dict_0006_0016" 7732
"/Engine/EngineMaterials/Substrate/Glints2/dict_0006_0017" 7733
"../../../Engine/Content/EngineMaterials/Substrate/Glints2/dict_0005_0240.uasset" 7734
"../../../Engine/Content/EngineMaterials/Substrate/Glints2/dict_0005_0241.uasset" 7735
"/Engine/EngineMaterials/Substrate/Glints2/dict_0005_0242" 7736
"../../../Engine/Content/EngineMaterials/Substrate/Glints2/dict_0005_0239.uasset" 7737
"../../../Engine/Content/EngineMaterials/Substrate/Glints2/dict_0005_0238.uasset" 7738
"../../../Engine/Content/EngineMaterials/Substrate/Glints2/dict_0005_0237.uasset" 7739
"../../../Engine/Content/EngineMaterials/Substrate/Glints2/dict_0005_0236.uasset" 7740
"../../../Engine/Content/EngineMaterials/Substrate/Glints2/dict_0005_0235.uasset" 7741
"../../../Engine/Content/EngineMaterials/Substrate/Glints2/dict_0005_0234.uasset" 7742
"../../../Engine/Content/EngineMaterials/Substrate/Glints2/dict_0005_0233.uasset" 7743
"../../../Engine/Content/EngineMaterials/Substrate/Glints2/dict_0005_0231.uasset" 7744
"../../../Engine/Content/EngineMaterials/Substrate/Glints2/dict_0005_0232.uasset" 7745
"../../../Engine/Content/EngineMaterials/Substrate/Glints2/dict_0005_0230.uasset" 7746
"/Engine/EngineMaterials/Substrate/Glints2/dict_0005_0243" 7747
"../../../Engine/Content/EngineMaterials/Substrate/Glints2/dict_0005_0229.uasset" 7748
"../../../Engine/Content/EngineMaterials/Substrate/Glints2/dict_0005_0228.uasset" 7749
"../../../Engine/Content/EngineMaterials/Substrate/Glints2/dict_0005_0227.uasset" 7750
"../../../Engine/Content/EngineMaterials/Substrate/Glints2/dict_0005_0226.uasset" 7751
"../../../Engine/Content/EngineMaterials/Substrate/Glints2/dict_0005_0225.uasset" 7752
"../../../Engine/Content/EngineMaterials/Substrate/Glints2/dict_0005_0224.uasset" 7753
"../../../Engine/Content/EngineMaterials/Substrate/Glints2/dict_0005_0223.uasset" 7754
"../../../Engine/Content/EngineMaterials/Substrate/Glints2/dict_0005_0222.uasset" 7755
"../../../Engine/Content/EngineMaterials/Substrate/Glints2/dict_0005_0221.uasset" 7756
"../../../Engine/Content/EngineMaterials/Substrate/Glints2/dict_0005_0220.uasset" 7757
"/Engine/EngineMaterials/Substrate/Glints2/dict_0005_0244" 7758
"../../../Engine/Content/EngineMaterials/Substrate/Glints2/dict_0005_0219.uasset" 7759
"../../../Engine/Content/EngineMaterials/Substrate/Glints2/dict_0005_0218.uasset" 7760
"/Engine/EngineMaterials/Substrate/Glints2/dict_0005_0245" 7761
"/Engine/EngineMaterials/Substrate/Glints2/dict_0005_0246" 7762
"/Engine/EngineMaterials/Substrate/Glints2/dict_0005_0247" 7763
"/Engine/EngineMaterials/Substrate/Glints2/dict_0005_0248" 7764
"/Engine/EngineMaterials/Substrate/Glints2/dict_0005_0249" 7765
"../../../Engine/Content/EngineMaterials/Substrate/Glints2/dict_0005_0217.uasset" 7766
"../../../Engine/Content/EngineMaterials/Substrate/Glints2/dict_0005_0216.uasset" 7767
"/Engine/EngineMaterials/Substrate/Glints2/dict_0005_0218" 7768
"../../../Engine/Content/EngineMaterials/Substrate/Glints2/dict_0005_0215.uasset" 7769
"../../../Engine/Content/EngineMaterials/Substrate/Glints2/dict_0005_0214.uasset" 7770
"../../../Engine/Content/EngineMaterials/Substrate/Glints2/dict_0005_0213.uasset" 7771
"../../../Engine/Content/EngineMaterials/Substrate/Glints2/dict_0005_0212.uasset" 7772
"../../../Engine/Content/EngineMaterials/Substrate/Glints2/dict_0005_0211.uasset" 7773
"../../../Engine/Content/EngineMaterials/Substrate/Glints2/dict_0005_0210.uasset" 7774
"/Engine/EngineMaterials/Substrate/Glints2/dict_0005_0219" 7775
"/Engine/EngineMaterials/Substrate/Glints2/dict_0005_0220" 7776
"/Engine/EngineMaterials/Substrate/Glints2/dict_0005_0221" 7777
"/Engine/EngineMaterials/Substrate/Glints2/dict_0005_0222" 7778
"/Engine/EngineMaterials/Substrate/Glints2/dict_0005_0223" 7779
"/Engine/EngineMaterials/Substrate/Glints2/dict_0005_0224" 7780
"/Engine/EngineMaterials/Substrate/Glints2/dict_0005_0225" 7781
"/Engine/EngineMaterials/Substrate/Glints2/dict_0005_0226" 7782
"/Engine/EngineMaterials/Substrate/Glints2/dict_0005_0227" 7783
"/Engine/EngineMaterials/Substrate/Glints2/dict_0005_0228" 7784
"/Engine/EngineMaterials/Substrate/Glints2/dict_0005_0229" 7785
"/Engine/EngineMaterials/Substrate/Glints2/dict_0005_0230" 7786
"/Engine/EngineMaterials/Substrate/Glints2/dict_0005_0231" 7787
"/Engine/EngineMaterials/Substrate/Glints2/dict_0005_0232" 7788
"/Engine/EngineMaterials/Substrate/Glints2/dict_0005_0233" 7789
"/Engine/EngineMaterials/Substrate/Glints2/dict_0005_0234" 7790
"/Engine/EngineMaterials/Substrate/Glints2/dict_0005_0235" 7791
"/Engine/EngineMaterials/Substrate/Glints2/dict_0005_0236" 7792
"/Engine/EngineMaterials/Substrate/Glints2/dict_0005_0237" 7793
"/Engine/EngineMaterials/Substrate/Glints2/dict_0005_0238" 7794
"/Engine/EngineMaterials/Substrate/Glints2/dict_0005_0239" 7795
"/Engine/EngineMaterials/Substrate/Glints2/dict_0005_0240" 7796
"/Engine/EngineMaterials/Substrate/Glints2/dict_0005_0241" 7797
"../../../Engine/Content/EngineMaterials/Substrate/Glints2/dict_0005_0209.uasset" 7798
"../../../Engine/Content/EngineMaterials/Substrate/Glints2/dict_0005_0208.uasset" 7799
"/Engine/EngineMaterials/Substrate/Glints2/dict_0005_0210" 7800
"../../../Engine/Content/EngineMaterials/Substrate/Glints2/dict_0005_0206.uasset" 7801
"../../../Engine/Content/EngineMaterials/Substrate/Glints2/dict_0005_0207.uasset" 7802
"../../../Engine/Content/EngineMaterials/Substrate/Glints2/dict_0005_0205.uasset" 7803
"../../../Engine/Content/EngineMaterials/Substrate/Glints2/dict_0005_0204.uasset" 7804
"../../../Engine/Content/EngineMaterials/Substrate/Glints2/dict_0005_0203.uasset" 7805
"../../../Engine/Content/EngineMaterials/Substrate/Glints2/dict_0005_0201.uasset" 7806
"../../../Engine/Content/EngineMaterials/Substrate/Glints2/dict_0005_0202.uasset" 7807
"../../../Engine/Content/EngineMaterials/Substrate/Glints2/dict_0005_0200.uasset" 7808
"../../../Engine/Content/EngineMaterials/Substrate/Glints2/dict_0005_0199.uasset" 7809
"../../../Engine/Content/EngineMaterials/Substrate/Glints2/dict_0005_0197.uasset" 7810
"../../../Engine/Content/EngineMaterials/Substrate/Glints2/dict_0005_0198.uasset" 7811
"/Engine/EngineMaterials/Substrate/Glints2/dict_0005_0211" 7812
"../../../Engine/Content/EngineMaterials/Substrate/Glints2/dict_0005_0196.uasset" 7813
"../../../Engine/Content/EngineMaterials/Substrate/Glints2/dict_0005_0194.uasset" 7814
"../../../Engine/Content/EngineMaterials/Substrate/Glints2/dict_0005_0195.uasset" 7815
"../../../Engine/Content/EngineMaterials/Substrate/Glints2/dict_0005_0193.uasset" 7816
"../../../Engine/Content/EngineMaterials/Substrate/Glints2/dict_0005_0192.uasset" 7817
"../../../Engine/Content/EngineMaterials/Substrate/Glints2/dict_0005_0191.uasset" 7818
"../../../Engine/Content/EngineMaterials/Substrate/Glints2/dict_0005_0190.uasset" 7819
"../../../Engine/Content/EngineMaterials/Substrate/Glints2/dict_0005_0189.uasset" 7820
"../../../Engine/Content/EngineMaterials/Substrate/Glints2/dict_0005_0187.uasset" 7821
"../../../Engine/Content/EngineMaterials/Substrate/Glints2/dict_0005_0188.uasset" 7822
"../../../Engine/Content/EngineMaterials/Substrate/Glints2/dict_0005_0186.uasset" 7823
"/Engine/EngineMaterials/Substrate/Glints2/dict_0005_0212" 7824
"/Engine/EngineMaterials/Substrate/Glints2/dict_0005_0213" 7825
"/Engine/EngineMaterials/Substrate/Glints2/dict_0005_0214" 7826
"/Engine/EngineMaterials/Substrate/Glints2/dict_0005_0215" 7827
"/Engine/EngineMaterials/Substrate/Glints2/dict_0005_0216" 7828
"/Engine/EngineMaterials/Substrate/Glints2/dict_0005_0217" 7829
"../../../Engine/Content/EngineMaterials/Substrate/Glints2/dict_0005_0185.uasset" 7830
"../../../Engine/Content/EngineMaterials/Substrate/Glints2/dict_0005_0184.uasset" 7831
"/Engine/EngineMaterials/Substrate/Glints2/dict_0005_0186" 7832
"../../../Engine/Content/EngineMaterials/Substrate/Glints2/dict_0005_0182.uasset" 7833
"../../../Engine/Content/EngineMaterials/Substrate/Glints2/dict_0005_0183.uasset" 7834
"../../../Engine/Content/EngineMaterials/Substrate/Glints2/dict_0005_0181.uasset" 7835
"../../../Engine/Content/EngineMaterials/Substrate/Glints2/dict_0005_0180.uasset" 7836
"../../../Engine/Content/EngineMaterials/Substrate/Glints2/dict_0005_0179.uasset" 7837
"../../../Engine/Content/EngineMaterials/Substrate/Glints2/dict_0005_0178.uasset" 7838
"/Engine/EngineMaterials/Substrate/Glints2/dict_0005_0187" 7839
"/Engine/EngineMaterials/Substrate/Glints2/dict_0005_0188" 7840
"/Engine/EngineMaterials/Substrate/Glints2/dict_0005_0189" 7841
"/Engine/EngineMaterials/Substrate/Glints2/dict_0005_0190" 7842
"/Engine/EngineMaterials/Substrate/Glints2/dict_0005_0191" 7843
"/Engine/EngineMaterials/Substrate/Glints2/dict_0005_0192" 7844
"/Engine/EngineMaterials/Substrate/Glints2/dict_0005_0193" 7845
"/Engine/EngineMaterials/Substrate/Glints2/dict_0005_0194" 7846
"/Engine/EngineMaterials/Substrate/Glints2/dict_0005_0195" 7847
"/Engine/EngineMaterials/Substrate/Glints2/dict_0005_0196" 7848
"/Engine/EngineMaterials/Substrate/Glints2/dict_0005_0197" 7849
"/Engine/EngineMaterials/Substrate/Glints2/dict_0005_0198" 7850
"/Engine/EngineMaterials/Substrate/Glints2/dict_0005_0199" 7851
"/Engine/EngineMaterials/Substrate/Glints2/dict_0005_0200" 7852
"/Engine/EngineMaterials/Substrate/Glints2/dict_0005_0201" 7853
"/Engine/EngineMaterials/Substrate/Glints2/dict_0005_0202" 7854
"/Engine/EngineMaterials/Substrate/Glints2/dict_0005_0203" 7855
"/Engine/EngineMaterials/Substrate/Glints2/dict_0005_0204" 7856
"/Engine/EngineMaterials/Substrate/Glints2/dict_0005_0205" 7857
"/Engine/EngineMaterials/Substrate/Glints2/dict_0005_0206" 7858
"/Engine/EngineMaterials/Substrate/Glints2/dict_0005_0207" 7859
"/Engine/EngineMaterials/Substrate/Glints2/dict_0005_0208" 7860
"/Engine/EngineMaterials/Substrate/Glints2/dict_0005_0209" 7861
"../../../Engine/Content/EngineMaterials/Substrate/Glints2/dict_0005_0177.uasset" 7862
"/Engine/EngineMaterials/Substrate/Glints2/dict_0005_0178" 7863
"../../../Engine/Content/EngineMaterials/Substrate/Glints2/dict_0005_0176.uasset" 7864
"../../../Engine/Content/EngineMaterials/Substrate/Glints2/dict_0005_0175.uasset" 7865
"../../../Engine/Content/EngineMaterials/Substrate/Glints2/dict_0005_0174.uasset" 7866
"../../../Engine/Content/EngineMaterials/Substrate/Glints2/dict_0005_0173.uasset" 7867
"../../../Engine/Content/EngineMaterials/Substrate/Glints2/dict_0005_0172.uasset" 7868
"../../../Engine/Content/EngineMaterials/Substrate/Glints2/dict_0005_0171.uasset" 7869
"../../../Engine/Content/EngineMaterials/Substrate/Glints2/dict_0005_0169.uasset" 7870
"../../../Engine/Content/EngineMaterials/Substrate/Glints2/dict_0005_0170.uasset" 7871
"/Engine/EngineMaterials/Substrate/Glints2/dict_0005_0179" 7872
"../../../Engine/Content/EngineMaterials/Substrate/Glints2/dict_0005_0168.uasset" 7873
"../../../Engine/Content/EngineMaterials/Substrate/Glints2/dict_0005_0166.uasset" 7874
"../../../Engine/Content/EngineMaterials/Substrate/Glints2/dict_0005_0167.uasset" 7875
"../../../Engine/Content/EngineMaterials/Substrate/Glints2/dict_0005_0165.uasset" 7876
"../../../Engine/Content/EngineMaterials/Substrate/Glints2/dict_0005_0164.uasset" 7877
"../../../Engine/Content/EngineMaterials/Substrate/Glints2/dict_0005_0163.uasset" 7878
"../../../Engine/Content/EngineMaterials/Substrate/Glints2/dict_0005_0162.uasset" 7879
"/Engine/EngineMaterials/Substrate/Glints2/dict_0005_0180" 7880
"../../../Engine/Content/EngineMaterials/Substrate/Glints2/dict_0005_0161.uasset" 7881
"../../../Engine/Content/EngineMaterials/Substrate/Glints2/dict_0005_0160.uasset" 7882
"../../../Engine/Content/EngineMaterials/Substrate/Glints2/dict_0005_0159.uasset" 7883
"../../../Engine/Content/EngineMaterials/Substrate/Glints2/dict_0005_0158.uasset" 7884
"../../../Engine/Content/EngineMaterials/Substrate/Glints2/dict_0005_0157.uasset" 7885
"../../../Engine/Content/EngineMaterials/Substrate/Glints2/dict_0005_0156.uasset" 7886
"/Engine/EngineMaterials/Substrate/Glints2/dict_0005_0181" 7887
"../../../Engine/Content/EngineMaterials/Substrate/Glints2/dict_0005_0155.uasset" 7888
"../../../Engine/Content/EngineMaterials/Substrate/Glints2/dict_0005_0154.uasset" 7889
"/Engine/EngineMaterials/Substrate/Glints2/dict_0005_0182" 7890
"/Engine/EngineMaterials/Substrate/Glints2/dict_0005_0183" 7891
"/Engine/EngineMaterials/Substrate/Glints2/dict_0005_0184" 7892
"/Engine/EngineMaterials/Substrate/Glints2/dict_0005_0185" 7893
"../../../Engine/Content/EngineMaterials/Substrate/Glints2/dict_0005_0153.uasset" 7894
"/Engine/EngineMaterials/Substrate/Glints2/dict_0005_0154" 7895
"../../../Engine/Content/EngineMaterials/Substrate/Glints2/dict_0005_0152.uasset" 7896
"../../../Engine/Content/EngineMaterials/Substrate/Glints2/dict_0005_0151.uasset" 7897
"../../../Engine/Content/EngineMaterials/Substrate/Glints2/dict_0005_0150.uasset" 7898
"../../../Engine/Content/EngineMaterials/Substrate/Glints2/dict_0005_0148.uasset" 7899
"../../../Engine/Content/EngineMaterials/Substrate/Glints2/dict_0005_0149.uasset" 7900
"../../../Engine/Content/EngineMaterials/Substrate/Glints2/dict_0005_0147.uasset" 7901
"/Engine/EngineMaterials/Substrate/Glints2/dict_0005_0155" 7902
"../../../Engine/Content/EngineMaterials/Substrate/Glints2/dict_0005_0146.uasset" 7903
"/Engine/EngineMaterials/Substrate/Glints2/dict_0005_0156" 7904
"/Engine/EngineMaterials/Substrate/Glints2/dict_0005_0157" 7905
"/Engine/EngineMaterials/Substrate/Glints2/dict_0005_0158" 7906
"/Engine/EngineMaterials/Substrate/Glints2/dict_0005_0159" 7907
"/Engine/EngineMaterials/Substrate/Glints2/dict_0005_0160" 7908
"/Engine/EngineMaterials/Substrate/Glints2/dict_0005_0161" 7909
"/Engine/EngineMaterials/Substrate/Glints2/dict_0005_0162" 7910
"/Engine/EngineMaterials/Substrate/Glints2/dict_0005_0163" 7911
"/Engine/EngineMaterials/Substrate/Glints2/dict_0005_0164" 7912
"/Engine/EngineMaterials/Substrate/Glints2/dict_0005_0165" 7913
"/Engine/EngineMaterials/Substrate/Glints2/dict_0005_0166" 7914
"/Engine/EngineMaterials/Substrate/Glints2/dict_0005_0167" 7915
"/Engine/EngineMaterials/Substrate/Glints2/dict_0005_0168" 7916
"/Engine/EngineMaterials/Substrate/Glints2/dict_0005_0169" 7917
"/Engine/EngineMaterials/Substrate/Glints2/dict_0005_0170" 7918
"/Engine/EngineMaterials/Substrate/Glints2/dict_0005_0171" 7919
"/Engine/EngineMaterials/Substrate/Glints2/dict_0005_0172" 7920
"/Engine/EngineMaterials/Substrate/Glints2/dict_0005_0173" 7921
"/Engine/EngineMaterials/Substrate/Glints2/dict_0005_0174" 7922
"/Engine/EngineMaterials/Substrate/Glints2/dict_0005_0175" 7923
"/Engine/EngineMaterials/Substrate/Glints2/dict_0005_0176" 7924
"/Engine/EngineMaterials/Substrate/Glints2/dict_0005_0177" 7925
"../../../Engine/Content/EngineMaterials/Substrate/Glints2/dict_0005_0144.uasset" 7926
"/Engine/EngineMaterials/Substrate/Glints2/dict_0005_0146" 7927
"../../../Engine/Content/EngineMaterials/Substrate/Glints2/dict_0005_0145.uasset" 7928
"../../../Engine/Content/EngineMaterials/Substrate/Glints2/dict_0005_0143.uasset" 7929
"../../../Engine/Content/EngineMaterials/Substrate/Glints2/dict_0005_0141.uasset" 7930
"../../../Engine/Content/EngineMaterials/Substrate/Glints2/dict_0005_0142.uasset" 7931
"../../../Engine/Content/EngineMaterials/Substrate/Glints2/dict_0005_0140.uasset" 7932
"../../../Engine/Content/EngineMaterials/Substrate/Glints2/dict_0005_0139.uasset" 7933
"../../../Engine/Content/EngineMaterials/Substrate/Glints2/dict_0005_0137.uasset" 7934
"../../../Engine/Content/EngineMaterials/Substrate/Glints2/dict_0005_0138.uasset" 7935
"../../../Engine/Content/EngineMaterials/Substrate/Glints2/dict_0005_0136.uasset" 7936
"/Engine/EngineMaterials/Substrate/Glints2/dict_0005_0147" 7937
"../../../Engine/Content/EngineMaterials/Substrate/Glints2/dict_0005_0135.uasset" 7938
"../../../Engine/Content/EngineMaterials/Substrate/Glints2/dict_0005_0134.uasset" 7939
"../../../Engine/Content/EngineMaterials/Substrate/Glints2/dict_0005_0133.uasset" 7940
"../../../Engine/Content/EngineMaterials/Substrate/Glints2/dict_0005_0132.uasset" 7941
"../../../Engine/Content/EngineMaterials/Substrate/Glints2/dict_0005_0131.uasset" 7942
"../../../Engine/Content/EngineMaterials/Substrate/Glints2/dict_0005_0130.uasset" 7943
"../../../Engine/Content/EngineMaterials/Substrate/Glints2/dict_0005_0129.uasset" 7944
"../../../Engine/Content/EngineMaterials/Substrate/Glints2/dict_0005_0128.uasset" 7945
"../../../Engine/Content/EngineMaterials/Substrate/Glints2/dict_0005_0127.uasset" 7946
"../../../Engine/Content/EngineMaterials/Substrate/Glints2/dict_0005_0126.uasset" 7947
"../../../Engine/Content/EngineMaterials/Substrate/Glints2/dict_0005_0125.uasset" 7948
"../../../Engine/Content/EngineMaterials/Substrate/Glints2/dict_0005_0124.uasset" 7949
"/Engine/EngineMaterials/Substrate/Glints2/dict_0005_0148" 7950
"../../../Engine/Content/EngineMaterials/Substrate/Glints2/dict_0005_0123.uasset" 7951
"../../../Engine/Content/EngineMaterials/Substrate/Glints2/dict_0005_0122.uasset" 7952
"/Engine/EngineMaterials/Substrate/Glints2/dict_0005_0149" 7953
"/Engine/EngineMaterials/Substrate/Glints2/dict_0005_0150" 7954
"/Engine/EngineMaterials/Substrate/Glints2/dict_0005_0151" 7955
"/Engine/EngineMaterials/Substrate/Glints2/dict_0005_0152" 7956
"/Engine/EngineMaterials/Substrate/Glints2/dict_0005_0153" 7957
"../../../Engine/Content/EngineMaterials/Substrate/Glints2/dict_0005_0121.uasset" 7958
"../../../Engine/Content/EngineMaterials/Substrate/Glints2/dict_0005_0120.uasset" 7959
"/Engine/EngineMaterials/Substrate/Glints2/dict_0005_0122" 7960
"../../../Engine/Content/EngineMaterials/Substrate/Glints2/dict_0005_0119.uasset" 7961
"../../../Engine/Content/EngineMaterials/Substrate/Glints2/dict_0005_0118.uasset" 7962
"../../../Engine/Content/EngineMaterials/Substrate/Glints2/dict_0005_0117.uasset" 7963
"../../../Engine/Content/EngineMaterials/Substrate/Glints2/dict_0005_0116.uasset" 7964
"../../../Engine/Content/EngineMaterials/Substrate/Glints2/dict_0005_0114.uasset" 7965
"../../../Engine/Content/EngineMaterials/Substrate/Glints2/dict_0005_0115.uasset" 7966
"/Engine/EngineMaterials/Substrate/Glints2/dict_0005_0123" 7967
"/Engine/EngineMaterials/Substrate/Glints2/dict_0005_0124" 7968
"/Engine/EngineMaterials/Substrate/Glints2/dict_0005_0125" 7969
"/Engine/EngineMaterials/Substrate/Glints2/dict_0005_0126" 7970
"/Engine/EngineMaterials/Substrate/Glints2/dict_0005_0127" 7971
"/Engine/EngineMaterials/Substrate/Glints2/dict_0005_0128" 7972
"/Engine/EngineMaterials/Substrate/Glints2/dict_0005_0129" 7973
"/Engine/EngineMaterials/Substrate/Glints2/dict_0005_0130" 7974
"/Engine/EngineMaterials/Substrate/Glints2/dict_0005_0131" 7975
"/Engine/EngineMaterials/Substrate/Glints2/dict_0005_0132" 7976
"/Engine/EngineMaterials/Substrate/Glints2/dict_0005_0133" 7977
"/Engine/EngineMaterials/Substrate/Glints2/dict_0005_0134" 7978
"/Engine/EngineMaterials/Substrate/Glints2/dict_0005_0135" 7979
"/Engine/EngineMaterials/Substrate/Glints2/dict_0005_0136" 7980
"/Engine/EngineMaterials/Substrate/Glints2/dict_0005_0137" 7981
"/Engine/EngineMaterials/Substrate/Glints2/dict_0005_0138" 7982
"/Engine/EngineMaterials/Substrate/Glints2/dict_0005_0139" 7983
"/Engine/EngineMaterials/Substrate/Glints2/dict_0005_0140" 7984
"/Engine/EngineMaterials/Substrate/Glints2/dict_0005_0141" 7985
"/Engine/EngineMaterials/Substrate/Glints2/dict_0005_0142" 7986
"/Engine/EngineMaterials/Substrate/Glints2/dict_0005_0143" 7987
"/Engine/EngineMaterials/Substrate/Glints2/dict_0005_0144" 7988
"/Engine/EngineMaterials/Substrate/Glints2/dict_0005_0145" 7989
"../../../Engine/Content/EngineMaterials/Substrate/Glints2/dict_0005_0113.uasset" 7990
"../../../Engine/Content/EngineMaterials/Substrate/Glints2/dict_0005_0112.uasset" 7991
"/Engine/EngineMaterials/Substrate/Glints2/dict_0005_0114" 7992
"../../../Engine/Content/EngineMaterials/Substrate/Glints2/dict_0005_0111.uasset" 7993
"../../../Engine/Content/EngineMaterials/Substrate/Glints2/dict_0005_0110.uasset" 7994
"../../../Engine/Content/EngineMaterials/Substrate/Glints2/dict_0005_0109.uasset" 7995
"../../../Engine/Content/EngineMaterials/Substrate/Glints2/dict_0005_0108.uasset" 7996
"../../../Engine/Content/EngineMaterials/Substrate/Glints2/dict_0005_0107.uasset" 7997
"../../../Engine/Content/EngineMaterials/Substrate/Glints2/dict_0005_0106.uasset" 7998
"../../../Engine/Content/EngineMaterials/Substrate/Glints2/dict_0005_0105.uasset" 7999
"../../../Engine/Content/EngineMaterials/Substrate/Glints2/dict_0005_0104.uasset" 8000
"/Engine/EngineMaterials/Substrate/Glints2/dict_0005_0115" 8001
"../../../Engine/Content/EngineMaterials/Substrate/Glints2/dict_0005_0103.uasset" 8002
"../../../Engine/Content/EngineMaterials/Substrate/Glints2/dict_0005_0102.uasset" 8003
"../../../Engine/Content/EngineMaterials/Substrate/Glints2/dict_0005_0101.uasset" 8004
"../../../Engine/Content/EngineMaterials/Substrate/Glints2/dict_0005_0100.uasset" 8005
"../../../Engine/Content/EngineMaterials/Substrate/Glints2/dict_0005_0099.uasset" 8006
"../../../Engine/Content/EngineMaterials/Substrate/Glints2/dict_0005_0098.uasset" 8007
"../../../Engine/Content/EngineMaterials/Substrate/Glints2/dict_0005_0097.uasset" 8008
"../../../Engine/Content/EngineMaterials/Substrate/Glints2/dict_0005_0096.uasset" 8009
"/Engine/EngineMaterials/Substrate/Glints2/dict_0005_0116" 8010
"../../../Engine/Content/EngineMaterials/Substrate/Glints2/dict_0005_0095.uasset" 8011
"../../../Engine/Content/EngineMaterials/Substrate/Glints2/dict_0005_0094.uasset" 8012
"../../../Engine/Content/EngineMaterials/Substrate/Glints2/dict_0005_0093.uasset" 8013
"../../../Engine/Content/EngineMaterials/Substrate/Glints2/dict_0005_0092.uasset" 8014
"../../../Engine/Content/EngineMaterials/Substrate/Glints2/dict_0005_0091.uasset" 8015
"../../../Engine/Content/EngineMaterials/Substrate/Glints2/dict_0005_0090.uasset" 8016
"/Engine/EngineMaterials/Substrate/Glints2/dict_0005_0117" 8017
"/Engine/EngineMaterials/Substrate/Glints2/dict_0005_0118" 8018
"/Engine/EngineMaterials/Substrate/Glints2/dict_0005_0119" 8019
"/Engine/EngineMaterials/Substrate/Glints2/dict_0005_0120" 8020
"/Engine/EngineMaterials/Substrate/Glints2/dict_0005_0121" 8021
"../../../Engine/Content/EngineMaterials/Substrate/Glints2/dict_0005_0088.uasset" 8022
"../../../Engine/Content/EngineMaterials/Substrate/Glints2/dict_0005_0089.uasset" 8023
"/Engine/EngineMaterials/Substrate/Glints2/dict_0005_0090" 8024
"../../../Engine/Content/EngineMaterials/Substrate/Glints2/dict_0005_0087.uasset" 8025
"../../../Engine/Content/EngineMaterials/Substrate/Glints2/dict_0005_0086.uasset" 8026
"../../../Engine/Content/EngineMaterials/Substrate/Glints2/dict_0005_0085.uasset" 8027
"/Engine/EngineMaterials/Substrate/Glints2/dict_0005_0091" 8028
"../../../Engine/Content/EngineMaterials/Substrate/Glints2/dict_0005_0084.uasset" 8029
"../../../Engine/Content/EngineMaterials/Substrate/Glints2/dict_0005_0083.uasset" 8030
"../../../Engine/Content/EngineMaterials/Substrate/Glints2/dict_0005_0082.uasset" 8031
"/Engine/EngineMaterials/Substrate/Glints2/dict_0005_0092" 8032
"/Engine/EngineMaterials/Substrate/Glints2/dict_0005_0093" 8033
"/Engine/EngineMaterials/Substrate/Glints2/dict_0005_0094" 8034
"/Engine/EngineMaterials/Substrate/Glints2/dict_0005_0095" 8035
"/Engine/EngineMaterials/Substrate/Glints2/dict_0005_0096" 8036
"/Engine/EngineMaterials/Substrate/Glints2/dict_0005_0097" 8037
"/Engine/EngineMaterials/Substrate/Glints2/dict_0005_0098" 8038
"/Engine/EngineMaterials/Substrate/Glints2/dict_0005_0099" 8039
"/Engine/EngineMaterials/Substrate/Glints2/dict_0005_0100" 8040
"/Engine/EngineMaterials/Substrate/Glints2/dict_0005_0101" 8041
"/Engine/EngineMaterials/Substrate/Glints2/dict_0005_0102" 8042
"/Engine/EngineMaterials/Substrate/Glints2/dict_0005_0103" 8043
"/Engine/EngineMaterials/Substrate/Glints2/dict_0005_0104" 8044
"/Engine/EngineMaterials/Substrate/Glints2/dict_0005_0105" 8045
"/Engine/EngineMaterials/Substrate/Glints2/dict_0005_0106" 8046
"/Engine/EngineMaterials/Substrate/Glints2/dict_0005_0107" 8047
"/Engine/EngineMaterials/Substrate/Glints2/dict_0005_0108" 8048
"/Engine/EngineMaterials/Substrate/Glints2/dict_0005_0109" 8049
"/Engine/EngineMaterials/Substrate/Glints2/dict_0005_0110" 8050
"/Engine/EngineMaterials/Substrate/Glints2/dict_0005_0111" 8051
"/Engine/EngineMaterials/Substrate/Glints2/dict_0005_0112" 8052
"/Engine/EngineMaterials/Substrate/Glints2/dict_0005_0113" 8053
"../../../Engine/Content/EngineMaterials/Substrate/Glints2/dict_0005_0080.uasset" 8054
"/Engine/EngineMaterials/Substrate/Glints2/dict_0005_0082" 8055
"../../../Engine/Content/EngineMaterials/Substrate/Glints2/dict_0005_0081.uasset" 8056
"../../../Engine/Content/EngineMaterials/Substrate/Glints2/dict_0005_0079.uasset" 8057
"../../../Engine/Content/EngineMaterials/Substrate/Glints2/dict_0005_0078.uasset" 8058
"../../../Engine/Content/EngineMaterials/Substrate/Glints2/dict_0005_0077.uasset" 8059
"../../../Engine/Content/EngineMaterials/Substrate/Glints2/dict_0005_0076.uasset" 8060
"../../../Engine/Content/EngineMaterials/Substrate/Glints2/dict_0005_0075.uasset" 8061
"../../../Engine/Content/EngineMaterials/Substrate/Glints2/dict_0005_0074.uasset" 8062
"../../../Engine/Content/EngineMaterials/Substrate/Glints2/dict_0005_0073.uasset" 8063
"../../../Engine/Content/EngineMaterials/Substrate/Glints2/dict_0005_0071.uasset" 8064
"/Engine/EngineMaterials/Substrate/Glints2/dict_0005_0083" 8065
"../../../Engine/Content/EngineMaterials/Substrate/Glints2/dict_0005_0070.uasset" 8066
"../../../Engine/Content/EngineMaterials/Substrate/Glints2/dict_0005_0069.uasset" 8067
"../../../Engine/Content/EngineMaterials/Substrate/Glints2/dict_0005_0072.uasset" 8068
"../../../Engine/Content/EngineMaterials/Substrate/Glints2/dict_0005_0068.uasset" 8069
"../../../Engine/Content/EngineMaterials/Substrate/Glints2/dict_0005_0067.uasset" 8070
"/Engine/EngineMaterials/Substrate/Glints2/dict_0005_0084" 8071
"../../../Engine/Content/EngineMaterials/Substrate/Glints2/dict_0005_0065.uasset" 8072
"../../../Engine/Content/EngineMaterials/Substrate/Glints2/dict_0005_0066.uasset" 8073
"../../../Engine/Content/EngineMaterials/Substrate/Glints2/dict_0005_0064.uasset" 8074
"../../../Engine/Content/EngineMaterials/Substrate/Glints2/dict_0005_0063.uasset" 8075
"../../../Engine/Content/EngineMaterials/Substrate/Glints2/dict_0005_0062.uasset" 8076
"../../../Engine/Content/EngineMaterials/Substrate/Glints2/dict_0005_0061.uasset" 8077
"../../../Engine/Content/EngineMaterials/Substrate/Glints2/dict_0005_0060.uasset" 8078
"../../../Engine/Content/EngineMaterials/Substrate/Glints2/dict_0005_0059.uasset" 8079
"../../../Engine/Content/EngineMaterials/Substrate/Glints2/dict_0005_0058.uasset" 8080
"/Engine/EngineMaterials/Substrate/Glints2/dict_0005_0085" 8081
"/Engine/EngineMaterials/Substrate/Glints2/dict_0005_0086" 8082
"/Engine/EngineMaterials/Substrate/Glints2/dict_0005_0087" 8083
"/Engine/EngineMaterials/Substrate/Glints2/dict_0005_0088" 8084
"/Engine/EngineMaterials/Substrate/Glints2/dict_0005_0089" 8085
"../../../Engine/Content/EngineMaterials/Substrate/Glints2/dict_0005_0056.uasset" 8086
"../../../Engine/Content/EngineMaterials/Substrate/Glints2/dict_0005_0057.uasset" 8087
"/Engine/EngineMaterials/Substrate/Glints2/dict_0005_0058" 8088
"../../../Engine/Content/EngineMaterials/Substrate/Glints2/dict_0005_0055.uasset" 8089
"../../../Engine/Content/EngineMaterials/Substrate/Glints2/dict_0005_0054.uasset" 8090
"../../../Engine/Content/EngineMaterials/Substrate/Glints2/dict_0005_0053.uasset" 8091
"../../../Engine/Content/EngineMaterials/Substrate/Glints2/dict_0005_0052.uasset" 8092
"../../../Engine/Content/EngineMaterials/Substrate/Glints2/dict_0005_0051.uasset" 8093
"../../../Engine/Content/EngineMaterials/Substrate/Glints2/dict_0005_0050.uasset" 8094
"/Engine/EngineMaterials/Substrate/Glints2/dict_0005_0059" 8095
"/Engine/EngineMaterials/Substrate/Glints2/dict_0005_0060" 8096
"/Engine/EngineMaterials/Substrate/Glints2/dict_0005_0061" 8097
"/Engine/EngineMaterials/Substrate/Glints2/dict_0005_0062" 8098
"/Engine/EngineMaterials/Substrate/Glints2/dict_0005_0063" 8099
"/Engine/EngineMaterials/Substrate/Glints2/dict_0005_0064" 8100
"/Engine/EngineMaterials/Substrate/Glints2/dict_0005_0065" 8101
"/Engine/EngineMaterials/Substrate/Glints2/dict_0005_0066" 8102
"/Engine/EngineMaterials/Substrate/Glints2/dict_0005_0067" 8103
"/Engine/EngineMaterials/Substrate/Glints2/dict_0005_0068" 8104
"/Engine/EngineMaterials/Substrate/Glints2/dict_0005_0069" 8105
"/Engine/EngineMaterials/Substrate/Glints2/dict_0005_0070" 8106
"/Engine/EngineMaterials/Substrate/Glints2/dict_0005_0071" 8107
"/Engine/EngineMaterials/Substrate/Glints2/dict_0005_0072" 8108
"/Engine/EngineMaterials/Substrate/Glints2/dict_0005_0073" 8109
"/Engine/EngineMaterials/Substrate/Glints2/dict_0005_0074" 8110
"/Engine/EngineMaterials/Substrate/Glints2/dict_0005_0075" 8111
"/Engine/EngineMaterials/Substrate/Glints2/dict_0005_0076" 8112
"/Engine/EngineMaterials/Substrate/Glints2/dict_0005_0077" 8113
"/Engine/EngineMaterials/Substrate/Glints2/dict_0005_0078" 8114
"/Engine/EngineMaterials/Substrate/Glints2/dict_0005_0079" 8115
"/Engine/EngineMaterials/Substrate/Glints2/dict_0005_0080" 8116
"/Engine/EngineMaterials/Substrate/Glints2/dict_0005_0081" 8117
"../../../Engine/Content/EngineMaterials/Substrate/Glints2/dict_0005_0049.uasset" 8118
"/Engine/EngineMaterials/Substrate/Glints2/dict_0005_0050" 8119
"../../../Engine/Content/EngineMaterials/Substrate/Glints2/dict_0005_0048.uasset" 8120
"../../../Engine/Content/EngineMaterials/Substrate/Glints2/dict_0005_0047.uasset" 8121
"../../../Engine/Content/EngineMaterials/Substrate/Glints2/dict_0005_0046.uasset" 8122
"../../../Engine/Content/EngineMaterials/Substrate/Glints2/dict_0005_0044.uasset" 8123
"../../../Engine/Content/EngineMaterials/Substrate/Glints2/dict_0005_0045.uasset" 8124
"../../../Engine/Content/EngineMaterials/Substrate/Glints2/dict_0005_0043.uasset" 8125
"../../../Engine/Content/EngineMaterials/Substrate/Glints2/dict_0005_0041.uasset" 8126
"/Engine/EngineMaterials/Substrate/Glints2/dict_0005_0051" 8127
"../../../Engine/Content/EngineMaterials/Substrate/Glints2/dict_0005_0042.uasset" 8128
"../../../Engine/Content/EngineMaterials/Substrate/Glints2/dict_0005_0040.uasset" 8129
"../../../Engine/Content/EngineMaterials/Substrate/Glints2/dict_0005_0039.uasset" 8130
"../../../Engine/Content/EngineMaterials/Substrate/Glints2/dict_0005_0037.uasset" 8131
"../../../Engine/Content/EngineMaterials/Substrate/Glints2/dict_0005_0038.uasset" 8132
"../../../Engine/Content/EngineMaterials/Substrate/Glints2/dict_0005_0036.uasset" 8133
"/Engine/EngineMaterials/Substrate/Glints2/dict_0005_0052" 8134
"../../../Engine/Content/EngineMaterials/Substrate/Glints2/dict_0005_0034.uasset" 8135
"../../../Engine/Content/EngineMaterials/Substrate/Glints2/dict_0005_0035.uasset" 8136
"../../../Engine/Content/EngineMaterials/Substrate/Glints2/dict_0005_0033.uasset" 8137
"../../../Engine/Content/EngineMaterials/Substrate/Glints2/dict_0005_0032.uasset" 8138
"../../../Engine/Content/EngineMaterials/Substrate/Glints2/dict_0005_0030.uasset" 8139
"../../../Engine/Content/EngineMaterials/Substrate/Glints2/dict_0005_0031.uasset" 8140
"../../../Engine/Content/EngineMaterials/Substrate/Glints2/dict_0005_0029.uasset" 8141
"/Engine/EngineMaterials/Substrate/Glints2/dict_0005_0053" 8142
"../../../Engine/Content/EngineMaterials/Substrate/Glints2/dict_0005_0027.uasset" 8143
"../../../Engine/Content/EngineMaterials/Substrate/Glints2/dict_0005_0028.uasset" 8144
"../../../Engine/Content/EngineMaterials/Substrate/Glints2/dict_0005_0026.uasset" 8145
"/Engine/EngineMaterials/Substrate/Glints2/dict_0005_0054" 8146
"/Engine/EngineMaterials/Substrate/Glints2/dict_0005_0055" 8147
"/Engine/EngineMaterials/Substrate/Glints2/dict_0005_0056" 8148
"/Engine/EngineMaterials/Substrate/Glints2/dict_0005_0057" 8149
"../../../Engine/Content/EngineMaterials/Substrate/Glints2/dict_0005_0025.uasset" 8150
"/Engine/EngineMaterials/Substrate/Glints2/dict_0005_0026" 8151
"../../../Engine/Content/EngineMaterials/Substrate/Glints2/dict_0005_0024.uasset" 8152
"../../../Engine/Content/EngineMaterials/Substrate/Glints2/dict_0005_0023.uasset" 8153
"../../../Engine/Content/EngineMaterials/Substrate/Glints2/dict_0005_0021.uasset" 8154
"../../../Engine/Content/EngineMaterials/Substrate/Glints2/dict_0005_0022.uasset" 8155
"../../../Engine/Content/EngineMaterials/Substrate/Glints2/dict_0005_0020.uasset" 8156
"../../../Engine/Content/EngineMaterials/Substrate/Glints2/dict_0005_0018.uasset" 8157
"/Engine/EngineMaterials/Substrate/Glints2/dict_0005_0027" 8158
"../../../Engine/Content/EngineMaterials/Substrate/Glints2/dict_0005_0019.uasset" 8159
"/Engine/EngineMaterials/Substrate/Glints2/dict_0005_0028" 8160
"/Engine/EngineMaterials/Substrate/Glints2/dict_0005_0029" 8161
"/Engine/EngineMaterials/Substrate/Glints2/dict_0005_0030" 8162
"/Engine/EngineMaterials/Substrate/Glints2/dict_0005_0031" 8163
"/Engine/EngineMaterials/Substrate/Glints2/dict_0005_0032" 8164
"/Engine/EngineMaterials/Substrate/Glints2/dict_0005_0033" 8165
"/Engine/EngineMaterials/Substrate/Glints2/dict_0005_0034" 8166
"/Engine/EngineMaterials/Substrate/Glints2/dict_0005_0035" 8167
"/Engine/EngineMaterials/Substrate/Glints2/dict_0005_0036" 8168
"/Engine/EngineMaterials/Substrate/Glints2/dict_0005_0037" 8169
"/Engine/EngineMaterials/Substrate/Glints2/dict_0005_0038" 8170
"/Engine/EngineMaterials/Substrate/Glints2/dict_0005_0039" 8171
"/Engine/EngineMaterials/Substrate/Glints2/dict_0005_0040" 8172
"/Engine/EngineMaterials/Substrate/Glints2/dict_0005_0041" 8173
"/Engine/EngineMaterials/Substrate/Glints2/dict_0005_0042" 8174
"/Engine/EngineMaterials/Substrate/Glints2/dict_0005_0043" 8175
"/Engine/EngineMaterials/Substrate/Glints2/dict_0005_0044" 8176
"/Engine/EngineMaterials/Substrate/Glints2/dict_0005_0045" 8177
"/Engine/EngineMaterials/Substrate/Glints2/dict_0005_0046" 8178
"/Engine/EngineMaterials/Substrate/Glints2/dict_0005_0047" 8179
"/Engine/EngineMaterials/Substrate/Glints2/dict_0005_0048" 8180
"/Engine/EngineMaterials/Substrate/Glints2/dict_0005_0049" 8181
"../../../Engine/Content/EngineMaterials/Substrate/Glints2/dict_0005_0017.uasset" 8182
"../../../Engine/Content/EngineMaterials/Substrate/Glints2/dict_0005_0016.uasset" 8183
"/Engine/EngineMaterials/Substrate/Glints2/dict_0005_0018" 8184
"../../../Engine/Content/EngineMaterials/Substrate/Glints2/dict_0005_0015.uasset" 8185
"../../../Engine/Content/EngineMaterials/Substrate/Glints2/dict_0005_0014.uasset" 8186
"../../../Engine/Content/EngineMaterials/Substrate/Glints2/dict_0005_0013.uasset" 8187
"../../../Engine/Content/EngineMaterials/Substrate/Glints2/dict_0005_0012.uasset" 8188
"../../../Engine/Content/EngineMaterials/Substrate/Glints2/dict_0005_0011.uasset" 8189
"../../../Engine/Content/EngineMaterials/Substrate/Glints2/dict_0005_0010.uasset" 8190
"/Engine/EngineMaterials/Substrate/Glints2/dict_0005_0019" 8191
"../../../Engine/Content/EngineMaterials/Substrate/Glints2/dict_0005_0009.uasset" 8192
"../../../Engine/Content/EngineMaterials/Substrate/Glints2/dict_0005_0008.uasset" 8193
"../../../Engine/Content/EngineMaterials/Substrate/Glints2/dict_0005_0007.uasset" 8194
"../../../Engine/Content/EngineMaterials/Substrate/Glints2/dict_0005_0006.uasset" 8195
"../../../Engine/Content/EngineMaterials/Substrate/Glints2/dict_0005_0005.uasset" 8196
"../../../Engine/Content/EngineMaterials/Substrate/Glints2/dict_0005_0004.uasset" 8197
"/Engine/EngineMaterials/Substrate/Glints2/dict_0005_0020" 8198
"../../../Engine/Content/EngineMaterials/Substrate/Glints2/dict_0005_0003.uasset" 8199
"../../../Engine/Content/EngineMaterials/Substrate/Glints2/dict_0005_0002.uasset" 8200
"../../../Engine/Content/EngineMaterials/Substrate/Glints2/dict_0005_0001.uasset" 8201
"../../../Engine/Content/EngineMaterials/Substrate/Glints2/dict_0005_0000.uasset" 8202
"../../../Engine/Content/EngineMaterials/Substrate/Glints2/dict_0004_0255.uasset" 8203
"../../../Engine/Content/EngineMaterials/Substrate/Glints2/dict_0004_0254.uasset" 8204
"/Engine/EngineMaterials/Substrate/Glints2/dict_0005_0021" 8205
"../../../Engine/Content/EngineMaterials/Substrate/Glints2/dict_0004_0253.uasset" 8206
"../../../Engine/Content/EngineMaterials/Substrate/Glints2/dict_0004_0252.uasset" 8207
"../../../Engine/Content/EngineMaterials/Substrate/Glints2/dict_0004_0251.uasset" 8208
"../../../Engine/Content/EngineMaterials/Substrate/Glints2/dict_0004_0250.uasset" 8209
"/Engine/EngineMaterials/Substrate/Glints2/dict_0005_0022" 8210
"/Engine/EngineMaterials/Substrate/Glints2/dict_0005_0023" 8211
"/Engine/EngineMaterials/Substrate/Glints2/dict_0005_0024" 8212
"/Engine/EngineMaterials/Substrate/Glints2/dict_0005_0025" 8213
"../../../Engine/Content/EngineMaterials/Substrate/Glints2/dict_0004_0249.uasset" 8214
"../../../Engine/Content/EngineMaterials/Substrate/Glints2/dict_0004_0248.uasset" 8215
"/Engine/EngineMaterials/Substrate/Glints2/dict_0004_0250" 8216
"../../../Engine/Content/EngineMaterials/Substrate/Glints2/dict_0004_0247.uasset" 8217
"../../../Engine/Content/EngineMaterials/Substrate/Glints2/dict_0004_0246.uasset" 8218
"../../../Engine/Content/EngineMaterials/Substrate/Glints2/dict_0004_0245.uasset" 8219
"../../../Engine/Content/EngineMaterials/Substrate/Glints2/dict_0004_0244.uasset" 8220
"../../../Engine/Content/EngineMaterials/Substrate/Glints2/dict_0004_0243.uasset" 8221
"/Engine/EngineMaterials/Substrate/Glints2/dict_0004_0251" 8222
"../../../Engine/Content/EngineMaterials/Substrate/Glints2/dict_0004_0242.uasset" 8223
"/Engine/EngineMaterials/Substrate/Glints2/dict_0004_0252" 8224
"/Engine/EngineMaterials/Substrate/Glints2/dict_0004_0253" 8225
"/Engine/EngineMaterials/Substrate/Glints2/dict_0004_0254" 8226
"/Engine/EngineMaterials/Substrate/Glints2/dict_0004_0255" 8227
"/Engine/EngineMaterials/Substrate/Glints2/dict_0005_0000" 8228
"/Engine/EngineMaterials/Substrate/Glints2/dict_0005_0001" 8229
"/Engine/EngineMaterials/Substrate/Glints2/dict_0005_0002" 8230
"/Engine/EngineMaterials/Substrate/Glints2/dict_0005_0003" 8231
"/Engine/EngineMaterials/Substrate/Glints2/dict_0005_0004" 8232
"/Engine/EngineMaterials/Substrate/Glints2/dict_0005_0005" 8233
"/Engine/EngineMaterials/Substrate/Glints2/dict_0005_0006" 8234
"/Engine/EngineMaterials/Substrate/Glints2/dict_0005_0007" 8235
"/Engine/EngineMaterials/Substrate/Glints2/dict_0005_0008" 8236
"/Engine/EngineMaterials/Substrate/Glints2/dict_0005_0009" 8237
"/Engine/EngineMaterials/Substrate/Glints2/dict_0005_0010" 8238
"/Engine/EngineMaterials/Substrate/Glints2/dict_0005_0011" 8239
"/Engine/EngineMaterials/Substrate/Glints2/dict_0005_0012" 8240
"/Engine/EngineMaterials/Substrate/Glints2/dict_0005_0013" 8241
"/Engine/EngineMaterials/Substrate/Glints2/dict_0005_0014" 8242
"/Engine/EngineMaterials/Substrate/Glints2/dict_0005_0015" 8243
"/Engine/EngineMaterials/Substrate/Glints2/dict_0005_0016" 8244
"/Engine/EngineMaterials/Substrate/Glints2/dict_0005_0017" 8245
"../../../Engine/Content/EngineMaterials/Substrate/Glints2/dict_0004_0240.uasset" 8246
"/Engine/EngineMaterials/Substrate/Glints2/dict_0004_0242" 8247
"../../../Engine/Content/EngineMaterials/Substrate/Glints2/dict_0004_0241.uasset" 8248
"../../../Engine/Content/EngineMaterials/Substrate/Glints2/dict_0004_0239.uasset" 8249
"../../../Engine/Content/EngineMaterials/Substrate/Glints2/dict_0004_0237.uasset" 8250
"../../../Engine/Content/EngineMaterials/Substrate/Glints2/dict_0004_0238.uasset" 8251
"../../../Engine/Content/EngineMaterials/Substrate/Glints2/dict_0004_0236.uasset" 8252
"../../../Engine/Content/EngineMaterials/Substrate/Glints2/dict_0004_0234.uasset" 8253
"/Engine/EngineMaterials/Substrate/Glints2/dict_0004_0243" 8254
"../../../Engine/Content/EngineMaterials/Substrate/Glints2/dict_0004_0235.uasset" 8255
"../../../Engine/Content/EngineMaterials/Substrate/Glints2/dict_0004_0233.uasset" 8256
"../../../Engine/Content/EngineMaterials/Substrate/Glints2/dict_0004_0232.uasset" 8257
"../../../Engine/Content/EngineMaterials/Substrate/Glints2/dict_0004_0231.uasset" 8258
"../../../Engine/Content/EngineMaterials/Substrate/Glints2/dict_0004_0230.uasset" 8259
"../../../Engine/Content/EngineMaterials/Substrate/Glints2/dict_0004_0229.uasset" 8260
"../../../Engine/Content/EngineMaterials/Substrate/Glints2/dict_0004_0227.uasset" 8261
"/Engine/EngineMaterials/Substrate/Glints2/dict_0004_0244" 8262
"../../../Engine/Content/EngineMaterials/Substrate/Glints2/dict_0004_0226.uasset" 8263
"../../../Engine/Content/EngineMaterials/Substrate/Glints2/dict_0004_0228.uasset" 8264
"../../../Engine/Content/EngineMaterials/Substrate/Glints2/dict_0004_0225.uasset" 8265
"../../../Engine/Content/EngineMaterials/Substrate/Glints2/dict_0004_0224.uasset" 8266
"../../../Engine/Content/EngineMaterials/Substrate/Glints2/dict_0004_0222.uasset" 8267
"../../../Engine/Content/EngineMaterials/Substrate/Glints2/dict_0004_0223.uasset" 8268
"../../../Engine/Content/EngineMaterials/Substrate/Glints2/dict_0004_0221.uasset" 8269
"/Engine/EngineMaterials/Substrate/Glints2/dict_0004_0245" 8270
"../../../Engine/Content/EngineMaterials/Substrate/Glints2/dict_0004_0220.uasset" 8271
"../../../Engine/Content/EngineMaterials/Substrate/Glints2/dict_0004_0219.uasset" 8272
"../../../Engine/Content/EngineMaterials/Substrate/Glints2/dict_0004_0218.uasset" 8273
"/Engine/EngineMaterials/Substrate/Glints2/dict_0004_0246" 8274
"/Engine/EngineMaterials/Substrate/Glints2/dict_0004_0247" 8275
"/Engine/EngineMaterials/Substrate/Glints2/dict_0004_0248" 8276
"/Engine/EngineMaterials/Substrate/Glints2/dict_0004_0249" 8277
"../../../Engine/Content/EngineMaterials/Substrate/Glints2/dict_0004_0217.uasset" 8278
"/Engine/EngineMaterials/Substrate/Glints2/dict_0004_0218" 8279
"../../../Engine/Content/EngineMaterials/Substrate/Glints2/dict_0004_0216.uasset" 8280
"../../../Engine/Content/EngineMaterials/Substrate/Glints2/dict_0004_0215.uasset" 8281
"../../../Engine/Content/EngineMaterials/Substrate/Glints2/dict_0004_0213.uasset" 8282
"../../../Engine/Content/EngineMaterials/Substrate/Glints2/dict_0004_0214.uasset" 8283
"../../../Engine/Content/EngineMaterials/Substrate/Glints2/dict_0004_0212.uasset" 8284
"/Engine/EngineMaterials/Substrate/Glints2/dict_0004_0219" 8285
"../../../Engine/Content/EngineMaterials/Substrate/Glints2/dict_0004_0211.uasset" 8286
"../../../Engine/Content/EngineMaterials/Substrate/Glints2/dict_0004_0210.uasset" 8287
"/Engine/EngineMaterials/Substrate/Glints2/dict_0004_0220" 8288
"/Engine/EngineMaterials/Substrate/Glints2/dict_0004_0221" 8289
"/Engine/EngineMaterials/Substrate/Glints2/dict_0004_0222" 8290
"/Engine/EngineMaterials/Substrate/Glints2/dict_0004_0223" 8291
"/Engine/EngineMaterials/Substrate/Glints2/dict_0004_0224" 8292
"/Engine/EngineMaterials/Substrate/Glints2/dict_0004_0225" 8293
"/Engine/EngineMaterials/Substrate/Glints2/dict_0004_0226" 8294
"/Engine/EngineMaterials/Substrate/Glints2/dict_0004_0227" 8295
"/Engine/EngineMaterials/Substrate/Glints2/dict_0004_0228" 8296
"/Engine/EngineMaterials/Substrate/Glints2/dict_0004_0229" 8297
"/Engine/EngineMaterials/Substrate/Glints2/dict_0004_0230" 8298
"/Engine/EngineMaterials/Substrate/Glints2/dict_0004_0231" 8299
"/Engine/EngineMaterials/Substrate/Glints2/dict_0004_0232" 8300
"/Engine/EngineMaterials/Substrate/Glints2/dict_0004_0233" 8301
"/Engine/EngineMaterials/Substrate/Glints2/dict_0004_0234" 8302
"/Engine/EngineMaterials/Substrate/Glints2/dict_0004_0235" 8303
"/Engine/EngineMaterials/Substrate/Glints2/dict_0004_0236" 8304
"/Engine/EngineMaterials/Substrate/Glints2/dict_0004_0237" 8305
"/Engine/EngineMaterials/Substrate/Glints2/dict_0004_0238" 8306
"/Engine/EngineMaterials/Substrate/Glints2/dict_0004_0239" 8307
"/Engine/EngineMaterials/Substrate/Glints2/dict_0004_0240" 8308
"/Engine/EngineMaterials/Substrate/Glints2/dict_0004_0241" 8309
"../../../Engine/Content/EngineMaterials/Substrate/Glints2/dict_0004_0209.uasset" 8310
"../../../Engine/Content/EngineMaterials/Substrate/Glints2/dict_0004_0208.uasset" 8311
"/Engine/EngineMaterials/Substrate/Glints2/dict_0004_0210" 8312
"../../../Engine/Content/EngineMaterials/Substrate/Glints2/dict_0004_0207.uasset" 8313
"../../../Engine/Content/EngineMaterials/Substrate/Glints2/dict_0004_0206.uasset" 8314
"../../../Engine/Content/EngineMaterials/Substrate/Glints2/dict_0004_0205.uasset" 8315
"../../../Engine/Content/EngineMaterials/Substrate/Glints2/dict_0004_0204.uasset" 8316
"../../../Engine/Content/EngineMaterials/Substrate/Glints2/dict_0004_0203.uasset" 8317
"../../../Engine/Content/EngineMaterials/Substrate/Glints2/dict_0004_0202.uasset" 8318
"../../../Engine/Content/EngineMaterials/Substrate/Glints2/dict_0004_0201.uasset" 8319
"/Engine/EngineMaterials/Substrate/Glints2/dict_0004_0211" 8320
"../../../Engine/Content/EngineMaterials/Substrate/Glints2/dict_0004_0200.uasset" 8321
"../../../Engine/Content/EngineMaterials/Substrate/Glints2/dict_0004_0199.uasset" 8322
"../../../Engine/Content/EngineMaterials/Substrate/Glints2/dict_0004_0198.uasset" 8323
"../../../Engine/Content/EngineMaterials/Substrate/Glints2/dict_0004_0197.uasset" 8324
"../../../Engine/Content/EngineMaterials/Substrate/Glints2/dict_0004_0196.uasset" 8325
"../../../Engine/Content/EngineMaterials/Substrate/Glints2/dict_0004_0195.uasset" 8326
"../../../Engine/Content/EngineMaterials/Substrate/Glints2/dict_0004_0194.uasset" 8327
"../../../Engine/Content/EngineMaterials/Substrate/Glints2/dict_0004_0193.uasset" 8328
"/Engine/EngineMaterials/Substrate/Glints2/dict_0004_0212" 8329
"../../../Engine/Content/EngineMaterials/Substrate/Glints2/dict_0004_0192.uasset" 8330
"../../../Engine/Content/EngineMaterials/Substrate/Glints2/dict_0004_0191.uasset" 8331
"../../../Engine/Content/EngineMaterials/Substrate/Glints2/dict_0004_0190.uasset" 8332
"../../../Engine/Content/EngineMaterials/Substrate/Glints2/dict_0004_0188.uasset" 8333
"../../../Engine/Content/EngineMaterials/Substrate/Glints2/dict_0004_0189.uasset" 8334
"../../../Engine/Content/EngineMaterials/Substrate/Glints2/dict_0004_0187.uasset" 8335
"../../../Engine/Content/EngineMaterials/Substrate/Glints2/dict_0004_0186.uasset" 8336
"/Engine/EngineMaterials/Substrate/Glints2/dict_0004_0213" 8337
"/Engine/EngineMaterials/Substrate/Glints2/dict_0004_0214" 8338
"/Engine/EngineMaterials/Substrate/Glints2/dict_0004_0215" 8339
"/Engine/EngineMaterials/Substrate/Glints2/dict_0004_0216" 8340
"/Engine/EngineMaterials/Substrate/Glints2/dict_0004_0217" 8341
"../../../Engine/Content/EngineMaterials/Substrate/Glints2/dict_0004_0184.uasset" 8342
"../../../Engine/Content/EngineMaterials/Substrate/Glints2/dict_0004_0185.uasset" 8343
"/Engine/EngineMaterials/Substrate/Glints2/dict_0004_0186" 8344
"../../../Engine/Content/EngineMaterials/Substrate/Glints2/dict_0004_0183.uasset" 8345
"../../../Engine/Content/EngineMaterials/Substrate/Glints2/dict_0004_0182.uasset" 8346
"../../../Engine/Content/EngineMaterials/Substrate/Glints2/dict_0004_0181.uasset" 8347
"../../../Engine/Content/EngineMaterials/Substrate/Glints2/dict_0004_0180.uasset" 8348
"../../../Engine/Content/EngineMaterials/Substrate/Glints2/dict_0004_0179.uasset" 8349
"../../../Engine/Content/EngineMaterials/Substrate/Glints2/dict_0004_0178.uasset" 8350
"/Engine/EngineMaterials/Substrate/Glints2/dict_0004_0187" 8351
"/Engine/EngineMaterials/Substrate/Glints2/dict_0004_0188" 8352
"/Engine/EngineMaterials/Substrate/Glints2/dict_0004_0189" 8353
"/Engine/EngineMaterials/Substrate/Glints2/dict_0004_0190" 8354
"/Engine/EngineMaterials/Substrate/Glints2/dict_0004_0191" 8355
"/Engine/EngineMaterials/Substrate/Glints2/dict_0004_0192" 8356
"/Engine/EngineMaterials/Substrate/Glints2/dict_0004_0193" 8357
"/Engine/EngineMaterials/Substrate/Glints2/dict_0004_0194" 8358
"/Engine/EngineMaterials/Substrate/Glints2/dict_0004_0195" 8359
"/Engine/EngineMaterials/Substrate/Glints2/dict_0004_0196" 8360
"/Engine/EngineMaterials/Substrate/Glints2/dict_0004_0197" 8361
"/Engine/EngineMaterials/Substrate/Glints2/dict_0004_0198" 8362
"/Engine/EngineMaterials/Substrate/Glints2/dict_0004_0199" 8363
"/Engine/EngineMaterials/Substrate/Glints2/dict_0004_0200" 8364
"/Engine/EngineMaterials/Substrate/Glints2/dict_0004_0201" 8365
"/Engine/EngineMaterials/Substrate/Glints2/dict_0004_0202" 8366
"/Engine/EngineMaterials/Substrate/Glints2/dict_0004_0203" 8367
"/Engine/EngineMaterials/Substrate/Glints2/dict_0004_0204" 8368
"/Engine/EngineMaterials/Substrate/Glints2/dict_0004_0205" 8369
"/Engine/EngineMaterials/Substrate/Glints2/dict_0004_0206" 8370
"/Engine/EngineMaterials/Substrate/Glints2/dict_0004_0207" 8371
"/Engine/EngineMaterials/Substrate/Glints2/dict_0004_0208" 8372
"/Engine/EngineMaterials/Substrate/Glints2/dict_0004_0209" 8373
"../../../Engine/Content/EngineMaterials/Substrate/Glints2/dict_0004_0177.uasset" 8374
"../../../Engine/Content/EngineMaterials/Substrate/Glints2/dict_0004_0176.uasset" 8375
"/Engine/EngineMaterials/Substrate/Glints2/dict_0004_0178" 8376
"../../../Engine/Content/EngineMaterials/Substrate/Glints2/dict_0004_0174.uasset" 8377
"../../../Engine/Content/EngineMaterials/Substrate/Glints2/dict_0004_0175.uasset" 8378
"../../../Engine/Content/EngineMaterials/Substrate/Glints2/dict_0004_0173.uasset" 8379
"../../../Engine/Content/EngineMaterials/Substrate/Glints2/dict_0004_0172.uasset" 8380
"../../../Engine/Content/EngineMaterials/Substrate/Glints2/dict_0004_0170.uasset" 8381
"../../../Engine/Content/EngineMaterials/Substrate/Glints2/dict_0004_0169.uasset" 8382
"../../../Engine/Content/EngineMaterials/Substrate/Glints2/dict_0004_0171.uasset" 8383
"../../../Engine/Content/EngineMaterials/Substrate/Glints2/dict_0004_0168.uasset" 8384
"/Engine/EngineMaterials/Substrate/Glints2/dict_0004_0179" 8385
"../../../Engine/Content/EngineMaterials/Substrate/Glints2/dict_0004_0167.uasset" 8386
"../../../Engine/Content/EngineMaterials/Substrate/Glints2/dict_0004_0166.uasset" 8387
"../../../Engine/Content/EngineMaterials/Substrate/Glints2/dict_0004_0165.uasset" 8388
"../../../Engine/Content/EngineMaterials/Substrate/Glints2/dict_0004_0164.uasset" 8389
"../../../Engine/Content/EngineMaterials/Substrate/Glints2/dict_0004_0163.uasset" 8390
"../../../Engine/Content/EngineMaterials/Substrate/Glints2/dict_0004_0162.uasset" 8391
"../../../Engine/Content/EngineMaterials/Substrate/Glints2/dict_0004_0161.uasset" 8392
"../../../Engine/Content/EngineMaterials/Substrate/Glints2/dict_0004_0160.uasset" 8393
"../../../Engine/Content/EngineMaterials/Substrate/Glints2/dict_0004_0159.uasset" 8394
"../../../Engine/Content/EngineMaterials/Substrate/Glints2/dict_0004_0158.uasset" 8395
"../../../Engine/Content/EngineMaterials/Substrate/Glints2/dict_0004_0157.uasset" 8396
"/Engine/EngineMaterials/Substrate/Glints2/dict_0004_0180" 8397
"../../../Engine/Content/EngineMaterials/Substrate/Glints2/dict_0004_0156.uasset" 8398
"../../../Engine/Content/EngineMaterials/Substrate/Glints2/dict_0004_0155.uasset" 8399
"../../../Engine/Content/EngineMaterials/Substrate/Glints2/dict_0004_0154.uasset" 8400
"/Engine/EngineMaterials/Substrate/Glints2/dict_0004_0181" 8401
"/Engine/EngineMaterials/Substrate/Glints2/dict_0004_0182" 8402
"/Engine/EngineMaterials/Substrate/Glints2/dict_0004_0183" 8403
"/Engine/EngineMaterials/Substrate/Glints2/dict_0004_0184" 8404
"/Engine/EngineMaterials/Substrate/Glints2/dict_0004_0185" 8405
"../../../Engine/Content/EngineMaterials/Substrate/Glints2/dict_0004_0153.uasset" 8406
"../../../Engine/Content/EngineMaterials/Substrate/Glints2/dict_0004_0152.uasset" 8407
"/Engine/EngineMaterials/Substrate/Glints2/dict_0004_0154" 8408
"../../../Engine/Content/EngineMaterials/Substrate/Glints2/dict_0004_0151.uasset" 8409
"../../../Engine/Content/EngineMaterials/Substrate/Glints2/dict_0004_0150.uasset" 8410
"../../../Engine/Content/EngineMaterials/Substrate/Glints2/dict_0004_0149.uasset" 8411
"../../../Engine/Content/EngineMaterials/Substrate/Glints2/dict_0004_0148.uasset" 8412
"../../../Engine/Content/EngineMaterials/Substrate/Glints2/dict_0004_0147.uasset" 8413
"../../../Engine/Content/EngineMaterials/Substrate/Glints2/dict_0004_0146.uasset" 8414
"/Engine/EngineMaterials/Substrate/Glints2/dict_0004_0155" 8415
"/Engine/EngineMaterials/Substrate/Glints2/dict_0004_0156" 8416
"/Engine/EngineMaterials/Substrate/Glints2/dict_0004_0157" 8417
"/Engine/EngineMaterials/Substrate/Glints2/dict_0004_0158" 8418
"/Engine/EngineMaterials/Substrate/Glints2/dict_0004_0159" 8419
"/Engine/EngineMaterials/Substrate/Glints2/dict_0004_0160" 8420
"/Engine/EngineMaterials/Substrate/Glints2/dict_0004_0161" 8421
"/Engine/EngineMaterials/Substrate/Glints2/dict_0004_0162" 8422
"/Engine/EngineMaterials/Substrate/Glints2/dict_0004_0163" 8423
"/Engine/EngineMaterials/Substrate/Glints2/dict_0004_0164" 8424
"/Engine/EngineMaterials/Substrate/Glints2/dict_0004_0165" 8425
"/Engine/EngineMaterials/Substrate/Glints2/dict_0004_0166" 8426
"/Engine/EngineMaterials/Substrate/Glints2/dict_0004_0167" 8427
"/Engine/EngineMaterials/Substrate/Glints2/dict_0004_0168" 8428
"/Engine/EngineMaterials/Substrate/Glints2/dict_0004_0169" 8429
"/Engine/EngineMaterials/Substrate/Glints2/dict_0004_0170" 8430
"/Engine/EngineMaterials/Substrate/Glints2/dict_0004_0171" 8431
"/Engine/EngineMaterials/Substrate/Glints2/dict_0004_0172" 8432
"/Engine/EngineMaterials/Substrate/Glints2/dict_0004_0173" 8433
"/Engine/EngineMaterials/Substrate/Glints2/dict_0004_0174" 8434
"/Engine/EngineMaterials/Substrate/Glints2/dict_0004_0175" 8435
"/Engine/EngineMaterials/Substrate/Glints2/dict_0004_0176" 8436
"/Engine/EngineMaterials/Substrate/Glints2/dict_0004_0177" 8437
"../../../Engine/Content/EngineMaterials/Substrate/Glints2/dict_0004_0144.uasset" 8438
"../../../Engine/Content/EngineMaterials/Substrate/Glints2/dict_0004_0145.uasset" 8439
"/Engine/EngineMaterials/Substrate/Glints2/dict_0004_0146" 8440
"../../../Engine/Content/EngineMaterials/Substrate/Glints2/dict_0004_0143.uasset" 8441
"../../../Engine/Content/EngineMaterials/Substrate/Glints2/dict_0004_0142.uasset" 8442
"../../../Engine/Content/EngineMaterials/Substrate/Glints2/dict_0004_0141.uasset" 8443
"../../../Engine/Content/EngineMaterials/Substrate/Glints2/dict_0004_0139.uasset" 8444
"../../../Engine/Content/EngineMaterials/Substrate/Glints2/dict_0004_0140.uasset" 8445
"../../../Engine/Content/EngineMaterials/Substrate/Glints2/dict_0004_0137.uasset" 8446
"../../../Engine/Content/EngineMaterials/Substrate/Glints2/dict_0004_0138.uasset" 8447
"../../../Engine/Content/EngineMaterials/Substrate/Glints2/dict_0004_0136.uasset" 8448
"../../../Engine/Content/EngineMaterials/Substrate/Glints2/dict_0004_0134.uasset" 8449
"../../../Engine/Content/EngineMaterials/Substrate/Glints2/dict_0004_0135.uasset" 8450
"../../../Engine/Content/EngineMaterials/Substrate/Glints2/dict_0004_0133.uasset" 8451
"../../../Engine/Content/EngineMaterials/Substrate/Glints2/dict_0004_0131.uasset" 8452
"../../../Engine/Content/EngineMaterials/Substrate/Glints2/dict_0004_0132.uasset" 8453
"../../../Engine/Content/EngineMaterials/Substrate/Glints2/dict_0004_0130.uasset" 8454
"../../../Engine/Content/EngineMaterials/Substrate/Glints2/dict_0004_0129.uasset" 8455
"/Engine/EngineMaterials/Substrate/Glints2/dict_0004_0147" 8456
"../../../Engine/Content/EngineMaterials/Substrate/Glints2/dict_0004_0127.uasset" 8457
"../../../Engine/Content/EngineMaterials/Substrate/Glints2/dict_0004_0128.uasset" 8458
"../../../Engine/Content/EngineMaterials/Substrate/Glints2/dict_0004_0126.uasset" 8459
"../../../Engine/Content/EngineMaterials/Substrate/Glints2/dict_0004_0124.uasset" 8460
"../../../Engine/Content/EngineMaterials/Substrate/Glints2/dict_0004_0125.uasset" 8461
"../../../Engine/Content/EngineMaterials/Substrate/Glints2/dict_0004_0123.uasset" 8462
"../../../Engine/Content/EngineMaterials/Substrate/Glints2/dict_0004_0122.uasset" 8463
"/Engine/EngineMaterials/Substrate/Glints2/dict_0004_0148" 8464
"/Engine/EngineMaterials/Substrate/Glints2/dict_0004_0149" 8465
"/Engine/EngineMaterials/Substrate/Glints2/dict_0004_0150" 8466
"/Engine/EngineMaterials/Substrate/Glints2/dict_0004_0151" 8467
"/Engine/EngineMaterials/Substrate/Glints2/dict_0004_0152" 8468
"/Engine/EngineMaterials/Substrate/Glints2/dict_0004_0153" 8469
"../../../Engine/Content/EngineMaterials/Substrate/Glints2/dict_0004_0121.uasset" 8470
"/Engine/EngineMaterials/Substrate/Glints2/dict_0004_0122" 8471
"../../../Engine/Content/EngineMaterials/Substrate/Glints2/dict_0004_0120.uasset" 8472
"../../../Engine/Content/EngineMaterials/Substrate/Glints2/dict_0004_0119.uasset" 8473
"../../../Engine/Content/EngineMaterials/Substrate/Glints2/dict_0004_0118.uasset" 8474
"../../../Engine/Content/EngineMaterials/Substrate/Glints2/dict_0004_0117.uasset" 8475
"../../../Engine/Content/EngineMaterials/Substrate/Glints2/dict_0004_0116.uasset" 8476
"../../../Engine/Content/EngineMaterials/Substrate/Glints2/dict_0004_0115.uasset" 8477
"../../../Engine/Content/EngineMaterials/Substrate/Glints2/dict_0004_0114.uasset" 8478
"/Engine/EngineMaterials/Substrate/Glints2/dict_0004_0123" 8479
"/Engine/EngineMaterials/Substrate/Glints2/dict_0004_0124" 8480
"/Engine/EngineMaterials/Substrate/Glints2/dict_0004_0125" 8481
"/Engine/EngineMaterials/Substrate/Glints2/dict_0004_0126" 8482
"/Engine/EngineMaterials/Substrate/Glints2/dict_0004_0127" 8483
"/Engine/EngineMaterials/Substrate/Glints2/dict_0004_0128" 8484
"/Engine/EngineMaterials/Substrate/Glints2/dict_0004_0129" 8485
"/Engine/EngineMaterials/Substrate/Glints2/dict_0004_0130" 8486
"/Engine/EngineMaterials/Substrate/Glints2/dict_0004_0131" 8487
"/Engine/EngineMaterials/Substrate/Glints2/dict_0004_0132" 8488
"/Engine/EngineMaterials/Substrate/Glints2/dict_0004_0133" 8489
"/Engine/EngineMaterials/Substrate/Glints2/dict_0004_0134" 8490
"/Engine/EngineMaterials/Substrate/Glints2/dict_0004_0135" 8491
"/Engine/EngineMaterials/Substrate/Glints2/dict_0004_0136" 8492
"/Engine/EngineMaterials/Substrate/Glints2/dict_0004_0137" 8493
"/Engine/EngineMaterials/Substrate/Glints2/dict_0004_0138" 8494
"/Engine/EngineMaterials/Substrate/Glints2/dict_0004_0139" 8495
"/Engine/EngineMaterials/Substrate/Glints2/dict_0004_0140" 8496
"/Engine/EngineMaterials/Substrate/Glints2/dict_0004_0141" 8497
"/Engine/EngineMaterials/Substrate/Glints2/dict_0004_0142" 8498
"/Engine/EngineMaterials/Substrate/Glints2/dict_0004_0143" 8499
"/Engine/EngineMaterials/Substrate/Glints2/dict_0004_0144" 8500
"/Engine/EngineMaterials/Substrate/Glints2/dict_0004_0145" 8501
"../../../Engine/Content/EngineMaterials/Substrate/Glints2/dict_0004_0113.uasset" 8502
"../../../Engine/Content/EngineMaterials/Substrate/Glints2/dict_0004_0112.uasset" 8503
"/Engine/EngineMaterials/Substrate/Glints2/dict_0004_0114" 8504
"../../../Engine/Content/EngineMaterials/Substrate/Glints2/dict_0004_0111.uasset" 8505
"../../../Engine/Content/EngineMaterials/Substrate/Glints2/dict_0004_0110.uasset" 8506
"../../../Engine/Content/EngineMaterials/Substrate/Glints2/dict_0004_0109.uasset" 8507
"../../../Engine/Content/EngineMaterials/Substrate/Glints2/dict_0004_0108.uasset" 8508
"../../../Engine/Content/EngineMaterials/Substrate/Glints2/dict_0004_0107.uasset" 8509
"../../../Engine/Content/EngineMaterials/Substrate/Glints2/dict_0004_0106.uasset" 8510
"../../../Engine/Content/EngineMaterials/Substrate/Glints2/dict_0004_0105.uasset" 8511
"../../../Engine/Content/EngineMaterials/Substrate/Glints2/dict_0004_0104.uasset" 8512
"../../../Engine/Content/EngineMaterials/Substrate/Glints2/dict_0004_0103.uasset" 8513
"../../../Engine/Content/EngineMaterials/Substrate/Glints2/dict_0004_0102.uasset" 8514
"../../../Engine/Content/EngineMaterials/Substrate/Glints2/dict_0004_0101.uasset" 8515
"/Engine/EngineMaterials/Substrate/Glints2/dict_0004_0115" 8516
"../../../Engine/Content/EngineMaterials/Substrate/Glints2/dict_0004_0100.uasset" 8517
"../../../Engine/Content/EngineMaterials/Substrate/Glints2/dict_0004_0099.uasset" 8518
"../../../Engine/Content/EngineMaterials/Substrate/Glints2/dict_0004_0098.uasset" 8519
"../../../Engine/Content/EngineMaterials/Substrate/Glints2/dict_0004_0097.uasset" 8520
"../../../Engine/Content/EngineMaterials/Substrate/Glints2/dict_0004_0096.uasset" 8521
"../../../Engine/Content/EngineMaterials/Substrate/Glints2/dict_0004_0095.uasset" 8522
"../../../Engine/Content/EngineMaterials/Substrate/Glints2/dict_0004_0094.uasset" 8523
"../../../Engine/Content/EngineMaterials/Substrate/Glints2/dict_0004_0093.uasset" 8524
"../../../Engine/Content/EngineMaterials/Substrate/Glints2/dict_0004_0092.uasset" 8525
"/Engine/EngineMaterials/Substrate/Glints2/dict_0004_0116" 8526
"../../../Engine/Content/EngineMaterials/Substrate/Glints2/dict_0004_0091.uasset" 8527
"../../../Engine/Content/EngineMaterials/Substrate/Glints2/dict_0004_0090.uasset" 8528
"/Engine/EngineMaterials/Substrate/Glints2/dict_0004_0117" 8529
"/Engine/EngineMaterials/Substrate/Glints2/dict_0004_0118" 8530
"/Engine/EngineMaterials/Substrate/Glints2/dict_0004_0119" 8531
"/Engine/EngineMaterials/Substrate/Glints2/dict_0004_0120" 8532
"/Engine/EngineMaterials/Substrate/Glints2/dict_0004_0121" 8533
"/Engine/EngineMaterials/Substrate/Glints2/dict_0004_0113" 8534
"../../../Engine/Content/EngineMaterials/Substrate/Glints2/dict_0004_0089.uasset" 8535
"../../../Engine/Content/EngineMaterials/Substrate/Glints2/dict_0004_0088.uasset" 8536
"/Engine/EngineMaterials/Substrate/Glints2/dict_0004_0090" 8537
"../../../Engine/Content/EngineMaterials/Substrate/Glints2/dict_0004_0087.uasset" 8538
"../../../Engine/Content/EngineMaterials/Substrate/Glints2/dict_0004_0086.uasset" 8539
"../../../Engine/Content/EngineMaterials/Substrate/Glints2/dict_0004_0085.uasset" 8540
"../../../Engine/Content/EngineMaterials/Substrate/Glints2/dict_0004_0084.uasset" 8541
"../../../Engine/Content/EngineMaterials/Substrate/Glints2/dict_0004_0082.uasset" 8542
"../../../Engine/Content/EngineMaterials/Substrate/Glints2/dict_0004_0083.uasset" 8543
"../../../Engine/Content/EngineMaterials/Substrate/Glints2/dict_0004_0081.uasset" 8544
"/Engine/EngineMaterials/Substrate/Glints2/dict_0004_0091" 8545
"/Engine/EngineMaterials/Substrate/Glints2/dict_0004_0092" 8546
"/Engine/EngineMaterials/Substrate/Glints2/dict_0004_0093" 8547
"/Engine/EngineMaterials/Substrate/Glints2/dict_0004_0094" 8548
"/Engine/EngineMaterials/Substrate/Glints2/dict_0004_0095" 8549
"/Engine/EngineMaterials/Substrate/Glints2/dict_0004_0096" 8550
"/Engine/EngineMaterials/Substrate/Glints2/dict_0004_0097" 8551
"/Engine/EngineMaterials/Substrate/Glints2/dict_0004_0098" 8552
"/Engine/EngineMaterials/Substrate/Glints2/dict_0004_0099" 8553
"/Engine/EngineMaterials/Substrate/Glints2/dict_0004_0100" 8554
"/Engine/EngineMaterials/Substrate/Glints2/dict_0004_0101" 8555
"/Engine/EngineMaterials/Substrate/Glints2/dict_0004_0102" 8556
"/Engine/EngineMaterials/Substrate/Glints2/dict_0004_0103" 8557
"/Engine/EngineMaterials/Substrate/Glints2/dict_0004_0104" 8558
"/Engine/EngineMaterials/Substrate/Glints2/dict_0004_0105" 8559
"/Engine/EngineMaterials/Substrate/Glints2/dict_0004_0106" 8560
"/Engine/EngineMaterials/Substrate/Glints2/dict_0004_0107" 8561
"/Engine/EngineMaterials/Substrate/Glints2/dict_0004_0108" 8562
"/Engine/EngineMaterials/Substrate/Glints2/dict_0004_0109" 8563
"/Engine/EngineMaterials/Substrate/Glints2/dict_0004_0110" 8564
"/Engine/EngineMaterials/Substrate/Glints2/dict_0004_0111" 8565
"/Engine/EngineMaterials/Substrate/Glints2/dict_0004_0112" 8566
"../../../Engine/Content/EngineMaterials/Substrate/Glints2/dict_0004_0080.uasset" 8567
"../../../Engine/Content/EngineMaterials/Substrate/Glints2/dict_0004_0079.uasset" 8568
"/Engine/EngineMaterials/Substrate/Glints2/dict_0004_0081" 8569
"../../../Engine/Content/EngineMaterials/Substrate/Glints2/dict_0004_0078.uasset" 8570
"../../../Engine/Content/EngineMaterials/Substrate/Glints2/dict_0004_0076.uasset" 8571
"../../../Engine/Content/EngineMaterials/Substrate/Glints2/dict_0004_0077.uasset" 8572
"../../../Engine/Content/EngineMaterials/Substrate/Glints2/dict_0004_0075.uasset" 8573
"../../../Engine/Content/EngineMaterials/Substrate/Glints2/dict_0004_0074.uasset" 8574
"../../../Engine/Content/EngineMaterials/Substrate/Glints2/dict_0004_0073.uasset" 8575
"../../../Engine/Content/EngineMaterials/Substrate/Glints2/dict_0004_0072.uasset" 8576
"../../../Engine/Content/EngineMaterials/Substrate/Glints2/dict_0004_0071.uasset" 8577
"../../../Engine/Content/EngineMaterials/Substrate/Glints2/dict_0004_0069.uasset" 8578
"../../../Engine/Content/EngineMaterials/Substrate/Glints2/dict_0004_0070.uasset" 8579
"/Engine/EngineMaterials/Substrate/Glints2/dict_0004_0082" 8580
"../../../Engine/Content/EngineMaterials/Substrate/Glints2/dict_0004_0068.uasset" 8581
"../../../Engine/Content/EngineMaterials/Substrate/Glints2/dict_0004_0066.uasset" 8582
"../../../Engine/Content/EngineMaterials/Substrate/Glints2/dict_0004_0067.uasset" 8583
"../../../Engine/Content/EngineMaterials/Substrate/Glints2/dict_0004_0065.uasset" 8584
"../../../Engine/Content/EngineMaterials/Substrate/Glints2/dict_0004_0064.uasset" 8585
"../../../Engine/Content/EngineMaterials/Substrate/Glints2/dict_0004_0063.uasset" 8586
"../../../Engine/Content/EngineMaterials/Substrate/Glints2/dict_0004_0062.uasset" 8587
"../../../Engine/Content/EngineMaterials/Substrate/Glints2/dict_0004_0061.uasset" 8588
"../../../Engine/Content/EngineMaterials/Substrate/Glints2/dict_0004_0060.uasset" 8589
"../../../Engine/Content/EngineMaterials/Substrate/Glints2/dict_0004_0059.uasset" 8590
"../../../Engine/Content/EngineMaterials/Substrate/Glints2/dict_0004_0058.uasset" 8591
"/Engine/EngineMaterials/Substrate/Glints2/dict_0004_0083" 8592
"/Engine/EngineMaterials/Substrate/Glints2/dict_0004_0084" 8593
"/Engine/EngineMaterials/Substrate/Glints2/dict_0004_0085" 8594
"/Engine/EngineMaterials/Substrate/Glints2/dict_0004_0086" 8595
"/Engine/EngineMaterials/Substrate/Glints2/dict_0004_0087" 8596
"/Engine/EngineMaterials/Substrate/Glints2/dict_0004_0088" 8597
"/Engine/EngineMaterials/Substrate/Glints2/dict_0004_0089" 8598
"../../../Engine/Content/EngineMaterials/Substrate/Glints2/dict_0004_0056.uasset" 8599
"../../../Engine/Content/EngineMaterials/Substrate/Glints2/dict_0004_0057.uasset" 8600
"/Engine/EngineMaterials/Substrate/Glints2/dict_0004_0058" 8601
"../../../Engine/Content/EngineMaterials/Substrate/Glints2/dict_0004_0055.uasset" 8602
"../../../Engine/Content/EngineMaterials/Substrate/Glints2/dict_0004_0054.uasset" 8603
"../../../Engine/Content/EngineMaterials/Substrate/Glints2/dict_0004_0053.uasset" 8604
"../../../Engine/Content/EngineMaterials/Substrate/Glints2/dict_0004_0052.uasset" 8605
"../../../Engine/Content/EngineMaterials/Substrate/Glints2/dict_0004_0051.uasset" 8606
"../../../Engine/Content/EngineMaterials/Substrate/Glints2/dict_0004_0050.uasset" 8607
"../../../Engine/Content/EngineMaterials/Substrate/Glints2/dict_0004_0049.uasset" 8608
"/Engine/EngineMaterials/Substrate/Glints2/dict_0004_0059" 8609
"/Engine/EngineMaterials/Substrate/Glints2/dict_0004_0060" 8610
"/Engine/EngineMaterials/Substrate/Glints2/dict_0004_0061" 8611
"/Engine/EngineMaterials/Substrate/Glints2/dict_0004_0062" 8612
"/Engine/EngineMaterials/Substrate/Glints2/dict_0004_0063" 8613
"/Engine/EngineMaterials/Substrate/Glints2/dict_0004_0064" 8614
"/Engine/EngineMaterials/Substrate/Glints2/dict_0004_0065" 8615
"/Engine/EngineMaterials/Substrate/Glints2/dict_0004_0066" 8616
"/Engine/EngineMaterials/Substrate/Glints2/dict_0004_0067" 8617
"/Engine/EngineMaterials/Substrate/Glints2/dict_0004_0068" 8618
"/Engine/EngineMaterials/Substrate/Glints2/dict_0004_0069" 8619
"/Engine/EngineMaterials/Substrate/Glints2/dict_0004_0070" 8620
"/Engine/EngineMaterials/Substrate/Glints2/dict_0004_0071" 8621
"/Engine/EngineMaterials/Substrate/Glints2/dict_0004_0072" 8622
"/Engine/EngineMaterials/Substrate/Glints2/dict_0004_0073" 8623
"/Engine/EngineMaterials/Substrate/Glints2/dict_0004_0074" 8624
"/Engine/EngineMaterials/Substrate/Glints2/dict_0004_0075" 8625
"/Engine/EngineMaterials/Substrate/Glints2/dict_0004_0076" 8626
"/Engine/EngineMaterials/Substrate/Glints2/dict_0004_0077" 8627
"/Engine/EngineMaterials/Substrate/Glints2/dict_0004_0078" 8628
"/Engine/EngineMaterials/Substrate/Glints2/dict_0004_0079" 8629
"/Engine/EngineMaterials/Substrate/Glints2/dict_0004_0080" 8630
"/Engine/EngineMaterials/Substrate/Glints2/dict_0004_0049" 8631
"../../../Engine/Content/EngineMaterials/Substrate/Glints2/dict_0004_0048.uasset" 8632
"../../../Engine/Content/EngineMaterials/Substrate/Glints2/dict_0004_0047.uasset" 8633
"../../../Engine/Content/EngineMaterials/Substrate/Glints2/dict_0004_0046.uasset" 8634
"../../../Engine/Content/EngineMaterials/Substrate/Glints2/dict_0004_0045.uasset" 8635
"../../../Engine/Content/EngineMaterials/Substrate/Glints2/dict_0004_0044.uasset" 8636
"../../../Engine/Content/EngineMaterials/Substrate/Glints2/dict_0004_0043.uasset" 8637
"../../../Engine/Content/EngineMaterials/Substrate/Glints2/dict_0004_0042.uasset" 8638
"../../../Engine/Content/EngineMaterials/Substrate/Glints2/dict_0004_0041.uasset" 8639
"/Engine/EngineMaterials/Substrate/Glints2/dict_0004_0050" 8640
"../../../Engine/Content/EngineMaterials/Substrate/Glints2/dict_0004_0039.uasset" 8641
"../../../Engine/Content/EngineMaterials/Substrate/Glints2/dict_0004_0040.uasset" 8642
"../../../Engine/Content/EngineMaterials/Substrate/Glints2/dict_0004_0038.uasset" 8643
"../../../Engine/Content/EngineMaterials/Substrate/Glints2/dict_0004_0037.uasset" 8644
"../../../Engine/Content/EngineMaterials/Substrate/Glints2/dict_0004_0036.uasset" 8645
"../../../Engine/Content/EngineMaterials/Substrate/Glints2/dict_0004_0035.uasset" 8646
"../../../Engine/Content/EngineMaterials/Substrate/Glints2/dict_0004_0034.uasset" 8647
"/Engine/EngineMaterials/Substrate/Glints2/dict_0004_0051" 8648
"../../../Engine/Content/EngineMaterials/Substrate/Glints2/dict_0004_0033.uasset" 8649
"../../../Engine/Content/EngineMaterials/Substrate/Glints2/dict_0004_0031.uasset" 8650
"../../../Engine/Content/EngineMaterials/Substrate/Glints2/dict_0004_0032.uasset" 8651
"../../../Engine/Content/EngineMaterials/Substrate/Glints2/dict_0004_0030.uasset" 8652
"../../../Engine/Content/EngineMaterials/Substrate/Glints2/dict_0004_0029.uasset" 8653
"../../../Engine/Content/EngineMaterials/Substrate/Glints2/dict_0004_0028.uasset" 8654
"../../../Engine/Content/EngineMaterials/Substrate/Glints2/dict_0004_0027.uasset" 8655
"../../../Engine/Content/EngineMaterials/Substrate/Glints2/dict_0004_0026.uasset" 8656
"/Engine/EngineMaterials/Substrate/Glints2/dict_0004_0052" 8657
"/Engine/EngineMaterials/Substrate/Glints2/dict_0004_0053" 8658
"/Engine/EngineMaterials/Substrate/Glints2/dict_0004_0054" 8659
"/Engine/EngineMaterials/Substrate/Glints2/dict_0004_0055" 8660
"/Engine/EngineMaterials/Substrate/Glints2/dict_0004_0056" 8661
"/Engine/EngineMaterials/Substrate/Glints2/dict_0004_0057" 8662
"../../../Engine/Content/EngineMaterials/Substrate/Glints2/dict_0004_0025.uasset" 8663
"../../../Engine/Content/EngineMaterials/Substrate/Glints2/dict_0004_0024.uasset" 8664
"/Engine/EngineMaterials/Substrate/Glints2/dict_0004_0026" 8665
"../../../Engine/Content/EngineMaterials/Substrate/Glints2/dict_0004_0023.uasset" 8666
"../../../Engine/Content/EngineMaterials/Substrate/Glints2/dict_0004_0022.uasset" 8667
"../../../Engine/Content/EngineMaterials/Substrate/Glints2/dict_0004_0021.uasset" 8668
"../../../Engine/Content/EngineMaterials/Substrate/Glints2/dict_0004_0020.uasset" 8669
"../../../Engine/Content/EngineMaterials/Substrate/Glints2/dict_0004_0019.uasset" 8670
"../../../Engine/Content/EngineMaterials/Substrate/Glints2/dict_0004_0018.uasset" 8671
"../../../Engine/Content/EngineMaterials/Substrate/Glints2/dict_0004_0017.uasset" 8672
"/Engine/EngineMaterials/Substrate/Glints2/dict_0004_0027" 8673
"/Engine/EngineMaterials/Substrate/Glints2/dict_0004_0028" 8674
"/Engine/EngineMaterials/Substrate/Glints2/dict_0004_0029" 8675
"/Engine/EngineMaterials/Substrate/Glints2/dict_0004_0030" 8676
"/Engine/EngineMaterials/Substrate/Glints2/dict_0004_0031" 8677
"/Engine/EngineMaterials/Substrate/Glints2/dict_0004_0032" 8678
"/Engine/EngineMaterials/Substrate/Glints2/dict_0004_0033" 8679
"/Engine/EngineMaterials/Substrate/Glints2/dict_0004_0034" 8680
"/Engine/EngineMaterials/Substrate/Glints2/dict_0004_0035" 8681
"/Engine/EngineMaterials/Substrate/Glints2/dict_0004_0036" 8682
"/Engine/EngineMaterials/Substrate/Glints2/dict_0004_0037" 8683
"/Engine/EngineMaterials/Substrate/Glints2/dict_0004_0038" 8684
"/Engine/EngineMaterials/Substrate/Glints2/dict_0004_0039" 8685
"/Engine/EngineMaterials/Substrate/Glints2/dict_0004_0040" 8686
"/Engine/EngineMaterials/Substrate/Glints2/dict_0004_0041" 8687
"/Engine/EngineMaterials/Substrate/Glints2/dict_0004_0042" 8688
"/Engine/EngineMaterials/Substrate/Glints2/dict_0004_0043" 8689
"/Engine/EngineMaterials/Substrate/Glints2/dict_0004_0044" 8690
"/Engine/EngineMaterials/Substrate/Glints2/dict_0004_0045" 8691
"/Engine/EngineMaterials/Substrate/Glints2/dict_0004_0046" 8692
"/Engine/EngineMaterials/Substrate/Glints2/dict_0004_0047" 8693
"/Engine/EngineMaterials/Substrate/Glints2/dict_0004_0048" 8694
"../../../Engine/Content/EngineMaterials/Substrate/Glints2/dict_0004_0016.uasset" 8695
"../../../Engine/Content/EngineMaterials/Substrate/Glints2/dict_0004_0015.uasset" 8696
"/Engine/EngineMaterials/Substrate/Glints2/dict_0004_0017" 8697
"../../../Engine/Content/EngineMaterials/Substrate/Glints2/dict_0004_0014.uasset" 8698
"../../../Engine/Content/EngineMaterials/Substrate/Glints2/dict_0004_0013.uasset" 8699
"../../../Engine/Content/EngineMaterials/Substrate/Glints2/dict_0004_0012.uasset" 8700
"../../../Engine/Content/EngineMaterials/Substrate/Glints2/dict_0004_0011.uasset" 8701
"../../../Engine/Content/EngineMaterials/Substrate/Glints2/dict_0004_0010.uasset" 8702
"/Engine/EngineMaterials/Substrate/Glints2/dict_0004_0018" 8703
"../../../Engine/Content/EngineMaterials/Substrate/Glints2/dict_0004_0009.uasset" 8704
"../../../Engine/Content/EngineMaterials/Substrate/Glints2/dict_0004_0008.uasset" 8705
"../../../Engine/Content/EngineMaterials/Substrate/Glints2/dict_0004_0007.uasset" 8706
"../../../Engine/Content/EngineMaterials/Substrate/Glints2/dict_0004_0006.uasset" 8707
"/Engine/EngineMaterials/Substrate/Glints2/dict_0004_0019" 8708
"../../../Engine/Content/EngineMaterials/Substrate/Glints2/dict_0004_0005.uasset" 8709
"../../../Engine/Content/EngineMaterials/Substrate/Glints2/dict_0004_0004.uasset" 8710
"../../../Engine/Content/EngineMaterials/Substrate/Glints2/dict_0004_0003.uasset" 8711
"../../../Engine/Content/EngineMaterials/Substrate/Glints2/dict_0004_0002.uasset" 8712
"../../../Engine/Content/EngineMaterials/Substrate/Glints2/dict_0004_0001.uasset" 8713
"/Engine/EngineMaterials/Substrate/Glints2/dict_0004_0020" 8714
"../../../Engine/Content/EngineMaterials/Substrate/Glints2/dict_0003_0255.uasset" 8715
"../../../Engine/Content/EngineMaterials/Substrate/Glints2/dict_0003_0254.uasset" 8716
"../../../Engine/Content/EngineMaterials/Substrate/Glints2/dict_0004_0000.uasset" 8717
"/Engine/EngineMaterials/Substrate/Glints2/dict_0004_0021" 8718
"../../../Engine/Content/EngineMaterials/Substrate/Glints2/dict_0003_0253.uasset" 8719
"../../../Engine/Content/EngineMaterials/Substrate/Glints2/dict_0003_0252.uasset" 8720
"../../../Engine/Content/EngineMaterials/Substrate/Glints2/dict_0003_0251.uasset" 8721
"../../../Engine/Content/EngineMaterials/Substrate/Glints2/dict_0003_0250.uasset" 8722
"/Engine/EngineMaterials/Substrate/Glints2/dict_0004_0022" 8723
"/Engine/EngineMaterials/Substrate/Glints2/dict_0004_0023" 8724
"/Engine/EngineMaterials/Substrate/Glints2/dict_0004_0024" 8725
"/Engine/EngineMaterials/Substrate/Glints2/dict_0004_0025" 8726
"../../../Engine/Content/EngineMaterials/Substrate/Glints2/dict_0003_0248.uasset" 8727
"../../../Engine/Content/EngineMaterials/Substrate/Glints2/dict_0003_0249.uasset" 8728
"/Engine/EngineMaterials/Substrate/Glints2/dict_0003_0250" 8729
"../../../Engine/Content/EngineMaterials/Substrate/Glints2/dict_0003_0247.uasset" 8730
"../../../Engine/Content/EngineMaterials/Substrate/Glints2/dict_0003_0246.uasset" 8731
"../../../Engine/Content/EngineMaterials/Substrate/Glints2/dict_0003_0245.uasset" 8732
"../../../Engine/Content/EngineMaterials/Substrate/Glints2/dict_0003_0244.uasset" 8733
"/Engine/EngineMaterials/Substrate/Glints2/dict_0003_0251" 8734
"../../../Engine/Content/EngineMaterials/Substrate/Glints2/dict_0003_0243.uasset" 8735
"../../../Engine/Content/EngineMaterials/Substrate/Glints2/dict_0003_0242.uasset" 8736
"../../../Engine/Content/EngineMaterials/Substrate/Glints2/dict_0003_0241.uasset" 8737
"/Engine/EngineMaterials/Substrate/Glints2/dict_0003_0252" 8738
"/Engine/EngineMaterials/Substrate/Glints2/dict_0003_0253" 8739
"/Engine/EngineMaterials/Substrate/Glints2/dict_0003_0254" 8740
"/Engine/EngineMaterials/Substrate/Glints2/dict_0003_0255" 8741
"/Engine/EngineMaterials/Substrate/Glints2/dict_0004_0000" 8742
"/Engine/EngineMaterials/Substrate/Glints2/dict_0004_0001" 8743
"/Engine/EngineMaterials/Substrate/Glints2/dict_0004_0002" 8744
"/Engine/EngineMaterials/Substrate/Glints2/dict_0004_0003" 8745
"/Engine/EngineMaterials/Substrate/Glints2/dict_0004_0004" 8746
"/Engine/EngineMaterials/Substrate/Glints2/dict_0004_0005" 8747
"/Engine/EngineMaterials/Substrate/Glints2/dict_0004_0006" 8748
"/Engine/EngineMaterials/Substrate/Glints2/dict_0004_0007" 8749
"/Engine/EngineMaterials/Substrate/Glints2/dict_0004_0008" 8750
"/Engine/EngineMaterials/Substrate/Glints2/dict_0004_0009" 8751
"/Engine/EngineMaterials/Substrate/Glints2/dict_0004_0010" 8752
"/Engine/EngineMaterials/Substrate/Glints2/dict_0004_0011" 8753
"/Engine/EngineMaterials/Substrate/Glints2/dict_0004_0012" 8754
"/Engine/EngineMaterials/Substrate/Glints2/dict_0004_0013" 8755
"/Engine/EngineMaterials/Substrate/Glints2/dict_0004_0014" 8756
"/Engine/EngineMaterials/Substrate/Glints2/dict_0004_0015" 8757
"/Engine/EngineMaterials/Substrate/Glints2/dict_0004_0016" 8758
"../../../Engine/Content/EngineMaterials/Substrate/Glints2/dict_0003_0239.uasset" 8759
"../../../Engine/Content/EngineMaterials/Substrate/Glints2/dict_0003_0240.uasset" 8760
"../../../Engine/Content/EngineMaterials/Substrate/Glints2/dict_0003_0238.uasset" 8761
"/Engine/EngineMaterials/Substrate/Glints2/dict_0003_0241" 8762
"../../../Engine/Content/EngineMaterials/Substrate/Glints2/dict_0003_0237.uasset" 8763
"../../../Engine/Content/EngineMaterials/Substrate/Glints2/dict_0003_0235.uasset" 8764
"../../../Engine/Content/EngineMaterials/Substrate/Glints2/dict_0003_0236.uasset" 8765
"../../../Engine/Content/EngineMaterials/Substrate/Glints2/dict_0003_0234.uasset" 8766
"../../../Engine/Content/EngineMaterials/Substrate/Glints2/dict_0003_0233.uasset" 8767
"../../../Engine/Content/EngineMaterials/Substrate/Glints2/dict_0003_0231.uasset" 8768
"../../../Engine/Content/EngineMaterials/Substrate/Glints2/dict_0003_0230.uasset" 8769
"../../../Engine/Content/EngineMaterials/Substrate/Glints2/dict_0003_0232.uasset" 8770
"../../../Engine/Content/EngineMaterials/Substrate/Glints2/dict_0003_0229.uasset" 8771
"../../../Engine/Content/EngineMaterials/Substrate/Glints2/dict_0003_0228.uasset" 8772
"../../../Engine/Content/EngineMaterials/Substrate/Glints2/dict_0003_0226.uasset" 8773
"../../../Engine/Content/EngineMaterials/Substrate/Glints2/dict_0003_0227.uasset" 8774
"../../../Engine/Content/EngineMaterials/Substrate/Glints2/dict_0003_0225.uasset" 8775
"../../../Engine/Content/EngineMaterials/Substrate/Glints2/dict_0003_0223.uasset" 8776
"../../../Engine/Content/EngineMaterials/Substrate/Glints2/dict_0003_0224.uasset" 8777
"../../../Engine/Content/EngineMaterials/Substrate/Glints2/dict_0003_0222.uasset" 8778
"/Engine/EngineMaterials/Substrate/Glints2/dict_0003_0242" 8779
"../../../Engine/Content/EngineMaterials/Substrate/Glints2/dict_0003_0220.uasset" 8780
"../../../Engine/Content/EngineMaterials/Substrate/Glints2/dict_0003_0221.uasset" 8781
"../../../Engine/Content/EngineMaterials/Substrate/Glints2/dict_0003_0219.uasset" 8782
"../../../Engine/Content/EngineMaterials/Substrate/Glints2/dict_0003_0218.uasset" 8783
"/Engine/EngineMaterials/Substrate/Glints2/dict_0003_0243" 8784
"/Engine/EngineMaterials/Substrate/Glints2/dict_0003_0244" 8785
"/Engine/EngineMaterials/Substrate/Glints2/dict_0003_0245" 8786
"/Engine/EngineMaterials/Substrate/Glints2/dict_0003_0246" 8787
"/Engine/EngineMaterials/Substrate/Glints2/dict_0003_0247" 8788
"/Engine/EngineMaterials/Substrate/Glints2/dict_0003_0248" 8789
"/Engine/EngineMaterials/Substrate/Glints2/dict_0003_0249" 8790
"../../../Engine/Content/EngineMaterials/Substrate/Glints2/dict_0003_0217.uasset" 8791
"../../../Engine/Content/EngineMaterials/Substrate/Glints2/dict_0003_0216.uasset" 8792
"/Engine/EngineMaterials/Substrate/Glints2/dict_0003_0218" 8793
"../../../Engine/Content/EngineMaterials/Substrate/Glints2/dict_0003_0215.uasset" 8794
"../../../Engine/Content/EngineMaterials/Substrate/Glints2/dict_0003_0214.uasset" 8795
"../../../Engine/Content/EngineMaterials/Substrate/Glints2/dict_0003_0213.uasset" 8796
"../../../Engine/Content/EngineMaterials/Substrate/Glints2/dict_0003_0212.uasset" 8797
"../../../Engine/Content/EngineMaterials/Substrate/Glints2/dict_0003_0211.uasset" 8798
"../../../Engine/Content/EngineMaterials/Substrate/Glints2/dict_0003_0210.uasset" 8799
"../../../Engine/Content/EngineMaterials/Substrate/Glints2/dict_0003_0209.uasset" 8800
"/Engine/EngineMaterials/Substrate/Glints2/dict_0003_0219" 8801
"/Engine/EngineMaterials/Substrate/Glints2/dict_0003_0220" 8802
"/Engine/EngineMaterials/Substrate/Glints2/dict_0003_0221" 8803
"/Engine/EngineMaterials/Substrate/Glints2/dict_0003_0222" 8804
"/Engine/EngineMaterials/Substrate/Glints2/dict_0003_0223" 8805
"/Engine/EngineMaterials/Substrate/Glints2/dict_0003_0224" 8806
"/Engine/EngineMaterials/Substrate/Glints2/dict_0003_0225" 8807
"/Engine/EngineMaterials/Substrate/Glints2/dict_0003_0226" 8808
"/Engine/EngineMaterials/Substrate/Glints2/dict_0003_0227" 8809
"/Engine/EngineMaterials/Substrate/Glints2/dict_0003_0228" 8810
"/Engine/EngineMaterials/Substrate/Glints2/dict_0003_0229" 8811
"/Engine/EngineMaterials/Substrate/Glints2/dict_0003_0230" 8812
"/Engine/EngineMaterials/Substrate/Glints2/dict_0003_0231" 8813
"/Engine/EngineMaterials/Substrate/Glints2/dict_0003_0232" 8814
"/Engine/EngineMaterials/Substrate/Glints2/dict_0003_0233" 8815
"/Engine/EngineMaterials/Substrate/Glints2/dict_0003_0234" 8816
"/Engine/EngineMaterials/Substrate/Glints2/dict_0003_0235" 8817
"/Engine/EngineMaterials/Substrate/Glints2/dict_0003_0236" 8818
"/Engine/EngineMaterials/Substrate/Glints2/dict_0003_0237" 8819
"/Engine/EngineMaterials/Substrate/Glints2/dict_0003_0238" 8820
"/Engine/EngineMaterials/Substrate/Glints2/dict_0003_0239" 8821
"/Engine/EngineMaterials/Substrate/Glints2/dict_0003_0240" 8822
"../../../Engine/Content/EngineMaterials/Substrate/Glints2/dict_0003_0208.uasset" 8823
"../../../Engine/Content/EngineMaterials/Substrate/Glints2/dict_0003_0207.uasset" 8824
"/Engine/EngineMaterials/Substrate/Glints2/dict_0003_0209" 8825
"../../../Engine/Content/EngineMaterials/Substrate/Glints2/dict_0003_0206.uasset" 8826
"../../../Engine/Content/EngineMaterials/Substrate/Glints2/dict_0003_0205.uasset" 8827
"../../../Engine/Content/EngineMaterials/Substrate/Glints2/dict_0003_0204.uasset" 8828
"../../../Engine/Content/EngineMaterials/Substrate/Glints2/dict_0003_0203.uasset" 8829
"../../../Engine/Content/EngineMaterials/Substrate/Glints2/dict_0003_0202.uasset" 8830
"../../../Engine/Content/EngineMaterials/Substrate/Glints2/dict_0003_0201.uasset" 8831
"../../../Engine/Content/EngineMaterials/Substrate/Glints2/dict_0003_0200.uasset" 8832
"../../../Engine/Content/EngineMaterials/Substrate/Glints2/dict_0003_0199.uasset" 8833
"../../../Engine/Content/EngineMaterials/Substrate/Glints2/dict_0003_0198.uasset" 8834
"/Engine/EngineMaterials/Substrate/Glints2/dict_0003_0210" 8835
"../../../Engine/Content/EngineMaterials/Substrate/Glints2/dict_0003_0196.uasset" 8836
"../../../Engine/Content/EngineMaterials/Substrate/Glints2/dict_0003_0197.uasset" 8837
"../../../Engine/Content/EngineMaterials/Substrate/Glints2/dict_0003_0195.uasset" 8838
"../../../Engine/Content/EngineMaterials/Substrate/Glints2/dict_0003_0193.uasset" 8839
"../../../Engine/Content/EngineMaterials/Substrate/Glints2/dict_0003_0192.uasset" 8840
"../../../Engine/Content/EngineMaterials/Substrate/Glints2/dict_0003_0191.uasset" 8841
"/Engine/EngineMaterials/Substrate/Glints2/dict_0003_0211" 8842
"../../../Engine/Content/EngineMaterials/Substrate/Glints2/dict_0003_0194.uasset" 8843
"../../../Engine/Content/EngineMaterials/Substrate/Glints2/dict_0003_0190.uasset" 8844
"../../../Engine/Content/EngineMaterials/Substrate/Glints2/dict_0003_0189.uasset" 8845
"../../../Engine/Content/EngineMaterials/Substrate/Glints2/dict_0003_0188.uasset" 8846
"../../../Engine/Content/EngineMaterials/Substrate/Glints2/dict_0003_0186.uasset" 8847
"/Engine/EngineMaterials/Substrate/Glints2/dict_0003_0212" 8848
"../../../Engine/Content/EngineMaterials/Substrate/Glints2/dict_0003_0187.uasset" 8849
"/Engine/EngineMaterials/Substrate/Glints2/dict_0003_0213" 8850
"/Engine/EngineMaterials/Substrate/Glints2/dict_0003_0214" 8851
"/Engine/EngineMaterials/Substrate/Glints2/dict_0003_0215" 8852
"/Engine/EngineMaterials/Substrate/Glints2/dict_0003_0216" 8853
"/Engine/EngineMaterials/Substrate/Glints2/dict_0003_0217" 8854
"../../../Engine/Content/EngineMaterials/Substrate/Glints2/dict_0003_0185.uasset" 8855
"../../../Engine/Content/EngineMaterials/Substrate/Glints2/dict_0003_0184.uasset" 8856
"/Engine/EngineMaterials/Substrate/Glints2/dict_0003_0186" 8857
"../../../Engine/Content/EngineMaterials/Substrate/Glints2/dict_0003_0183.uasset" 8858
"../../../Engine/Content/EngineMaterials/Substrate/Glints2/dict_0003_0182.uasset" 8859
"../../../Engine/Content/EngineMaterials/Substrate/Glints2/dict_0003_0181.uasset" 8860
"../../../Engine/Content/EngineMaterials/Substrate/Glints2/dict_0003_0180.uasset" 8861
"../../../Engine/Content/EngineMaterials/Substrate/Glints2/dict_0003_0179.uasset" 8862
"../../../Engine/Content/EngineMaterials/Substrate/Glints2/dict_0003_0178.uasset" 8863
"../../../Engine/Content/EngineMaterials/Substrate/Glints2/dict_0003_0177.uasset" 8864
"/Engine/EngineMaterials/Substrate/Glints2/dict_0003_0187" 8865
"/Engine/EngineMaterials/Substrate/Glints2/dict_0003_0188" 8866
"/Engine/EngineMaterials/Substrate/Glints2/dict_0003_0189" 8867
"/Engine/EngineMaterials/Substrate/Glints2/dict_0003_0190" 8868
"/Engine/EngineMaterials/Substrate/Glints2/dict_0003_0191" 8869
"/Engine/EngineMaterials/Substrate/Glints2/dict_0003_0192" 8870
"/Engine/EngineMaterials/Substrate/Glints2/dict_0003_0193" 8871
"/Engine/EngineMaterials/Substrate/Glints2/dict_0003_0194" 8872
"/Engine/EngineMaterials/Substrate/Glints2/dict_0003_0195" 8873
"/Engine/EngineMaterials/Substrate/Glints2/dict_0003_0196" 8874
"/Engine/EngineMaterials/Substrate/Glints2/dict_0003_0197" 8875
"/Engine/EngineMaterials/Substrate/Glints2/dict_0003_0198" 8876
"/Engine/EngineMaterials/Substrate/Glints2/dict_0003_0199" 8877
"/Engine/EngineMaterials/Substrate/Glints2/dict_0003_0200" 8878
"/Engine/EngineMaterials/Substrate/Glints2/dict_0003_0201" 8879
"/Engine/EngineMaterials/Substrate/Glints2/dict_0003_0202" 8880
"/Engine/EngineMaterials/Substrate/Glints2/dict_0003_0203" 8881
"/Engine/EngineMaterials/Substrate/Glints2/dict_0003_0204" 8882
"/Engine/EngineMaterials/Substrate/Glints2/dict_0003_0205" 8883
"/Engine/EngineMaterials/Substrate/Glints2/dict_0003_0206" 8884
"/Engine/EngineMaterials/Substrate/Glints2/dict_0003_0207" 8885
"/Engine/EngineMaterials/Substrate/Glints2/dict_0003_0208" 8886
"../../../Engine/Content/EngineMaterials/Substrate/Glints2/dict_0003_0175.uasset" 8887
"../../../Engine/Content/EngineMaterials/Substrate/Glints2/dict_0003_0176.uasset" 8888
"/Engine/EngineMaterials/Substrate/Glints2/dict_0003_0177" 8889
"../../../Engine/Content/EngineMaterials/Substrate/Glints2/dict_0003_0174.uasset" 8890
"../../../Engine/Content/EngineMaterials/Substrate/Glints2/dict_0003_0172.uasset" 8891
"../../../Engine/Content/EngineMaterials/Substrate/Glints2/dict_0003_0173.uasset" 8892
"../../../Engine/Content/EngineMaterials/Substrate/Glints2/dict_0003_0171.uasset" 8893
"../../../Engine/Content/EngineMaterials/Substrate/Glints2/dict_0003_0170.uasset" 8894
"../../../Engine/Content/EngineMaterials/Substrate/Glints2/dict_0003_0169.uasset" 8895
"/Engine/EngineMaterials/Substrate/Glints2/dict_0003_0178" 8896
"../../../Engine/Content/EngineMaterials/Substrate/Glints2/dict_0003_0168.uasset" 8897
"../../../Engine/Content/EngineMaterials/Substrate/Glints2/dict_0003_0167.uasset" 8898
"../../../Engine/Content/EngineMaterials/Substrate/Glints2/dict_0003_0166.uasset" 8899
"../../../Engine/Content/EngineMaterials/Substrate/Glints2/dict_0003_0164.uasset" 8900
"../../../Engine/Content/EngineMaterials/Substrate/Glints2/dict_0003_0165.uasset" 8901
"../../../Engine/Content/EngineMaterials/Substrate/Glints2/dict_0003_0163.uasset" 8902
"../../../Engine/Content/EngineMaterials/Substrate/Glints2/dict_0003_0162.uasset" 8903
"../../../Engine/Content/EngineMaterials/Substrate/Glints2/dict_0003_0161.uasset" 8904
"../../../Engine/Content/EngineMaterials/Substrate/Glints2/dict_0003_0160.uasset" 8905
"/Engine/EngineMaterials/Substrate/Glints2/dict_0003_0179" 8906
"../../../Engine/Content/EngineMaterials/Substrate/Glints2/dict_0003_0159.uasset" 8907
"../../../Engine/Content/EngineMaterials/Substrate/Glints2/dict_0003_0158.uasset" 8908
"../../../Engine/Content/EngineMaterials/Substrate/Glints2/dict_0003_0157.uasset" 8909
"../../../Engine/Content/EngineMaterials/Substrate/Glints2/dict_0003_0156.uasset" 8910
"../../../Engine/Content/EngineMaterials/Substrate/Glints2/dict_0003_0155.uasset" 8911
"../../../Engine/Content/EngineMaterials/Substrate/Glints2/dict_0003_0154.uasset" 8912
"/Engine/EngineMaterials/Substrate/Glints2/dict_0003_0180" 8913
"/Engine/EngineMaterials/Substrate/Glints2/dict_0003_0181" 8914
"/Engine/EngineMaterials/Substrate/Glints2/dict_0003_0182" 8915
"/Engine/EngineMaterials/Substrate/Glints2/dict_0003_0183" 8916
"/Engine/EngineMaterials/Substrate/Glints2/dict_0003_0184" 8917
"/Engine/EngineMaterials/Substrate/Glints2/dict_0003_0185" 8918
"/Engine/EngineMaterials/Substrate/Glints2/dict_0003_0154" 8919
"../../../Engine/Content/EngineMaterials/Substrate/Glints2/dict_0003_0153.uasset" 8920
"../../../Engine/Content/EngineMaterials/Substrate/Glints2/dict_0003_0152.uasset" 8921
"../../../Engine/Content/EngineMaterials/Substrate/Glints2/dict_0003_0151.uasset" 8922
"../../../Engine/Content/EngineMaterials/Substrate/Glints2/dict_0003_0150.uasset" 8923
"../../../Engine/Content/EngineMaterials/Substrate/Glints2/dict_0003_0149.uasset" 8924
"../../../Engine/Content/EngineMaterials/Substrate/Glints2/dict_0003_0148.uasset" 8925
"../../../Engine/Content/EngineMaterials/Substrate/Glints2/dict_0003_0147.uasset" 8926
"../../../Engine/Content/EngineMaterials/Substrate/Glints2/dict_0003_0146.uasset" 8927
"/Engine/EngineMaterials/Substrate/Glints2/dict_0003_0155" 8928
"../../../Engine/Content/EngineMaterials/Substrate/Glints2/dict_0003_0145.uasset" 8929
"/Engine/EngineMaterials/Substrate/Glints2/dict_0003_0156" 8930
"/Engine/EngineMaterials/Substrate/Glints2/dict_0003_0157" 8931
"/Engine/EngineMaterials/Substrate/Glints2/dict_0003_0158" 8932
"/Engine/EngineMaterials/Substrate/Glints2/dict_0003_0159" 8933
"/Engine/EngineMaterials/Substrate/Glints2/dict_0003_0160" 8934
"/Engine/EngineMaterials/Substrate/Glints2/dict_0003_0161" 8935
"/Engine/EngineMaterials/Substrate/Glints2/dict_0003_0162" 8936
"/Engine/EngineMaterials/Substrate/Glints2/dict_0003_0163" 8937
"/Engine/EngineMaterials/Substrate/Glints2/dict_0003_0164" 8938
"/Engine/EngineMaterials/Substrate/Glints2/dict_0003_0165" 8939
"/Engine/EngineMaterials/Substrate/Glints2/dict_0003_0166" 8940
"/Engine/EngineMaterials/Substrate/Glints2/dict_0003_0167" 8941
"/Engine/EngineMaterials/Substrate/Glints2/dict_0003_0168" 8942
"/Engine/EngineMaterials/Substrate/Glints2/dict_0003_0169" 8943
"/Engine/EngineMaterials/Substrate/Glints2/dict_0003_0170" 8944
"/Engine/EngineMaterials/Substrate/Glints2/dict_0003_0171" 8945
"/Engine/EngineMaterials/Substrate/Glints2/dict_0003_0172" 8946
"/Engine/EngineMaterials/Substrate/Glints2/dict_0003_0173" 8947
"/Engine/EngineMaterials/Substrate/Glints2/dict_0003_0174" 8948
"/Engine/EngineMaterials/Substrate/Glints2/dict_0003_0175" 8949
"/Engine/EngineMaterials/Substrate/Glints2/dict_0003_0176" 8950
"../../../Engine/Content/EngineMaterials/Substrate/Glints2/dict_0003_0144.uasset" 8951
"../../../Engine/Content/EngineMaterials/Substrate/Glints2/dict_0003_0143.uasset" 8952
"/Engine/EngineMaterials/Substrate/Glints2/dict_0003_0145" 8953
"../../../Engine/Content/EngineMaterials/Substrate/Glints2/dict_0003_0142.uasset" 8954
"../../../Engine/Content/EngineMaterials/Substrate/Glints2/dict_0003_0141.uasset" 8955
"../../../Engine/Content/EngineMaterials/Substrate/Glints2/dict_0003_0140.uasset" 8956
"../../../Engine/Content/EngineMaterials/Substrate/Glints2/dict_0003_0139.uasset" 8957
"../../../Engine/Content/EngineMaterials/Substrate/Glints2/dict_0003_0138.uasset" 8958
"../../../Engine/Content/EngineMaterials/Substrate/Glints2/dict_0003_0137.uasset" 8959
"/Engine/EngineMaterials/Substrate/Glints2/dict_0003_0146" 8960
"../../../Engine/Content/EngineMaterials/Substrate/Glints2/dict_0003_0136.uasset" 8961
"../../../Engine/Content/EngineMaterials/Substrate/Glints2/dict_0003_0135.uasset" 8962
"../../../Engine/Content/EngineMaterials/Substrate/Glints2/dict_0003_0134.uasset" 8963
"../../../Engine/Content/EngineMaterials/Substrate/Glints2/dict_0003_0133.uasset" 8964
"../../../Engine/Content/EngineMaterials/Substrate/Glints2/dict_0003_0132.uasset" 8965
"../../../Engine/Content/EngineMaterials/Substrate/Glints2/dict_0003_0131.uasset" 8966
"../../../Engine/Content/EngineMaterials/Substrate/Glints2/dict_0003_0130.uasset" 8967
"../../../Engine/Content/EngineMaterials/Substrate/Glints2/dict_0003_0129.uasset" 8968
"../../../Engine/Content/EngineMaterials/Substrate/Glints2/dict_0003_0128.uasset" 8969
"/Engine/EngineMaterials/Substrate/Glints2/dict_0003_0147" 8970
"../../../Engine/Content/EngineMaterials/Substrate/Glints2/dict_0003_0127.uasset" 8971
"../../../Engine/Content/EngineMaterials/Substrate/Glints2/dict_0003_0126.uasset" 8972
"../../../Engine/Content/EngineMaterials/Substrate/Glints2/dict_0003_0125.uasset" 8973
"../../../Engine/Content/EngineMaterials/Substrate/Glints2/dict_0003_0124.uasset" 8974
"../../../Engine/Content/EngineMaterials/Substrate/Glints2/dict_0003_0122.uasset" 8975
"../../../Engine/Content/EngineMaterials/Substrate/Glints2/dict_0003_0123.uasset" 8976
"/Engine/EngineMaterials/Substrate/Glints2/dict_0003_0148" 8977
"/Engine/EngineMaterials/Substrate/Glints2/dict_0003_0149" 8978
"/Engine/EngineMaterials/Substrate/Glints2/dict_0003_0150" 8979
"/Engine/EngineMaterials/Substrate/Glints2/dict_0003_0151" 8980
"/Engine/EngineMaterials/Substrate/Glints2/dict_0003_0152" 8981
"/Engine/EngineMaterials/Substrate/Glints2/dict_0003_0153" 8982
"../../../Engine/Content/EngineMaterials/Substrate/Glints2/dict_0003_0121.uasset" 8983
"../../../Engine/Content/EngineMaterials/Substrate/Glints2/dict_0003_0120.uasset" 8984
"/Engine/EngineMaterials/Substrate/Glints2/dict_0003_0122" 8985
"../../../Engine/Content/EngineMaterials/Substrate/Glints2/dict_0003_0119.uasset" 8986
"../../../Engine/Content/EngineMaterials/Substrate/Glints2/dict_0003_0118.uasset" 8987
"../../../Engine/Content/EngineMaterials/Substrate/Glints2/dict_0003_0117.uasset" 8988
"../../../Engine/Content/EngineMaterials/Substrate/Glints2/dict_0003_0116.uasset" 8989
"../../../Engine/Content/EngineMaterials/Substrate/Glints2/dict_0003_0115.uasset" 8990
"../../../Engine/Content/EngineMaterials/Substrate/Glints2/dict_0003_0114.uasset" 8991
"../../../Engine/Content/EngineMaterials/Substrate/Glints2/dict_0003_0113.uasset" 8992
"/Engine/EngineMaterials/Substrate/Glints2/dict_0003_0123" 8993
"/Engine/EngineMaterials/Substrate/Glints2/dict_0003_0124" 8994
"/Engine/EngineMaterials/Substrate/Glints2/dict_0003_0125" 8995
"/Engine/EngineMaterials/Substrate/Glints2/dict_0003_0126" 8996
"/Engine/EngineMaterials/Substrate/Glints2/dict_0003_0127" 8997
"/Engine/EngineMaterials/Substrate/Glints2/dict_0003_0128" 8998
"/Engine/EngineMaterials/Substrate/Glints2/dict_0003_0129" 8999
"/Engine/EngineMaterials/Substrate/Glints2/dict_0003_0130" 9000
"/Engine/EngineMaterials/Substrate/Glints2/dict_0003_0131" 9001
"/Engine/EngineMaterials/Substrate/Glints2/dict_0003_0132" 9002
"/Engine/EngineMaterials/Substrate/Glints2/dict_0003_0133" 9003
"/Engine/EngineMaterials/Substrate/Glints2/dict_0003_0134" 9004
"/Engine/EngineMaterials/Substrate/Glints2/dict_0003_0135" 9005
"/Engine/EngineMaterials/Substrate/Glints2/dict_0003_0136" 9006
"/Engine/EngineMaterials/Substrate/Glints2/dict_0003_0137" 9007
"/Engine/EngineMaterials/Substrate/Glints2/dict_0003_0138" 9008
"/Engine/EngineMaterials/Substrate/Glints2/dict_0003_0139" 9009
"/Engine/EngineMaterials/Substrate/Glints2/dict_0003_0140" 9010
"/Engine/EngineMaterials/Substrate/Glints2/dict_0003_0141" 9011
"/Engine/EngineMaterials/Substrate/Glints2/dict_0003_0142" 9012
"/Engine/EngineMaterials/Substrate/Glints2/dict_0003_0143" 9013
"/Engine/EngineMaterials/Substrate/Glints2/dict_0003_0144" 9014
"../../../Engine/Content/EngineMaterials/Substrate/Glints2/dict_0003_0112.uasset" 9015
"/Engine/EngineMaterials/Substrate/Glints2/dict_0003_0113" 9016
"../../../Engine/Content/EngineMaterials/Substrate/Glints2/dict_0003_0111.uasset" 9017
"../../../Engine/Content/EngineMaterials/Substrate/Glints2/dict_0003_0110.uasset" 9018
"../../../Engine/Content/EngineMaterials/Substrate/Glints2/dict_0003_0108.uasset" 9019
"../../../Engine/Content/EngineMaterials/Substrate/Glints2/dict_0003_0107.uasset" 9020
"../../../Engine/Content/EngineMaterials/Substrate/Glints2/dict_0003_0109.uasset" 9021
"../../../Engine/Content/EngineMaterials/Substrate/Glints2/dict_0003_0106.uasset" 9022
"/Engine/EngineMaterials/Substrate/Glints2/dict_0003_0114" 9023
"../../../Engine/Content/EngineMaterials/Substrate/Glints2/dict_0003_0105.uasset" 9024
"../../../Engine/Content/EngineMaterials/Substrate/Glints2/dict_0003_0104.uasset" 9025
"../../../Engine/Content/EngineMaterials/Substrate/Glints2/dict_0003_0103.uasset" 9026
"../../../Engine/Content/EngineMaterials/Substrate/Glints2/dict_0003_0102.uasset" 9027
"../../../Engine/Content/EngineMaterials/Substrate/Glints2/dict_0003_0101.uasset" 9028
"../../../Engine/Content/EngineMaterials/Substrate/Glints2/dict_0003_0100.uasset" 9029
"../../../Engine/Content/EngineMaterials/Substrate/Glints2/dict_0003_0099.uasset" 9030
"../../../Engine/Content/EngineMaterials/Substrate/Glints2/dict_0003_0098.uasset" 9031
"../../../Engine/Content/EngineMaterials/Substrate/Glints2/dict_0003_0097.uasset" 9032
"/Engine/EngineMaterials/Substrate/Glints2/dict_0003_0115" 9033
"../../../Engine/Content/EngineMaterials/Substrate/Glints2/dict_0003_0096.uasset" 9034
"../../../Engine/Content/EngineMaterials/Substrate/Glints2/dict_0003_0095.uasset" 9035
"../../../Engine/Content/EngineMaterials/Substrate/Glints2/dict_0003_0094.uasset" 9036
"../../../Engine/Content/EngineMaterials/Substrate/Glints2/dict_0003_0093.uasset" 9037
"/Engine/EngineMaterials/Substrate/Glints2/dict_0003_0116" 9038
"../../../Engine/Content/EngineMaterials/Substrate/Glints2/dict_0003_0092.uasset" 9039
"../../../Engine/Content/EngineMaterials/Substrate/Glints2/dict_0003_0091.uasset" 9040
"../../../Engine/Content/EngineMaterials/Substrate/Glints2/dict_0003_0090.uasset" 9041
"/Engine/EngineMaterials/Substrate/Glints2/dict_0003_0117" 9042
"/Engine/EngineMaterials/Substrate/Glints2/dict_0003_0118" 9043
"/Engine/EngineMaterials/Substrate/Glints2/dict_0003_0119" 9044
"/Engine/EngineMaterials/Substrate/Glints2/dict_0003_0120" 9045
"/Engine/EngineMaterials/Substrate/Glints2/dict_0003_0121" 9046
"../../../Engine/Content/EngineMaterials/Substrate/Glints2/dict_0003_0089.uasset" 9047
"../../../Engine/Content/EngineMaterials/Substrate/Glints2/dict_0003_0088.uasset" 9048
"/Engine/EngineMaterials/Substrate/Glints2/dict_0003_0090" 9049
"../../../Engine/Content/EngineMaterials/Substrate/Glints2/dict_0003_0087.uasset" 9050
"../../../Engine/Content/EngineMaterials/Substrate/Glints2/dict_0003_0086.uasset" 9051
"../../../Engine/Content/EngineMaterials/Substrate/Glints2/dict_0003_0085.uasset" 9052
"../../../Engine/Content/EngineMaterials/Substrate/Glints2/dict_0003_0084.uasset" 9053
"../../../Engine/Content/EngineMaterials/Substrate/Glints2/dict_0003_0083.uasset" 9054
"../../../Engine/Content/EngineMaterials/Substrate/Glints2/dict_0003_0082.uasset" 9055
"../../../Engine/Content/EngineMaterials/Substrate/Glints2/dict_0003_0081.uasset" 9056
"/Engine/EngineMaterials/Substrate/Glints2/dict_0003_0091" 9057
"/Engine/EngineMaterials/Substrate/Glints2/dict_0003_0092" 9058
"/Engine/EngineMaterials/Substrate/Glints2/dict_0003_0093" 9059
"/Engine/EngineMaterials/Substrate/Glints2/dict_0003_0094" 9060
"/Engine/EngineMaterials/Substrate/Glints2/dict_0003_0095" 9061
"/Engine/EngineMaterials/Substrate/Glints2/dict_0003_0096" 9062
"/Engine/EngineMaterials/Substrate/Glints2/dict_0003_0097" 9063
"/Engine/EngineMaterials/Substrate/Glints2/dict_0003_0098" 9064
"/Engine/EngineMaterials/Substrate/Glints2/dict_0003_0099" 9065
"/Engine/EngineMaterials/Substrate/Glints2/dict_0003_0100" 9066
"/Engine/EngineMaterials/Substrate/Glints2/dict_0003_0101" 9067
"/Engine/EngineMaterials/Substrate/Glints2/dict_0003_0102" 9068
"/Engine/EngineMaterials/Substrate/Glints2/dict_0003_0103" 9069
"/Engine/EngineMaterials/Substrate/Glints2/dict_0003_0104" 9070
"/Engine/EngineMaterials/Substrate/Glints2/dict_0003_0105" 9071
"/Engine/EngineMaterials/Substrate/Glints2/dict_0003_0106" 9072
"/Engine/EngineMaterials/Substrate/Glints2/dict_0003_0107" 9073
"/Engine/EngineMaterials/Substrate/Glints2/dict_0003_0108" 9074
"/Engine/EngineMaterials/Substrate/Glints2/dict_0003_0109" 9075
"/Engine/EngineMaterials/Substrate/Glints2/dict_0003_0110" 9076
"/Engine/EngineMaterials/Substrate/Glints2/dict_0003_0111" 9077
"/Engine/EngineMaterials/Substrate/Glints2/dict_0003_0112" 9078
"/Engine/EngineMaterials/Substrate/Glints2/dict_0003_0089" 9079
"../../../Engine/Content/EngineMaterials/Substrate/Glints2/dict_0003_0080.uasset" 9080
"../../../Engine/Content/EngineMaterials/Substrate/Glints2/dict_0003_0079.uasset" 9081
"../../../Engine/Content/EngineMaterials/Substrate/Glints2/dict_0003_0078.uasset" 9082
"../../../Engine/Content/EngineMaterials/Substrate/Glints2/dict_0003_0077.uasset" 9083
"../../../Engine/Content/EngineMaterials/Substrate/Glints2/dict_0003_0076.uasset" 9084
"../../../Engine/Content/EngineMaterials/Substrate/Glints2/dict_0003_0075.uasset" 9085
"/Engine/EngineMaterials/Substrate/Glints2/dict_0003_0081" 9086
"../../../Engine/Content/EngineMaterials/Substrate/Glints2/dict_0003_0074.uasset" 9087
"../../../Engine/Content/EngineMaterials/Substrate/Glints2/dict_0003_0073.uasset" 9088
"../../../Engine/Content/EngineMaterials/Substrate/Glints2/dict_0003_0072.uasset" 9089
"../../../Engine/Content/EngineMaterials/Substrate/Glints2/dict_0003_0071.uasset" 9090
"../../../Engine/Content/EngineMaterials/Substrate/Glints2/dict_0003_0069.uasset" 9091
"../../../Engine/Content/EngineMaterials/Substrate/Glints2/dict_0003_0070.uasset" 9092
"../../../Engine/Content/EngineMaterials/Substrate/Glints2/dict_0003_0068.uasset" 9093
"../../../Engine/Content/EngineMaterials/Substrate/Glints2/dict_0003_0067.uasset" 9094
"../../../Engine/Content/EngineMaterials/Substrate/Glints2/dict_0003_0065.uasset" 9095
"../../../Engine/Content/EngineMaterials/Substrate/Glints2/dict_0003_0066.uasset" 9096
"../../../Engine/Content/EngineMaterials/Substrate/Glints2/dict_0003_0064.uasset" 9097
"../../../Engine/Content/EngineMaterials/Substrate/Glints2/dict_0003_0063.uasset" 9098
"../../../Engine/Content/EngineMaterials/Substrate/Glints2/dict_0003_0062.uasset" 9099
"../../../Engine/Content/EngineMaterials/Substrate/Glints2/dict_0003_0061.uasset" 9100
"../../../Engine/Content/EngineMaterials/Substrate/Glints2/dict_0003_0060.uasset" 9101
"../../../Engine/Content/EngineMaterials/Substrate/Glints2/dict_0003_0058.uasset" 9102
"../../../Engine/Content/EngineMaterials/Substrate/Glints2/dict_0003_0059.uasset" 9103
"../../../Engine/Content/EngineMaterials/Substrate/Glints2/dict_0003_0057.uasset" 9104
"/Engine/EngineMaterials/Substrate/Glints2/dict_0003_0082" 9105
"/Engine/EngineMaterials/Substrate/Glints2/dict_0003_0083" 9106
"/Engine/EngineMaterials/Substrate/Glints2/dict_0003_0084" 9107
"/Engine/EngineMaterials/Substrate/Glints2/dict_0003_0085" 9108
"/Engine/EngineMaterials/Substrate/Glints2/dict_0003_0086" 9109
"/Engine/EngineMaterials/Substrate/Glints2/dict_0003_0087" 9110
"/Engine/EngineMaterials/Substrate/Glints2/dict_0003_0088" 9111
"/Engine/EngineMaterials/Substrate/Glints2/dict_0003_0079" 9112
"/Engine/EngineMaterials/Substrate/Glints2/dict_0003_0080" 9113
"../../../Engine/Content/EngineMaterials/Substrate/Glints2/dict_0003_0056.uasset" 9114
"../../../Engine/Content/EngineMaterials/Substrate/Glints2/dict_0003_0055.uasset" 9115
"/Engine/EngineMaterials/Substrate/Glints2/dict_0003_0057" 9116
"../../../Engine/Content/EngineMaterials/Substrate/Glints2/dict_0003_0054.uasset" 9117
"../../../Engine/Content/EngineMaterials/Substrate/Glints2/dict_0003_0053.uasset" 9118
"../../../Engine/Content/EngineMaterials/Substrate/Glints2/dict_0003_0052.uasset" 9119
"../../../Engine/Content/EngineMaterials/Substrate/Glints2/dict_0003_0051.uasset" 9120
"../../../Engine/Content/EngineMaterials/Substrate/Glints2/dict_0003_0050.uasset" 9121
"../../../Engine/Content/EngineMaterials/Substrate/Glints2/dict_0003_0049.uasset" 9122
"../../../Engine/Content/EngineMaterials/Substrate/Glints2/dict_0003_0048.uasset" 9123
"../../../Engine/Content/EngineMaterials/Substrate/Glints2/dict_0003_0047.uasset" 9124
"/Engine/EngineMaterials/Substrate/Glints2/dict_0003_0058" 9125
"/Engine/EngineMaterials/Substrate/Glints2/dict_0003_0059" 9126
"/Engine/EngineMaterials/Substrate/Glints2/dict_0003_0060" 9127
"/Engine/EngineMaterials/Substrate/Glints2/dict_0003_0061" 9128
"/Engine/EngineMaterials/Substrate/Glints2/dict_0003_0062" 9129
"/Engine/EngineMaterials/Substrate/Glints2/dict_0003_0063" 9130
"/Engine/EngineMaterials/Substrate/Glints2/dict_0003_0064" 9131
"/Engine/EngineMaterials/Substrate/Glints2/dict_0003_0065" 9132
"/Engine/EngineMaterials/Substrate/Glints2/dict_0003_0066" 9133
"/Engine/EngineMaterials/Substrate/Glints2/dict_0003_0067" 9134
"/Engine/EngineMaterials/Substrate/Glints2/dict_0003_0068" 9135
"/Engine/EngineMaterials/Substrate/Glints2/dict_0003_0069" 9136
"/Engine/EngineMaterials/Substrate/Glints2/dict_0003_0070" 9137
"/Engine/EngineMaterials/Substrate/Glints2/dict_0003_0071" 9138
"/Engine/EngineMaterials/Substrate/Glints2/dict_0003_0072" 9139
"/Engine/EngineMaterials/Substrate/Glints2/dict_0003_0073" 9140
"/Engine/EngineMaterials/Substrate/Glints2/dict_0003_0074" 9141
"/Engine/EngineMaterials/Substrate/Glints2/dict_0003_0075" 9142
"/Engine/EngineMaterials/Substrate/Glints2/dict_0003_0076" 9143
"/Engine/EngineMaterials/Substrate/Glints2/dict_0003_0077" 9144
"/Engine/EngineMaterials/Substrate/Glints2/dict_0003_0078" 9145
"../../../Engine/Content/EngineMaterials/Substrate/Glints2/dict_0003_0046.uasset" 9146
"../../../Engine/Content/EngineMaterials/Substrate/Glints2/dict_0003_0045.uasset" 9147
"/Engine/EngineMaterials/Substrate/Glints2/dict_0003_0047" 9148
"../../../Engine/Content/EngineMaterials/Substrate/Glints2/dict_0003_0044.uasset" 9149
"../../../Engine/Content/EngineMaterials/Substrate/Glints2/dict_0003_0043.uasset" 9150
"../../../Engine/Content/EngineMaterials/Substrate/Glints2/dict_0003_0042.uasset" 9151
"../../../Engine/Content/EngineMaterials/Substrate/Glints2/dict_0003_0041.uasset" 9152
"../../../Engine/Content/EngineMaterials/Substrate/Glints2/dict_0003_0040.uasset" 9153
"../../../Engine/Content/EngineMaterials/Substrate/Glints2/dict_0003_0039.uasset" 9154
"../../../Engine/Content/EngineMaterials/Substrate/Glints2/dict_0003_0038.uasset" 9155
"/Engine/EngineMaterials/Substrate/Glints2/dict_0003_0048" 9156
"../../../Engine/Content/EngineMaterials/Substrate/Glints2/dict_0003_0037.uasset" 9157
"../../../Engine/Content/EngineMaterials/Substrate/Glints2/dict_0003_0036.uasset" 9158
"../../../Engine/Content/EngineMaterials/Substrate/Glints2/dict_0003_0035.uasset" 9159
"../../../Engine/Content/EngineMaterials/Substrate/Glints2/dict_0003_0034.uasset" 9160
"../../../Engine/Content/EngineMaterials/Substrate/Glints2/dict_0003_0033.uasset" 9161
"../../../Engine/Content/EngineMaterials/Substrate/Glints2/dict_0003_0032.uasset" 9162
"/Engine/EngineMaterials/Substrate/Glints2/dict_0003_0049" 9163
"../../../Engine/Content/EngineMaterials/Substrate/Glints2/dict_0003_0030.uasset" 9164
"../../../Engine/Content/EngineMaterials/Substrate/Glints2/dict_0003_0031.uasset" 9165
"../../../Engine/Content/EngineMaterials/Substrate/Glints2/dict_0003_0029.uasset" 9166
"../../../Engine/Content/EngineMaterials/Substrate/Glints2/dict_0003_0028.uasset" 9167
"../../../Engine/Content/EngineMaterials/Substrate/Glints2/dict_0003_0027.uasset" 9168
"../../../Engine/Content/EngineMaterials/Substrate/Glints2/dict_0003_0026.uasset" 9169
"/Engine/EngineMaterials/Substrate/Glints2/dict_0003_0050" 9170
"../../../Engine/Content/EngineMaterials/Substrate/Glints2/dict_0003_0025.uasset" 9171
"/Engine/EngineMaterials/Substrate/Glints2/dict_0003_0051" 9172
"/Engine/EngineMaterials/Substrate/Glints2/dict_0003_0052" 9173
"/Engine/EngineMaterials/Substrate/Glints2/dict_0003_0053" 9174
"/Engine/EngineMaterials/Substrate/Glints2/dict_0003_0054" 9175
"/Engine/EngineMaterials/Substrate/Glints2/dict_0003_0055" 9176
"/Engine/EngineMaterials/Substrate/Glints2/dict_0003_0056" 9177
"../../../Engine/Content/EngineMaterials/Substrate/Glints2/dict_0003_0024.uasset" 9178
"/Engine/EngineMaterials/Substrate/Glints2/dict_0003_0025" 9179
"../../../Engine/Content/EngineMaterials/Substrate/Glints2/dict_0003_0023.uasset" 9180
"../../../Engine/Content/EngineMaterials/Substrate/Glints2/dict_0003_0021.uasset" 9181
"../../../Engine/Content/EngineMaterials/Substrate/Glints2/dict_0003_0022.uasset" 9182
"../../../Engine/Content/EngineMaterials/Substrate/Glints2/dict_0003_0020.uasset" 9183
"../../../Engine/Content/EngineMaterials/Substrate/Glints2/dict_0003_0019.uasset" 9184
"/Engine/EngineMaterials/Substrate/Glints2/dict_0003_0026" 9185
"../../../Engine/Content/EngineMaterials/Substrate/Glints2/dict_0003_0018.uasset" 9186
"../../../Engine/Content/EngineMaterials/Substrate/Glints2/dict_0003_0017.uasset" 9187
"../../../Engine/Content/EngineMaterials/Substrate/Glints2/dict_0003_0016.uasset" 9188
"../../../Engine/Content/EngineMaterials/Substrate/Glints2/dict_0003_0015.uasset" 9189
"/Engine/EngineMaterials/Substrate/Glints2/dict_0003_0027" 9190
"/Engine/EngineMaterials/Substrate/Glints2/dict_0003_0028" 9191
"/Engine/EngineMaterials/Substrate/Glints2/dict_0003_0029" 9192
"/Engine/EngineMaterials/Substrate/Glints2/dict_0003_0030" 9193
"/Engine/EngineMaterials/Substrate/Glints2/dict_0003_0031" 9194
"/Engine/EngineMaterials/Substrate/Glints2/dict_0003_0032" 9195
"/Engine/EngineMaterials/Substrate/Glints2/dict_0003_0033" 9196
"/Engine/EngineMaterials/Substrate/Glints2/dict_0003_0034" 9197
"/Engine/EngineMaterials/Substrate/Glints2/dict_0003_0035" 9198
"/Engine/EngineMaterials/Substrate/Glints2/dict_0003_0036" 9199
"/Engine/EngineMaterials/Substrate/Glints2/dict_0003_0037" 9200
"/Engine/EngineMaterials/Substrate/Glints2/dict_0003_0038" 9201
"/Engine/EngineMaterials/Substrate/Glints2/dict_0003_0039" 9202
"/Engine/EngineMaterials/Substrate/Glints2/dict_0003_0040" 9203
"/Engine/EngineMaterials/Substrate/Glints2/dict_0003_0041" 9204
"/Engine/EngineMaterials/Substrate/Glints2/dict_0003_0042" 9205
"/Engine/EngineMaterials/Substrate/Glints2/dict_0003_0043" 9206
"/Engine/EngineMaterials/Substrate/Glints2/dict_0003_0044" 9207
"/Engine/EngineMaterials/Substrate/Glints2/dict_0003_0045" 9208
"/Engine/EngineMaterials/Substrate/Glints2/dict_0003_0046" 9209
"../../../Engine/Content/EngineMaterials/Substrate/Glints2/dict_0003_0014.uasset" 9210
"../../../Engine/Content/EngineMaterials/Substrate/Glints2/dict_0003_0013.uasset" 9211
"/Engine/EngineMaterials/Substrate/Glints2/dict_0003_0015" 9212
"../../../Engine/Content/EngineMaterials/Substrate/Glints2/dict_0003_0012.uasset" 9213
"../../../Engine/Content/EngineMaterials/Substrate/Glints2/dict_0003_0011.uasset" 9214
"../../../Engine/Content/EngineMaterials/Substrate/Glints2/dict_0003_0010.uasset" 9215
"../../../Engine/Content/EngineMaterials/Substrate/Glints2/dict_0003_0009.uasset" 9216
"../../../Engine/Content/EngineMaterials/Substrate/Glints2/dict_0003_0008.uasset" 9217
"../../../Engine/Content/EngineMaterials/Substrate/Glints2/dict_0003_0007.uasset" 9218
"/Engine/EngineMaterials/Substrate/Glints2/dict_0003_0016" 9219
"../../../Engine/Content/EngineMaterials/Substrate/Glints2/dict_0003_0006.uasset" 9220
"../../../Engine/Content/EngineMaterials/Substrate/Glints2/dict_0003_0005.uasset" 9221
"../../../Engine/Content/EngineMaterials/Substrate/Glints2/dict_0003_0004.uasset" 9222
"../../../Engine/Content/EngineMaterials/Substrate/Glints2/dict_0003_0003.uasset" 9223
"../../../Engine/Content/EngineMaterials/Substrate/Glints2/dict_0003_0002.uasset" 9224
"../../../Engine/Content/EngineMaterials/Substrate/Glints2/dict_0003_0001.uasset" 9225
"../../../Engine/Content/EngineMaterials/Substrate/Glints2/dict_0002_0255.uasset" 9226
"../../../Engine/Content/EngineMaterials/Substrate/Glints2/dict_0002_0254.uasset" 9227
"../../../Engine/Content/EngineMaterials/Substrate/Glints2/dict_0003_0000.uasset" 9228
"../../../Engine/Content/EngineMaterials/Substrate/Glints2/dict_0002_0253.uasset" 9229
"../../../Engine/Content/EngineMaterials/Substrate/Glints2/dict_0002_0251.uasset" 9230
"../../../Engine/Content/EngineMaterials/Substrate/Glints2/dict_0002_0252.uasset" 9231
"../../../Engine/Content/EngineMaterials/Substrate/Glints2/dict_0002_0250.uasset" 9232
"/Engine/EngineMaterials/Substrate/Glints2/dict_0003_0017" 9233
"../../../Engine/Content/EngineMaterials/Substrate/Glints2/dict_0002_0249.uasset" 9234
"/Engine/EngineMaterials/Substrate/Glints2/dict_0003_0018" 9235
"/Engine/EngineMaterials/Substrate/Glints2/dict_0003_0019" 9236
"/Engine/EngineMaterials/Substrate/Glints2/dict_0003_0020" 9237
"/Engine/EngineMaterials/Substrate/Glints2/dict_0003_0021" 9238
"/Engine/EngineMaterials/Substrate/Glints2/dict_0003_0022" 9239
"/Engine/EngineMaterials/Substrate/Glints2/dict_0003_0023" 9240
"/Engine/EngineMaterials/Substrate/Glints2/dict_0003_0024" 9241
"../../../Engine/Content/EngineMaterials/Substrate/Glints2/dict_0002_0248.uasset" 9242
"../../../Engine/Content/EngineMaterials/Substrate/Glints2/dict_0002_0247.uasset" 9243
"/Engine/EngineMaterials/Substrate/Glints2/dict_0002_0249" 9244
"../../../Engine/Content/EngineMaterials/Substrate/Glints2/dict_0002_0246.uasset" 9245
"../../../Engine/Content/EngineMaterials/Substrate/Glints2/dict_0002_0245.uasset" 9246
"../../../Engine/Content/EngineMaterials/Substrate/Glints2/dict_0002_0244.uasset" 9247
"../../../Engine/Content/EngineMaterials/Substrate/Glints2/dict_0002_0243.uasset" 9248
"../../../Engine/Content/EngineMaterials/Substrate/Glints2/dict_0002_0242.uasset" 9249
"../../../Engine/Content/EngineMaterials/Substrate/Glints2/dict_0002_0241.uasset" 9250
"../../../Engine/Content/EngineMaterials/Substrate/Glints2/dict_0002_0240.uasset" 9251
"../../../Engine/Content/EngineMaterials/Substrate/Glints2/dict_0002_0239.uasset" 9252
"/Engine/EngineMaterials/Substrate/Glints2/dict_0002_0250" 9253
"/Engine/EngineMaterials/Substrate/Glints2/dict_0002_0251" 9254
"/Engine/EngineMaterials/Substrate/Glints2/dict_0002_0252" 9255
"/Engine/EngineMaterials/Substrate/Glints2/dict_0002_0253" 9256
"/Engine/EngineMaterials/Substrate/Glints2/dict_0002_0254" 9257
"/Engine/EngineMaterials/Substrate/Glints2/dict_0002_0255" 9258
"/Engine/EngineMaterials/Substrate/Glints2/dict_0003_0000" 9259
"/Engine/EngineMaterials/Substrate/Glints2/dict_0003_0001" 9260
"/Engine/EngineMaterials/Substrate/Glints2/dict_0003_0002" 9261
"/Engine/EngineMaterials/Substrate/Glints2/dict_0003_0003" 9262
"/Engine/EngineMaterials/Substrate/Glints2/dict_0003_0004" 9263
"/Engine/EngineMaterials/Substrate/Glints2/dict_0003_0005" 9264
"/Engine/EngineMaterials/Substrate/Glints2/dict_0003_0006" 9265
"/Engine/EngineMaterials/Substrate/Glints2/dict_0003_0007" 9266
"/Engine/EngineMaterials/Substrate/Glints2/dict_0003_0008" 9267
"/Engine/EngineMaterials/Substrate/Glints2/dict_0003_0009" 9268
"/Engine/EngineMaterials/Substrate/Glints2/dict_0003_0010" 9269
"/Engine/EngineMaterials/Substrate/Glints2/dict_0003_0011" 9270
"/Engine/EngineMaterials/Substrate/Glints2/dict_0003_0012" 9271
"/Engine/EngineMaterials/Substrate/Glints2/dict_0003_0013" 9272
"/Engine/EngineMaterials/Substrate/Glints2/dict_0003_0014" 9273
"../../../Engine/Content/EngineMaterials/Substrate/Glints2/dict_0002_0238.uasset" 9274
"../../../Engine/Content/EngineMaterials/Substrate/Glints2/dict_0002_0237.uasset" 9275
"/Engine/EngineMaterials/Substrate/Glints2/dict_0002_0239" 9276
"../../../Engine/Content/EngineMaterials/Substrate/Glints2/dict_0002_0236.uasset" 9277
"../../../Engine/Content/EngineMaterials/Substrate/Glints2/dict_0002_0235.uasset" 9278
"../../../Engine/Content/EngineMaterials/Substrate/Glints2/dict_0002_0234.uasset" 9279
"../../../Engine/Content/EngineMaterials/Substrate/Glints2/dict_0002_0233.uasset" 9280
"../../../Engine/Content/EngineMaterials/Substrate/Glints2/dict_0002_0232.uasset" 9281
"../../../Engine/Content/EngineMaterials/Substrate/Glints2/dict_0002_0231.uasset" 9282
"../../../Engine/Content/EngineMaterials/Substrate/Glints2/dict_0002_0230.uasset" 9283
"../../../Engine/Content/EngineMaterials/Substrate/Glints2/dict_0002_0229.uasset" 9284
"../../../Engine/Content/EngineMaterials/Substrate/Glints2/dict_0002_0228.uasset" 9285
"../../../Engine/Content/EngineMaterials/Substrate/Glints2/dict_0002_0227.uasset" 9286
"/Engine/EngineMaterials/Substrate/Glints2/dict_0002_0240" 9287
"../../../Engine/Content/EngineMaterials/Substrate/Glints2/dict_0002_0226.uasset" 9288
"../../../Engine/Content/EngineMaterials/Substrate/Glints2/dict_0002_0225.uasset" 9289
"../../../Engine/Content/EngineMaterials/Substrate/Glints2/dict_0002_0224.uasset" 9290
"../../../Engine/Content/EngineMaterials/Substrate/Glints2/dict_0002_0223.uasset" 9291
"../../../Engine/Content/EngineMaterials/Substrate/Glints2/dict_0002_0221.uasset" 9292
"../../../Engine/Content/EngineMaterials/Substrate/Glints2/dict_0002_0222.uasset" 9293
"../../../Engine/Content/EngineMaterials/Substrate/Glints2/dict_0002_0220.uasset" 9294
"../../../Engine/Content/EngineMaterials/Substrate/Glints2/dict_0002_0219.uasset" 9295
"/Engine/EngineMaterials/Substrate/Glints2/dict_0002_0241" 9296
"../../../Engine/Content/EngineMaterials/Substrate/Glints2/dict_0002_0217.uasset" 9297
"../../../Engine/Content/EngineMaterials/Substrate/Glints2/dict_0002_0218.uasset" 9298
"/Engine/EngineMaterials/Substrate/Glints2/dict_0002_0242" 9299
"/Engine/EngineMaterials/Substrate/Glints2/dict_0002_0243" 9300
"/Engine/EngineMaterials/Substrate/Glints2/dict_0002_0244" 9301
"/Engine/EngineMaterials/Substrate/Glints2/dict_0002_0245" 9302
"/Engine/EngineMaterials/Substrate/Glints2/dict_0002_0246" 9303
"/Engine/EngineMaterials/Substrate/Glints2/dict_0002_0247" 9304
"/Engine/EngineMaterials/Substrate/Glints2/dict_0002_0248" 9305
"../../../Engine/Content/EngineMaterials/Substrate/Glints2/dict_0002_0216.uasset" 9306
"../../../Engine/Content/EngineMaterials/Substrate/Glints2/dict_0002_0215.uasset" 9307
"/Engine/EngineMaterials/Substrate/Glints2/dict_0002_0217" 9308
"../../../Engine/Content/EngineMaterials/Substrate/Glints2/dict_0002_0214.uasset" 9309
"../../../Engine/Content/EngineMaterials/Substrate/Glints2/dict_0002_0212.uasset" 9310
"../../../Engine/Content/EngineMaterials/Substrate/Glints2/dict_0002_0213.uasset" 9311
"../../../Engine/Content/EngineMaterials/Substrate/Glints2/dict_0002_0211.uasset" 9312
"../../../Engine/Content/EngineMaterials/Substrate/Glints2/dict_0002_0210.uasset" 9313
"../../../Engine/Content/EngineMaterials/Substrate/Glints2/dict_0002_0209.uasset" 9314
"/Engine/EngineMaterials/Substrate/Glints2/dict_0002_0218" 9315
"../../../Engine/Content/EngineMaterials/Substrate/Glints2/dict_0002_0208.uasset" 9316
"../../../Engine/Content/EngineMaterials/Substrate/Glints2/dict_0002_0207.uasset" 9317
"/Engine/EngineMaterials/Substrate/Glints2/dict_0002_0219" 9318
"/Engine/EngineMaterials/Substrate/Glints2/dict_0002_0220" 9319
"/Engine/EngineMaterials/Substrate/Glints2/dict_0002_0221" 9320
"/Engine/EngineMaterials/Substrate/Glints2/dict_0002_0222" 9321
"/Engine/EngineMaterials/Substrate/Glints2/dict_0002_0223" 9322
"/Engine/EngineMaterials/Substrate/Glints2/dict_0002_0224" 9323
"/Engine/EngineMaterials/Substrate/Glints2/dict_0002_0225" 9324
"/Engine/EngineMaterials/Substrate/Glints2/dict_0002_0226" 9325
"/Engine/EngineMaterials/Substrate/Glints2/dict_0002_0227" 9326
"/Engine/EngineMaterials/Substrate/Glints2/dict_0002_0228" 9327
"/Engine/EngineMaterials/Substrate/Glints2/dict_0002_0229" 9328
"/Engine/EngineMaterials/Substrate/Glints2/dict_0002_0230" 9329
"/Engine/EngineMaterials/Substrate/Glints2/dict_0002_0231" 9330
"/Engine/EngineMaterials/Substrate/Glints2/dict_0002_0232" 9331
"/Engine/EngineMaterials/Substrate/Glints2/dict_0002_0233" 9332
"/Engine/EngineMaterials/Substrate/Glints2/dict_0002_0234" 9333
"/Engine/EngineMaterials/Substrate/Glints2/dict_0002_0235" 9334
"/Engine/EngineMaterials/Substrate/Glints2/dict_0002_0236" 9335
"/Engine/EngineMaterials/Substrate/Glints2/dict_0002_0237" 9336
"/Engine/EngineMaterials/Substrate/Glints2/dict_0002_0238" 9337
"../../../Engine/Content/EngineMaterials/Substrate/Glints2/dict_0002_0206.uasset" 9338
"../../../Engine/Content/EngineMaterials/Substrate/Glints2/dict_0002_0205.uasset" 9339
"/Engine/EngineMaterials/Substrate/Glints2/dict_0002_0207" 9340
"../../../Engine/Content/EngineMaterials/Substrate/Glints2/dict_0002_0204.uasset" 9341
"../../../Engine/Content/EngineMaterials/Substrate/Glints2/dict_0002_0203.uasset" 9342
"../../../Engine/Content/EngineMaterials/Substrate/Glints2/dict_0002_0202.uasset" 9343
"../../../Engine/Content/EngineMaterials/Substrate/Glints2/dict_0002_0201.uasset" 9344
"../../../Engine/Content/EngineMaterials/Substrate/Glints2/dict_0002_0200.uasset" 9345
"../../../Engine/Content/EngineMaterials/Substrate/Glints2/dict_0002_0199.uasset" 9346
"../../../Engine/Content/EngineMaterials/Substrate/Glints2/dict_0002_0198.uasset" 9347
"/Engine/EngineMaterials/Substrate/Glints2/dict_0002_0208" 9348
"../../../Engine/Content/EngineMaterials/Substrate/Glints2/dict_0002_0197.uasset" 9349
"../../../Engine/Content/EngineMaterials/Substrate/Glints2/dict_0002_0196.uasset" 9350
"../../../Engine/Content/EngineMaterials/Substrate/Glints2/dict_0002_0195.uasset" 9351
"../../../Engine/Content/EngineMaterials/Substrate/Glints2/dict_0002_0194.uasset" 9352
"../../../Engine/Content/EngineMaterials/Substrate/Glints2/dict_0002_0193.uasset" 9353
"../../../Engine/Content/EngineMaterials/Substrate/Glints2/dict_0002_0192.uasset" 9354
"../../../Engine/Content/EngineMaterials/Substrate/Glints2/dict_0002_0191.uasset" 9355
"../../../Engine/Content/EngineMaterials/Substrate/Glints2/dict_0002_0190.uasset" 9356
"/Engine/EngineMaterials/Substrate/Glints2/dict_0002_0209" 9357
"../../../Engine/Content/EngineMaterials/Substrate/Glints2/dict_0002_0189.uasset" 9358
"../../../Engine/Content/EngineMaterials/Substrate/Glints2/dict_0002_0188.uasset" 9359
"../../../Engine/Content/EngineMaterials/Substrate/Glints2/dict_0002_0187.uasset" 9360
"../../../Engine/Content/EngineMaterials/Substrate/Glints2/dict_0002_0186.uasset" 9361
"../../../Engine/Content/EngineMaterials/Substrate/Glints2/dict_0002_0185.uasset" 9362
"/Engine/EngineMaterials/Substrate/Glints2/dict_0002_0210" 9363
"/Engine/EngineMaterials/Substrate/Glints2/dict_0002_0211" 9364
"/Engine/EngineMaterials/Substrate/Glints2/dict_0002_0212" 9365
"/Engine/EngineMaterials/Substrate/Glints2/dict_0002_0213" 9366
"/Engine/EngineMaterials/Substrate/Glints2/dict_0002_0214" 9367
"/Engine/EngineMaterials/Substrate/Glints2/dict_0002_0215" 9368
"/Engine/EngineMaterials/Substrate/Glints2/dict_0002_0216" 9369
"../../../Engine/Content/EngineMaterials/Substrate/Glints2/dict_0002_0184.uasset" 9370
"../../../Engine/Content/EngineMaterials/Substrate/Glints2/dict_0002_0183.uasset" 9371
"/Engine/EngineMaterials/Substrate/Glints2/dict_0002_0185" 9372
"../../../Engine/Content/EngineMaterials/Substrate/Glints2/dict_0002_0182.uasset" 9373
"../../../Engine/Content/EngineMaterials/Substrate/Glints2/dict_0002_0181.uasset" 9374
"../../../Engine/Content/EngineMaterials/Substrate/Glints2/dict_0002_0180.uasset" 9375
"../../../Engine/Content/EngineMaterials/Substrate/Glints2/dict_0002_0179.uasset" 9376
"../../../Engine/Content/EngineMaterials/Substrate/Glints2/dict_0002_0178.uasset" 9377
"../../../Engine/Content/EngineMaterials/Substrate/Glints2/dict_0002_0177.uasset" 9378
"../../../Engine/Content/EngineMaterials/Substrate/Glints2/dict_0002_0176.uasset" 9379
"../../../Engine/Content/EngineMaterials/Substrate/Glints2/dict_0002_0175.uasset" 9380
"/Engine/EngineMaterials/Substrate/Glints2/dict_0002_0186" 9381
"/Engine/EngineMaterials/Substrate/Glints2/dict_0002_0187" 9382
"/Engine/EngineMaterials/Substrate/Glints2/dict_0002_0188" 9383
"/Engine/EngineMaterials/Substrate/Glints2/dict_0002_0189" 9384
"/Engine/EngineMaterials/Substrate/Glints2/dict_0002_0190" 9385
"/Engine/EngineMaterials/Substrate/Glints2/dict_0002_0191" 9386
"/Engine/EngineMaterials/Substrate/Glints2/dict_0002_0192" 9387
"/Engine/EngineMaterials/Substrate/Glints2/dict_0002_0193" 9388
"/Engine/EngineMaterials/Substrate/Glints2/dict_0002_0194" 9389
"/Engine/EngineMaterials/Substrate/Glints2/dict_0002_0195" 9390
"/Engine/EngineMaterials/Substrate/Glints2/dict_0002_0196" 9391
"/Engine/EngineMaterials/Substrate/Glints2/dict_0002_0197" 9392
"/Engine/EngineMaterials/Substrate/Glints2/dict_0002_0198" 9393
"/Engine/EngineMaterials/Substrate/Glints2/dict_0002_0199" 9394
"/Engine/EngineMaterials/Substrate/Glints2/dict_0002_0200" 9395
"/Engine/EngineMaterials/Substrate/Glints2/dict_0002_0201" 9396
"/Engine/EngineMaterials/Substrate/Glints2/dict_0002_0202" 9397
"/Engine/EngineMaterials/Substrate/Glints2/dict_0002_0203" 9398
"/Engine/EngineMaterials/Substrate/Glints2/dict_0002_0204" 9399
"/Engine/EngineMaterials/Substrate/Glints2/dict_0002_0205" 9400
"/Engine/EngineMaterials/Substrate/Glints2/dict_0002_0206" 9401
"../../../Engine/Content/EngineMaterials/Substrate/Glints2/dict_0002_0174.uasset" 9402
"../../../Engine/Content/EngineMaterials/Substrate/Glints2/dict_0002_0173.uasset" 9403
"/Engine/EngineMaterials/Substrate/Glints2/dict_0002_0175" 9404
"../../../Engine/Content/EngineMaterials/Substrate/Glints2/dict_0002_0172.uasset" 9405
"../../../Engine/Content/EngineMaterials/Substrate/Glints2/dict_0002_0171.uasset" 9406
"../../../Engine/Content/EngineMaterials/Substrate/Glints2/dict_0002_0170.uasset" 9407
"../../../Engine/Content/EngineMaterials/Substrate/Glints2/dict_0002_0169.uasset" 9408
"../../../Engine/Content/EngineMaterials/Substrate/Glints2/dict_0002_0168.uasset" 9409
"../../../Engine/Content/EngineMaterials/Substrate/Glints2/dict_0002_0167.uasset" 9410
"/Engine/EngineMaterials/Substrate/Glints2/dict_0002_0176" 9411
"../../../Engine/Content/EngineMaterials/Substrate/Glints2/dict_0002_0166.uasset" 9412
"../../../Engine/Content/EngineMaterials/Substrate/Glints2/dict_0002_0165.uasset" 9413
"../../../Engine/Content/EngineMaterials/Substrate/Glints2/dict_0002_0164.uasset" 9414
"../../../Engine/Content/EngineMaterials/Substrate/Glints2/dict_0002_0163.uasset" 9415
"../../../Engine/Content/EngineMaterials/Substrate/Glints2/dict_0002_0162.uasset" 9416
"../../../Engine/Content/EngineMaterials/Substrate/Glints2/dict_0002_0161.uasset" 9417
"../../../Engine/Content/EngineMaterials/Substrate/Glints2/dict_0002_0160.uasset" 9418
"/Engine/EngineMaterials/Substrate/Glints2/dict_0002_0177" 9419
"../../../Engine/Content/EngineMaterials/Substrate/Glints2/dict_0002_0159.uasset" 9420
"../../../Engine/Content/EngineMaterials/Substrate/Glints2/dict_0002_0158.uasset" 9421
"../../../Engine/Content/EngineMaterials/Substrate/Glints2/dict_0002_0157.uasset" 9422
"../../../Engine/Content/EngineMaterials/Substrate/Glints2/dict_0002_0156.uasset" 9423
"../../../Engine/Content/EngineMaterials/Substrate/Glints2/dict_0002_0155.uasset" 9424
"../../../Engine/Content/EngineMaterials/Substrate/Glints2/dict_0002_0154.uasset" 9425
"../../../Engine/Content/EngineMaterials/Substrate/Glints2/dict_0002_0153.uasset" 9426
"/Engine/EngineMaterials/Substrate/Glints2/dict_0002_0178" 9427
"/Engine/EngineMaterials/Substrate/Glints2/dict_0002_0179" 9428
"/Engine/EngineMaterials/Substrate/Glints2/dict_0002_0180" 9429
"/Engine/EngineMaterials/Substrate/Glints2/dict_0002_0181" 9430
"/Engine/EngineMaterials/Substrate/Glints2/dict_0002_0182" 9431
"/Engine/EngineMaterials/Substrate/Glints2/dict_0002_0183" 9432
"/Engine/EngineMaterials/Substrate/Glints2/dict_0002_0184" 9433
"../../../Engine/Content/EngineMaterials/Substrate/Glints2/dict_0002_0152.uasset" 9434
"../../../Engine/Content/EngineMaterials/Substrate/Glints2/dict_0002_0151.uasset" 9435
"/Engine/EngineMaterials/Substrate/Glints2/dict_0002_0153" 9436
"../../../Engine/Content/EngineMaterials/Substrate/Glints2/dict_0002_0150.uasset" 9437
"../../../Engine/Content/EngineMaterials/Substrate/Glints2/dict_0002_0149.uasset" 9438
"../../../Engine/Content/EngineMaterials/Substrate/Glints2/dict_0002_0148.uasset" 9439
"../../../Engine/Content/EngineMaterials/Substrate/Glints2/dict_0002_0147.uasset" 9440
"../../../Engine/Content/EngineMaterials/Substrate/Glints2/dict_0002_0146.uasset" 9441
"../../../Engine/Content/EngineMaterials/Substrate/Glints2/dict_0002_0145.uasset" 9442
"../../../Engine/Content/EngineMaterials/Substrate/Glints2/dict_0002_0144.uasset" 9443
"/Engine/EngineMaterials/Substrate/Glints2/dict_0002_0154" 9444
"../../../Engine/Content/EngineMaterials/Substrate/Glints2/dict_0002_0143.uasset" 9445
"/Engine/EngineMaterials/Substrate/Glints2/dict_0002_0155" 9446
"/Engine/EngineMaterials/Substrate/Glints2/dict_0002_0156" 9447
"/Engine/EngineMaterials/Substrate/Glints2/dict_0002_0157" 9448
"/Engine/EngineMaterials/Substrate/Glints2/dict_0002_0158" 9449
"/Engine/EngineMaterials/Substrate/Glints2/dict_0002_0159" 9450
"/Engine/EngineMaterials/Substrate/Glints2/dict_0002_0160" 9451
"/Engine/EngineMaterials/Substrate/Glints2/dict_0002_0161" 9452
"/Engine/EngineMaterials/Substrate/Glints2/dict_0002_0162" 9453
"/Engine/EngineMaterials/Substrate/Glints2/dict_0002_0163" 9454
"/Engine/EngineMaterials/Substrate/Glints2/dict_0002_0164" 9455
"/Engine/EngineMaterials/Substrate/Glints2/dict_0002_0165" 9456
"/Engine/EngineMaterials/Substrate/Glints2/dict_0002_0166" 9457
"/Engine/EngineMaterials/Substrate/Glints2/dict_0002_0167" 9458
"/Engine/EngineMaterials/Substrate/Glints2/dict_0002_0168" 9459
"/Engine/EngineMaterials/Substrate/Glints2/dict_0002_0169" 9460
"/Engine/EngineMaterials/Substrate/Glints2/dict_0002_0170" 9461
"/Engine/EngineMaterials/Substrate/Glints2/dict_0002_0171" 9462
"/Engine/EngineMaterials/Substrate/Glints2/dict_0002_0172" 9463
"/Engine/EngineMaterials/Substrate/Glints2/dict_0002_0173" 9464
"/Engine/EngineMaterials/Substrate/Glints2/dict_0002_0174" 9465
"../../../Engine/Content/EngineMaterials/Substrate/Glints2/dict_0002_0141.uasset" 9466
"/Engine/EngineMaterials/Substrate/Glints2/dict_0002_0143" 9467
"../../../Engine/Content/EngineMaterials/Substrate/Glints2/dict_0002_0142.uasset" 9468
"../../../Engine/Content/EngineMaterials/Substrate/Glints2/dict_0002_0140.uasset" 9469
"../../../Engine/Content/EngineMaterials/Substrate/Glints2/dict_0002_0139.uasset" 9470
"../../../Engine/Content/EngineMaterials/Substrate/Glints2/dict_0002_0138.uasset" 9471
"../../../Engine/Content/EngineMaterials/Substrate/Glints2/dict_0002_0137.uasset" 9472
"../../../Engine/Content/EngineMaterials/Substrate/Glints2/dict_0002_0136.uasset" 9473
"../../../Engine/Content/EngineMaterials/Substrate/Glints2/dict_0002_0135.uasset" 9474
"/Engine/EngineMaterials/Substrate/Glints2/dict_0002_0144" 9475
"../../../Engine/Content/EngineMaterials/Substrate/Glints2/dict_0002_0133.uasset" 9476
"../../../Engine/Content/EngineMaterials/Substrate/Glints2/dict_0002_0132.uasset" 9477
"../../../Engine/Content/EngineMaterials/Substrate/Glints2/dict_0002_0131.uasset" 9478
"../../../Engine/Content/EngineMaterials/Substrate/Glints2/dict_0002_0130.uasset" 9479
"../../../Engine/Content/EngineMaterials/Substrate/Glints2/dict_0002_0129.uasset" 9480
"/Engine/EngineMaterials/Substrate/Glints2/dict_0002_0145" 9481
"../../../Engine/Content/EngineMaterials/Substrate/Glints2/dict_0002_0128.uasset" 9482
"../../../Engine/Content/EngineMaterials/Substrate/Glints2/dict_0002_0127.uasset" 9483
"../../../Engine/Content/EngineMaterials/Substrate/Glints2/dict_0002_0126.uasset" 9484
"../../../Engine/Content/EngineMaterials/Substrate/Glints2/dict_0002_0125.uasset" 9485
"../../../Engine/Content/EngineMaterials/Substrate/Glints2/dict_0002_0124.uasset" 9486
"/Engine/EngineMaterials/Substrate/Glints2/dict_0002_0146" 9487
"../../../Engine/Content/EngineMaterials/Substrate/Glints2/dict_0002_0123.uasset" 9488
"../../../Engine/Content/EngineMaterials/Substrate/Glints2/dict_0002_0122.uasset" 9489
"../../../Engine/Content/EngineMaterials/Substrate/Glints2/dict_0002_0121.uasset" 9490
"/Engine/EngineMaterials/Substrate/Glints2/dict_0002_0147" 9491
"/Engine/EngineMaterials/Substrate/Glints2/dict_0002_0148" 9492
"../../../Engine/Content/EngineMaterials/Substrate/Glints2/dict_0002_0134.uasset" 9493
"/Engine/EngineMaterials/Substrate/Glints2/dict_0002_0149" 9494
"/Engine/EngineMaterials/Substrate/Glints2/dict_0002_0150" 9495
"/Engine/EngineMaterials/Substrate/Glints2/dict_0002_0151" 9496
"/Engine/EngineMaterials/Substrate/Glints2/dict_0002_0152" 9497
"../../../Engine/Content/EngineMaterials/Substrate/Glints2/dict_0002_0120.uasset" 9498
"../../../Engine/Content/EngineMaterials/Substrate/Glints2/dict_0002_0119.uasset" 9499
"/Engine/EngineMaterials/Substrate/Glints2/dict_0002_0121" 9500
"../../../Engine/Content/EngineMaterials/Substrate/Glints2/dict_0002_0118.uasset" 9501
"../../../Engine/Content/EngineMaterials/Substrate/Glints2/dict_0002_0117.uasset" 9502
"../../../Engine/Content/EngineMaterials/Substrate/Glints2/dict_0002_0116.uasset" 9503
"../../../Engine/Content/EngineMaterials/Substrate/Glints2/dict_0002_0115.uasset" 9504
"../../../Engine/Content/EngineMaterials/Substrate/Glints2/dict_0002_0114.uasset" 9505
"../../../Engine/Content/EngineMaterials/Substrate/Glints2/dict_0002_0113.uasset" 9506
"../../../Engine/Content/EngineMaterials/Substrate/Glints2/dict_0002_0112.uasset" 9507
"../../../Engine/Content/EngineMaterials/Substrate/Glints2/dict_0002_0111.uasset" 9508
"/Engine/EngineMaterials/Substrate/Glints2/dict_0002_0122" 9509
"/Engine/EngineMaterials/Substrate/Glints2/dict_0002_0123" 9510
"/Engine/EngineMaterials/Substrate/Glints2/dict_0002_0124" 9511
"/Engine/EngineMaterials/Substrate/Glints2/dict_0002_0125" 9512
"/Engine/EngineMaterials/Substrate/Glints2/dict_0002_0126" 9513
"/Engine/EngineMaterials/Substrate/Glints2/dict_0002_0127" 9514
"/Engine/EngineMaterials/Substrate/Glints2/dict_0002_0128" 9515
"/Engine/EngineMaterials/Substrate/Glints2/dict_0002_0129" 9516
"/Engine/EngineMaterials/Substrate/Glints2/dict_0002_0130" 9517
"/Engine/EngineMaterials/Substrate/Glints2/dict_0002_0131" 9518
"/Engine/EngineMaterials/Substrate/Glints2/dict_0002_0132" 9519
"/Engine/EngineMaterials/Substrate/Glints2/dict_0002_0133" 9520
"/Engine/EngineMaterials/Substrate/Glints2/dict_0002_0134" 9521
"/Engine/EngineMaterials/Substrate/Glints2/dict_0002_0135" 9522
"/Engine/EngineMaterials/Substrate/Glints2/dict_0002_0136" 9523
"/Engine/EngineMaterials/Substrate/Glints2/dict_0002_0137" 9524
"/Engine/EngineMaterials/Substrate/Glints2/dict_0002_0138" 9525
"/Engine/EngineMaterials/Substrate/Glints2/dict_0002_0139" 9526
"/Engine/EngineMaterials/Substrate/Glints2/dict_0002_0140" 9527
"/Engine/EngineMaterials/Substrate/Glints2/dict_0002_0141" 9528
"/Engine/EngineMaterials/Substrate/Glints2/dict_0002_0142" 9529
"../../../Engine/Content/EngineMaterials/Substrate/Glints2/dict_0002_0110.uasset" 9530
"../../../Engine/Content/EngineMaterials/Substrate/Glints2/dict_0002_0109.uasset" 9531
"/Engine/EngineMaterials/Substrate/Glints2/dict_0002_0111" 9532
"../../../Engine/Content/EngineMaterials/Substrate/Glints2/dict_0002_0108.uasset" 9533
"../../../Engine/Content/EngineMaterials/Substrate/Glints2/dict_0002_0106.uasset" 9534
"../../../Engine/Content/EngineMaterials/Substrate/Glints2/dict_0002_0107.uasset" 9535
"../../../Engine/Content/EngineMaterials/Substrate/Glints2/dict_0002_0105.uasset" 9536
"../../../Engine/Content/EngineMaterials/Substrate/Glints2/dict_0002_0104.uasset" 9537
"/Engine/EngineMaterials/Substrate/Glints2/dict_0002_0112" 9538
"../../../Engine/Content/EngineMaterials/Substrate/Glints2/dict_0002_0102.uasset" 9539
"../../../Engine/Content/EngineMaterials/Substrate/Glints2/dict_0002_0103.uasset" 9540
"../../../Engine/Content/EngineMaterials/Substrate/Glints2/dict_0002_0101.uasset" 9541
"../../../Engine/Content/EngineMaterials/Substrate/Glints2/dict_0002_0100.uasset" 9542
"../../../Engine/Content/EngineMaterials/Substrate/Glints2/dict_0002_0099.uasset" 9543
"../../../Engine/Content/EngineMaterials/Substrate/Glints2/dict_0002_0098.uasset" 9544
"../../../Engine/Content/EngineMaterials/Substrate/Glints2/dict_0002_0097.uasset" 9545
"../../../Engine/Content/EngineMaterials/Substrate/Glints2/dict_0002_0096.uasset" 9546
"../../../Engine/Content/EngineMaterials/Substrate/Glints2/dict_0002_0095.uasset" 9547
"../../../Engine/Content/EngineMaterials/Substrate/Glints2/dict_0002_0094.uasset" 9548
"/Engine/EngineMaterials/Substrate/Glints2/dict_0002_0113" 9549
"../../../Engine/Content/EngineMaterials/Substrate/Glints2/dict_0002_0092.uasset" 9550
"../../../Engine/Content/EngineMaterials/Substrate/Glints2/dict_0002_0091.uasset" 9551
"../../../Engine/Content/EngineMaterials/Substrate/Glints2/dict_0002_0093.uasset" 9552
"../../../Engine/Content/EngineMaterials/Substrate/Glints2/dict_0002_0090.uasset" 9553
"/Engine/EngineMaterials/Substrate/Glints2/dict_0002_0114" 9554
"../../../Engine/Content/EngineMaterials/Substrate/Glints2/dict_0002_0089.uasset" 9555
"/Engine/EngineMaterials/Substrate/Glints2/dict_0002_0115" 9556
"/Engine/EngineMaterials/Substrate/Glints2/dict_0002_0116" 9557
"/Engine/EngineMaterials/Substrate/Glints2/dict_0002_0117" 9558
"/Engine/EngineMaterials/Substrate/Glints2/dict_0002_0118" 9559
"/Engine/EngineMaterials/Substrate/Glints2/dict_0002_0119" 9560
"/Engine/EngineMaterials/Substrate/Glints2/dict_0002_0120" 9561
"../../../Engine/Content/EngineMaterials/Substrate/Glints2/dict_0002_0087.uasset" 9562
"/Engine/EngineMaterials/Substrate/Glints2/dict_0002_0089" 9563
"../../../Engine/Content/EngineMaterials/Substrate/Glints2/dict_0002_0086.uasset" 9564
"../../../Engine/Content/EngineMaterials/Substrate/Glints2/dict_0002_0088.uasset" 9565
"../../../Engine/Content/EngineMaterials/Substrate/Glints2/dict_0002_0085.uasset" 9566
"../../../Engine/Content/EngineMaterials/Substrate/Glints2/dict_0002_0084.uasset" 9567
"../../../Engine/Content/EngineMaterials/Substrate/Glints2/dict_0002_0083.uasset" 9568
"../../../Engine/Content/EngineMaterials/Substrate/Glints2/dict_0002_0082.uasset" 9569
"/Engine/EngineMaterials/Substrate/Glints2/dict_0002_0090" 9570
"../../../Engine/Content/EngineMaterials/Substrate/Glints2/dict_0002_0081.uasset" 9571
"../../../Engine/Content/EngineMaterials/Substrate/Glints2/dict_0002_0080.uasset" 9572
"../../../Engine/Content/EngineMaterials/Substrate/Glints2/dict_0002_0079.uasset" 9573
"/Engine/EngineMaterials/Substrate/Glints2/dict_0002_0091" 9574
"/Engine/EngineMaterials/Substrate/Glints2/dict_0002_0092" 9575
"/Engine/EngineMaterials/Substrate/Glints2/dict_0002_0093" 9576
"/Engine/EngineMaterials/Substrate/Glints2/dict_0002_0094" 9577
"/Engine/EngineMaterials/Substrate/Glints2/dict_0002_0095" 9578
"/Engine/EngineMaterials/Substrate/Glints2/dict_0002_0096" 9579
"/Engine/EngineMaterials/Substrate/Glints2/dict_0002_0097" 9580
"/Engine/EngineMaterials/Substrate/Glints2/dict_0002_0098" 9581
"/Engine/EngineMaterials/Substrate/Glints2/dict_0002_0099" 9582
"/Engine/EngineMaterials/Substrate/Glints2/dict_0002_0100" 9583
"/Engine/EngineMaterials/Substrate/Glints2/dict_0002_0101" 9584
"/Engine/EngineMaterials/Substrate/Glints2/dict_0002_0102" 9585
"/Engine/EngineMaterials/Substrate/Glints2/dict_0002_0103" 9586
"/Engine/EngineMaterials/Substrate/Glints2/dict_0002_0104" 9587
"/Engine/EngineMaterials/Substrate/Glints2/dict_0002_0105" 9588
"/Engine/EngineMaterials/Substrate/Glints2/dict_0002_0106" 9589
"/Engine/EngineMaterials/Substrate/Glints2/dict_0002_0107" 9590
"/Engine/EngineMaterials/Substrate/Glints2/dict_0002_0108" 9591
"/Engine/EngineMaterials/Substrate/Glints2/dict_0002_0109" 9592
"/Engine/EngineMaterials/Substrate/Glints2/dict_0002_0110" 9593
"../../../Engine/Content/EngineMaterials/Substrate/Glints2/dict_0002_0078.uasset" 9594
"../../../Engine/Content/EngineMaterials/Substrate/Glints2/dict_0002_0077.uasset" 9595
"/Engine/EngineMaterials/Substrate/Glints2/dict_0002_0079" 9596
"../../../Engine/Content/EngineMaterials/Substrate/Glints2/dict_0002_0076.uasset" 9597
"../../../Engine/Content/EngineMaterials/Substrate/Glints2/dict_0002_0075.uasset" 9598
"../../../Engine/Content/EngineMaterials/Substrate/Glints2/dict_0002_0074.uasset" 9599
"../../../Engine/Content/EngineMaterials/Substrate/Glints2/dict_0002_0073.uasset" 9600
"../../../Engine/Content/EngineMaterials/Substrate/Glints2/dict_0002_0072.uasset" 9601
"../../../Engine/Content/EngineMaterials/Substrate/Glints2/dict_0002_0071.uasset" 9602
"../../../Engine/Content/EngineMaterials/Substrate/Glints2/dict_0002_0070.uasset" 9603
"/Engine/EngineMaterials/Substrate/Glints2/dict_0002_0080" 9604
"../../../Engine/Content/EngineMaterials/Substrate/Glints2/dict_0002_0068.uasset" 9605
"../../../Engine/Content/EngineMaterials/Substrate/Glints2/dict_0002_0069.uasset" 9606
"../../../Engine/Content/EngineMaterials/Substrate/Glints2/dict_0002_0067.uasset" 9607
"../../../Engine/Content/EngineMaterials/Substrate/Glints2/dict_0002_0065.uasset" 9608
"../../../Engine/Content/EngineMaterials/Substrate/Glints2/dict_0002_0066.uasset" 9609
"../../../Engine/Content/EngineMaterials/Substrate/Glints2/dict_0002_0064.uasset" 9610
"../../../Engine/Content/EngineMaterials/Substrate/Glints2/dict_0002_0062.uasset" 9611
"../../../Engine/Content/EngineMaterials/Substrate/Glints2/dict_0002_0063.uasset" 9612
"/Engine/EngineMaterials/Substrate/Glints2/dict_0002_0081" 9613
"../../../Engine/Content/EngineMaterials/Substrate/Glints2/dict_0002_0061.uasset" 9614
"../../../Engine/Content/EngineMaterials/Substrate/Glints2/dict_0002_0060.uasset" 9615
"../../../Engine/Content/EngineMaterials/Substrate/Glints2/dict_0002_0059.uasset" 9616
"../../../Engine/Content/EngineMaterials/Substrate/Glints2/dict_0002_0058.uasset" 9617
"../../../Engine/Content/EngineMaterials/Substrate/Glints2/dict_0002_0057.uasset" 9618
"/Engine/EngineMaterials/Substrate/Glints2/dict_0002_0082" 9619
"/Engine/EngineMaterials/Substrate/Glints2/dict_0002_0083" 9620
"/Engine/EngineMaterials/Substrate/Glints2/dict_0002_0084" 9621
"/Engine/EngineMaterials/Substrate/Glints2/dict_0002_0085" 9622
"/Engine/EngineMaterials/Substrate/Glints2/dict_0002_0086" 9623
"/Engine/EngineMaterials/Substrate/Glints2/dict_0002_0087" 9624
"/Engine/EngineMaterials/Substrate/Glints2/dict_0002_0088" 9625
"../../../Engine/Content/EngineMaterials/Substrate/Glints2/dict_0002_0056.uasset" 9626
"../../../Engine/Content/EngineMaterials/Substrate/Glints2/dict_0002_0055.uasset" 9627
"/Engine/EngineMaterials/Substrate/Glints2/dict_0002_0057" 9628
"../../../Engine/Content/EngineMaterials/Substrate/Glints2/dict_0002_0054.uasset" 9629
"../../../Engine/Content/EngineMaterials/Substrate/Glints2/dict_0002_0053.uasset" 9630
"../../../Engine/Content/EngineMaterials/Substrate/Glints2/dict_0002_0052.uasset" 9631
"../../../Engine/Content/EngineMaterials/Substrate/Glints2/dict_0002_0051.uasset" 9632
"../../../Engine/Content/EngineMaterials/Substrate/Glints2/dict_0002_0050.uasset" 9633
"../../../Engine/Content/EngineMaterials/Substrate/Glints2/dict_0002_0048.uasset" 9634
"../../../Engine/Content/EngineMaterials/Substrate/Glints2/dict_0002_0049.uasset" 9635
"../../../Engine/Content/EngineMaterials/Substrate/Glints2/dict_0002_0047.uasset" 9636
"/Engine/EngineMaterials/Substrate/Glints2/dict_0002_0058" 9637
"/Engine/EngineMaterials/Substrate/Glints2/dict_0002_0059" 9638
"/Engine/EngineMaterials/Substrate/Glints2/dict_0002_0060" 9639
"/Engine/EngineMaterials/Substrate/Glints2/dict_0002_0061" 9640
"/Engine/EngineMaterials/Substrate/Glints2/dict_0002_0062" 9641
"/Engine/EngineMaterials/Substrate/Glints2/dict_0002_0063" 9642
"/Engine/EngineMaterials/Substrate/Glints2/dict_0002_0064" 9643
"/Engine/EngineMaterials/Substrate/Glints2/dict_0002_0065" 9644
"/Engine/EngineMaterials/Substrate/Glints2/dict_0002_0066" 9645
"/Engine/EngineMaterials/Substrate/Glints2/dict_0002_0067" 9646
"/Engine/EngineMaterials/Substrate/Glints2/dict_0002_0068" 9647
"/Engine/EngineMaterials/Substrate/Glints2/dict_0002_0069" 9648
"/Engine/EngineMaterials/Substrate/Glints2/dict_0002_0070" 9649
"/Engine/EngineMaterials/Substrate/Glints2/dict_0002_0071" 9650
"/Engine/EngineMaterials/Substrate/Glints2/dict_0002_0072" 9651
"/Engine/EngineMaterials/Substrate/Glints2/dict_0002_0073" 9652
"/Engine/EngineMaterials/Substrate/Glints2/dict_0002_0074" 9653
"/Engine/EngineMaterials/Substrate/Glints2/dict_0002_0075" 9654
"/Engine/EngineMaterials/Substrate/Glints2/dict_0002_0076" 9655
"/Engine/EngineMaterials/Substrate/Glints2/dict_0002_0077" 9656
"/Engine/EngineMaterials/Substrate/Glints2/dict_0002_0078" 9657
"/Engine/EngineMaterials/Substrate/Glints2/dict_0002_0056" 9658
"../../../Engine/Content/EngineMaterials/Substrate/Glints2/dict_0002_0045.uasset" 9659
"../../../Engine/Content/EngineMaterials/Substrate/Glints2/dict_0002_0046.uasset" 9660
"/Engine/EngineMaterials/Substrate/Glints2/dict_0002_0047" 9661
"../../../Engine/Content/EngineMaterials/Substrate/Glints2/dict_0002_0044.uasset" 9662
"../../../Engine/Content/EngineMaterials/Substrate/Glints2/dict_0002_0043.uasset" 9663
"../../../Engine/Content/EngineMaterials/Substrate/Glints2/dict_0002_0041.uasset" 9664
"../../../Engine/Content/EngineMaterials/Substrate/Glints2/dict_0002_0042.uasset" 9665
"../../../Engine/Content/EngineMaterials/Substrate/Glints2/dict_0002_0040.uasset" 9666
"../../../Engine/Content/EngineMaterials/Substrate/Glints2/dict_0002_0039.uasset" 9667
"../../../Engine/Content/EngineMaterials/Substrate/Glints2/dict_0002_0038.uasset" 9668
"../../../Engine/Content/EngineMaterials/Substrate/Glints2/dict_0002_0037.uasset" 9669
"/Engine/EngineMaterials/Substrate/Glints2/dict_0002_0048" 9670
"../../../Engine/Content/EngineMaterials/Substrate/Glints2/dict_0002_0036.uasset" 9671
"../../../Engine/Content/EngineMaterials/Substrate/Glints2/dict_0002_0035.uasset" 9672
"../../../Engine/Content/EngineMaterials/Substrate/Glints2/dict_0002_0034.uasset" 9673
"../../../Engine/Content/EngineMaterials/Substrate/Glints2/dict_0002_0033.uasset" 9674
"../../../Engine/Content/EngineMaterials/Substrate/Glints2/dict_0002_0032.uasset" 9675
"../../../Engine/Content/EngineMaterials/Substrate/Glints2/dict_0002_0031.uasset" 9676
"../../../Engine/Content/EngineMaterials/Substrate/Glints2/dict_0002_0029.uasset" 9677
"../../../Engine/Content/EngineMaterials/Substrate/Glints2/dict_0002_0030.uasset" 9678
"/Engine/EngineMaterials/Substrate/Glints2/dict_0002_0049" 9679
"../../../Engine/Content/EngineMaterials/Substrate/Glints2/dict_0002_0028.uasset" 9680
"../../../Engine/Content/EngineMaterials/Substrate/Glints2/dict_0002_0027.uasset" 9681
"../../../Engine/Content/EngineMaterials/Substrate/Glints2/dict_0002_0025.uasset" 9682
"../../../Engine/Content/EngineMaterials/Substrate/Glints2/dict_0002_0026.uasset" 9683
"../../../Engine/Content/EngineMaterials/Substrate/Glints2/dict_0002_0024.uasset" 9684
"/Engine/EngineMaterials/Substrate/Glints2/dict_0002_0050" 9685
"/Engine/EngineMaterials/Substrate/Glints2/dict_0002_0051" 9686
"/Engine/EngineMaterials/Substrate/Glints2/dict_0002_0052" 9687
"/Engine/EngineMaterials/Substrate/Glints2/dict_0002_0053" 9688
"/Engine/EngineMaterials/Substrate/Glints2/dict_0002_0054" 9689
"/Engine/EngineMaterials/Substrate/Glints2/dict_0002_0055" 9690
"../../../Engine/Content/EngineMaterials/Substrate/Glints2/dict_0002_0023.uasset" 9691
"../../../Engine/Content/EngineMaterials/Substrate/Glints2/dict_0002_0022.uasset" 9692
"/Engine/EngineMaterials/Substrate/Glints2/dict_0002_0024" 9693
"../../../Engine/Content/EngineMaterials/Substrate/Glints2/dict_0002_0021.uasset" 9694
"../../../Engine/Content/EngineMaterials/Substrate/Glints2/dict_0002_0020.uasset" 9695
"../../../Engine/Content/EngineMaterials/Substrate/Glints2/dict_0002_0018.uasset" 9696
"../../../Engine/Content/EngineMaterials/Substrate/Glints2/dict_0002_0019.uasset" 9697
"../../../Engine/Content/EngineMaterials/Substrate/Glints2/dict_0002_0017.uasset" 9698
"../../../Engine/Content/EngineMaterials/Substrate/Glints2/dict_0002_0016.uasset" 9699
"../../../Engine/Content/EngineMaterials/Substrate/Glints2/dict_0002_0015.uasset" 9700
"/Engine/EngineMaterials/Substrate/Glints2/dict_0002_0025" 9701
"/Engine/EngineMaterials/Substrate/Glints2/dict_0002_0026" 9702
"/Engine/EngineMaterials/Substrate/Glints2/dict_0002_0027" 9703
"/Engine/EngineMaterials/Substrate/Glints2/dict_0002_0028" 9704
"/Engine/EngineMaterials/Substrate/Glints2/dict_0002_0029" 9705
"/Engine/EngineMaterials/Substrate/Glints2/dict_0002_0030" 9706
"/Engine/EngineMaterials/Substrate/Glints2/dict_0002_0031" 9707
"/Engine/EngineMaterials/Substrate/Glints2/dict_0002_0032" 9708
"/Engine/EngineMaterials/Substrate/Glints2/dict_0002_0033" 9709
"/Engine/EngineMaterials/Substrate/Glints2/dict_0002_0034" 9710
"/Engine/EngineMaterials/Substrate/Glints2/dict_0002_0035" 9711
"/Engine/EngineMaterials/Substrate/Glints2/dict_0002_0036" 9712
"/Engine/EngineMaterials/Substrate/Glints2/dict_0002_0037" 9713
"/Engine/EngineMaterials/Substrate/Glints2/dict_0002_0038" 9714
"/Engine/EngineMaterials/Substrate/Glints2/dict_0002_0039" 9715
"/Engine/EngineMaterials/Substrate/Glints2/dict_0002_0040" 9716
"/Engine/EngineMaterials/Substrate/Glints2/dict_0002_0041" 9717
"/Engine/EngineMaterials/Substrate/Glints2/dict_0002_0042" 9718
"/Engine/EngineMaterials/Substrate/Glints2/dict_0002_0043" 9719
"/Engine/EngineMaterials/Substrate/Glints2/dict_0002_0044" 9720
"/Engine/EngineMaterials/Substrate/Glints2/dict_0002_0045" 9721
"/Engine/EngineMaterials/Substrate/Glints2/dict_0002_0046" 9722
"../../../Engine/Content/EngineMaterials/Substrate/Glints2/dict_0002_0013.uasset" 9723
"../../../Engine/Content/EngineMaterials/Substrate/Glints2/dict_0002_0014.uasset" 9724
"/Engine/EngineMaterials/Substrate/Glints2/dict_0002_0015" 9725
"../../../Engine/Content/EngineMaterials/Substrate/Glints2/dict_0002_0012.uasset" 9726
"../../../Engine/Content/EngineMaterials/Substrate/Glints2/dict_0002_0011.uasset" 9727
"../../../Engine/Content/EngineMaterials/Substrate/Glints2/dict_0002_0010.uasset" 9728
"../../../Engine/Content/EngineMaterials/Substrate/Glints2/dict_0002_0009.uasset" 9729
"../../../Engine/Content/EngineMaterials/Substrate/Glints2/dict_0002_0007.uasset" 9730
"../../../Engine/Content/EngineMaterials/Substrate/Glints2/dict_0002_0008.uasset" 9731
"../../../Engine/Content/EngineMaterials/Substrate/Glints2/dict_0002_0006.uasset" 9732
"../../../Engine/Content/EngineMaterials/Substrate/Glints2/dict_0002_0005.uasset" 9733
"/Engine/EngineMaterials/Substrate/Glints2/dict_0002_0016" 9734
"../../../Engine/Content/EngineMaterials/Substrate/Glints2/dict_0002_0004.uasset" 9735
"../../../Engine/Content/EngineMaterials/Substrate/Glints2/dict_0002_0003.uasset" 9736
"../../../Engine/Content/EngineMaterials/Substrate/Glints2/dict_0002_0002.uasset" 9737
"../../../Engine/Content/EngineMaterials/Substrate/Glints2/dict_0002_0001.uasset" 9738
"../../../Engine/Content/EngineMaterials/Substrate/Glints2/dict_0002_0000.uasset" 9739
"../../../Engine/Content/EngineMaterials/Substrate/Glints2/dict_0001_0255.uasset" 9740
"../../../Engine/Content/EngineMaterials/Substrate/Glints2/dict_0001_0254.uasset" 9741
"../../../Engine/Content/EngineMaterials/Substrate/Glints2/dict_0001_0253.uasset" 9742
"/Engine/EngineMaterials/Substrate/Glints2/dict_0002_0017" 9743
"../../../Engine/Content/EngineMaterials/Substrate/Glints2/dict_0001_0252.uasset" 9744
"../../../Engine/Content/EngineMaterials/Substrate/Glints2/dict_0001_0251.uasset" 9745
"../../../Engine/Content/EngineMaterials/Substrate/Glints2/dict_0001_0250.uasset" 9746
"../../../Engine/Content/EngineMaterials/Substrate/Glints2/dict_0001_0249.uasset" 9747
"../../../Engine/Content/EngineMaterials/Substrate/Glints2/dict_0001_0248.uasset" 9748
"/Engine/EngineMaterials/Substrate/Glints2/dict_0002_0018" 9749
"/Engine/EngineMaterials/Substrate/Glints2/dict_0002_0019" 9750
"/Engine/EngineMaterials/Substrate/Glints2/dict_0002_0020" 9751
"/Engine/EngineMaterials/Substrate/Glints2/dict_0002_0021" 9752
"/Engine/EngineMaterials/Substrate/Glints2/dict_0002_0022" 9753
"/Engine/EngineMaterials/Substrate/Glints2/dict_0002_0023" 9754
"../../../Engine/Content/EngineMaterials/Substrate/Glints2/dict_0001_0247.uasset" 9755
"/Engine/EngineMaterials/Substrate/Glints2/dict_0001_0248" 9756
"../../../Engine/Content/EngineMaterials/Substrate/Glints2/dict_0001_0246.uasset" 9757
"../../../Engine/Content/EngineMaterials/Substrate/Glints2/dict_0001_0245.uasset" 9758
"../../../Engine/Content/EngineMaterials/Substrate/Glints2/dict_0001_0244.uasset" 9759
"../../../Engine/Content/EngineMaterials/Substrate/Glints2/dict_0001_0243.uasset" 9760
"../../../Engine/Content/EngineMaterials/Substrate/Glints2/dict_0001_0242.uasset" 9761
"/Engine/EngineMaterials/Substrate/Glints2/dict_0001_0249" 9762
"../../../Engine/Content/EngineMaterials/Substrate/Glints2/dict_0001_0240.uasset" 9763
"../../../Engine/Content/EngineMaterials/Substrate/Glints2/dict_0001_0241.uasset" 9764
"../../../Engine/Content/EngineMaterials/Substrate/Glints2/dict_0001_0239.uasset" 9765
"/Engine/EngineMaterials/Substrate/Glints2/dict_0001_0250" 9766
"/Engine/EngineMaterials/Substrate/Glints2/dict_0001_0251" 9767
"/Engine/EngineMaterials/Substrate/Glints2/dict_0001_0252" 9768
"/Engine/EngineMaterials/Substrate/Glints2/dict_0001_0253" 9769
"/Engine/EngineMaterials/Substrate/Glints2/dict_0001_0254" 9770
"/Engine/EngineMaterials/Substrate/Glints2/dict_0001_0255" 9771
"/Engine/EngineMaterials/Substrate/Glints2/dict_0002_0000" 9772
"/Engine/EngineMaterials/Substrate/Glints2/dict_0002_0001" 9773
"/Engine/EngineMaterials/Substrate/Glints2/dict_0002_0002" 9774
"/Engine/EngineMaterials/Substrate/Glints2/dict_0002_0003" 9775
"/Engine/EngineMaterials/Substrate/Glints2/dict_0002_0004" 9776
"/Engine/EngineMaterials/Substrate/Glints2/dict_0002_0005" 9777
"/Engine/EngineMaterials/Substrate/Glints2/dict_0002_0006" 9778
"/Engine/EngineMaterials/Substrate/Glints2/dict_0002_0007" 9779
"/Engine/EngineMaterials/Substrate/Glints2/dict_0002_0008" 9780
"/Engine/EngineMaterials/Substrate/Glints2/dict_0002_0009" 9781
"/Engine/EngineMaterials/Substrate/Glints2/dict_0002_0010" 9782
"/Engine/EngineMaterials/Substrate/Glints2/dict_0002_0011" 9783
"/Engine/EngineMaterials/Substrate/Glints2/dict_0002_0012" 9784
"/Engine/EngineMaterials/Substrate/Glints2/dict_0002_0013" 9785
"/Engine/EngineMaterials/Substrate/Glints2/dict_0002_0014" 9786
"../../../Engine/Content/EngineMaterials/Substrate/Glints2/dict_0001_0237.uasset" 9787
"../../../Engine/Content/EngineMaterials/Substrate/Glints2/dict_0001_0238.uasset" 9788
"/Engine/EngineMaterials/Substrate/Glints2/dict_0001_0239" 9789
"../../../Engine/Content/EngineMaterials/Substrate/Glints2/dict_0001_0236.uasset" 9790
"../../../Engine/Content/EngineMaterials/Substrate/Glints2/dict_0001_0235.uasset" 9791
"../../../Engine/Content/EngineMaterials/Substrate/Glints2/dict_0001_0234.uasset" 9792
"../../../Engine/Content/EngineMaterials/Substrate/Glints2/dict_0001_0233.uasset" 9793
"../../../Engine/Content/EngineMaterials/Substrate/Glints2/dict_0001_0232.uasset" 9794
"../../../Engine/Content/EngineMaterials/Substrate/Glints2/dict_0001_0231.uasset" 9795
"../../../Engine/Content/EngineMaterials/Substrate/Glints2/dict_0001_0230.uasset" 9796
"../../../Engine/Content/EngineMaterials/Substrate/Glints2/dict_0001_0229.uasset" 9797
"../../../Engine/Content/EngineMaterials/Substrate/Glints2/dict_0001_0228.uasset" 9798
"/Engine/EngineMaterials/Substrate/Glints2/dict_0001_0240" 9799
"../../../Engine/Content/EngineMaterials/Substrate/Glints2/dict_0001_0227.uasset" 9800
"../../../Engine/Content/EngineMaterials/Substrate/Glints2/dict_0001_0226.uasset" 9801
"../../../Engine/Content/EngineMaterials/Substrate/Glints2/dict_0001_0225.uasset" 9802
"../../../Engine/Content/EngineMaterials/Substrate/Glints2/dict_0001_0224.uasset" 9803
"../../../Engine/Content/EngineMaterials/Substrate/Glints2/dict_0001_0223.uasset" 9804
"../../../Engine/Content/EngineMaterials/Substrate/Glints2/dict_0001_0222.uasset" 9805
"../../../Engine/Content/EngineMaterials/Substrate/Glints2/dict_0001_0220.uasset" 9806
"../../../Engine/Content/EngineMaterials/Substrate/Glints2/dict_0001_0221.uasset" 9807
"../../../Engine/Content/EngineMaterials/Substrate/Glints2/dict_0001_0219.uasset" 9808
"/Engine/EngineMaterials/Substrate/Glints2/dict_0001_0241" 9809
"../../../Engine/Content/EngineMaterials/Substrate/Glints2/dict_0001_0218.uasset" 9810
"../../../Engine/Content/EngineMaterials/Substrate/Glints2/dict_0001_0217.uasset" 9811
"../../../Engine/Content/EngineMaterials/Substrate/Glints2/dict_0001_0216.uasset" 9812
"/Engine/EngineMaterials/Substrate/Glints2/dict_0001_0242" 9813
"/Engine/EngineMaterials/Substrate/Glints2/dict_0001_0243" 9814
"/Engine/EngineMaterials/Substrate/Glints2/dict_0001_0244" 9815
"/Engine/EngineMaterials/Substrate/Glints2/dict_0001_0245" 9816
"/Engine/EngineMaterials/Substrate/Glints2/dict_0001_0246" 9817
"/Engine/EngineMaterials/Substrate/Glints2/dict_0001_0247" 9818
"../../../Engine/Content/EngineMaterials/Substrate/Glints2/dict_0001_0214.uasset" 9819
"../../../Engine/Content/EngineMaterials/Substrate/Glints2/dict_0001_0215.uasset" 9820
"/Engine/EngineMaterials/Substrate/Glints2/dict_0001_0216" 9821
"../../../Engine/Content/EngineMaterials/Substrate/Glints2/dict_0001_0213.uasset" 9822
"../../../Engine/Content/EngineMaterials/Substrate/Glints2/dict_0001_0211.uasset" 9823
"../../../Engine/Content/EngineMaterials/Substrate/Glints2/dict_0001_0210.uasset" 9824
"../../../Engine/Content/EngineMaterials/Substrate/Glints2/dict_0001_0212.uasset" 9825
"../../../Engine/Content/EngineMaterials/Substrate/Glints2/dict_0001_0209.uasset" 9826
"../../../Engine/Content/EngineMaterials/Substrate/Glints2/dict_0001_0208.uasset" 9827
"../../../Engine/Content/EngineMaterials/Substrate/Glints2/dict_0001_0207.uasset" 9828
"/Engine/EngineMaterials/Substrate/Glints2/dict_0001_0217" 9829
"/Engine/EngineMaterials/Substrate/Glints2/dict_0001_0218" 9830
"/Engine/EngineMaterials/Substrate/Glints2/dict_0001_0219" 9831
"/Engine/EngineMaterials/Substrate/Glints2/dict_0001_0220" 9832
"/Engine/EngineMaterials/Substrate/Glints2/dict_0001_0221" 9833
"/Engine/EngineMaterials/Substrate/Glints2/dict_0001_0222" 9834
"/Engine/EngineMaterials/Substrate/Glints2/dict_0001_0223" 9835
"/Engine/EngineMaterials/Substrate/Glints2/dict_0001_0224" 9836
"/Engine/EngineMaterials/Substrate/Glints2/dict_0001_0225" 9837
"/Engine/EngineMaterials/Substrate/Glints2/dict_0001_0226" 9838
"/Engine/EngineMaterials/Substrate/Glints2/dict_0001_0227" 9839
"/Engine/EngineMaterials/Substrate/Glints2/dict_0001_0228" 9840
"/Engine/EngineMaterials/Substrate/Glints2/dict_0001_0229" 9841
"/Engine/EngineMaterials/Substrate/Glints2/dict_0001_0230" 9842
"/Engine/EngineMaterials/Substrate/Glints2/dict_0001_0231" 9843
"/Engine/EngineMaterials/Substrate/Glints2/dict_0001_0232" 9844
"/Engine/EngineMaterials/Substrate/Glints2/dict_0001_0233" 9845
"/Engine/EngineMaterials/Substrate/Glints2/dict_0001_0234" 9846
"/Engine/EngineMaterials/Substrate/Glints2/dict_0001_0235" 9847
"/Engine/EngineMaterials/Substrate/Glints2/dict_0001_0236" 9848
"/Engine/EngineMaterials/Substrate/Glints2/dict_0001_0237" 9849
"/Engine/EngineMaterials/Substrate/Glints2/dict_0001_0238" 9850
"../../../Engine/Content/EngineMaterials/Substrate/Glints2/dict_0001_0205.uasset" 9851
"/Engine/EngineMaterials/Substrate/Glints2/dict_0001_0207" 9852
"../../../Engine/Content/EngineMaterials/Substrate/Glints2/dict_0001_0206.uasset" 9853
"../../../Engine/Content/EngineMaterials/Substrate/Glints2/dict_0001_0204.uasset" 9854
"../../../Engine/Content/EngineMaterials/Substrate/Glints2/dict_0001_0202.uasset" 9855
"../../../Engine/Content/EngineMaterials/Substrate/Glints2/dict_0001_0203.uasset" 9856
"../../../Engine/Content/EngineMaterials/Substrate/Glints2/dict_0001_0201.uasset" 9857
"../../../Engine/Content/EngineMaterials/Substrate/Glints2/dict_0001_0200.uasset" 9858
"../../../Engine/Content/EngineMaterials/Substrate/Glints2/dict_0001_0199.uasset" 9859
"../../../Engine/Content/EngineMaterials/Substrate/Glints2/dict_0001_0198.uasset" 9860
"/Engine/EngineMaterials/Substrate/Glints2/dict_0001_0208" 9861
"../../../Engine/Content/EngineMaterials/Substrate/Glints2/dict_0001_0196.uasset" 9862
"../../../Engine/Content/EngineMaterials/Substrate/Glints2/dict_0001_0197.uasset" 9863
"../../../Engine/Content/EngineMaterials/Substrate/Glints2/dict_0001_0195.uasset" 9864
"../../../Engine/Content/EngineMaterials/Substrate/Glints2/dict_0001_0194.uasset" 9865
"../../../Engine/Content/EngineMaterials/Substrate/Glints2/dict_0001_0192.uasset" 9866
"../../../Engine/Content/EngineMaterials/Substrate/Glints2/dict_0001_0193.uasset" 9867
"../../../Engine/Content/EngineMaterials/Substrate/Glints2/dict_0001_0191.uasset" 9868
"../../../Engine/Content/EngineMaterials/Substrate/Glints2/dict_0001_0189.uasset" 9869
"../../../Engine/Content/EngineMaterials/Substrate/Glints2/dict_0001_0190.uasset" 9870
"../../../Engine/Content/EngineMaterials/Substrate/Glints2/dict_0001_0188.uasset" 9871
"../../../Engine/Content/EngineMaterials/Substrate/Glints2/dict_0001_0187.uasset" 9872
"/Engine/EngineMaterials/Substrate/Glints2/dict_0001_0209" 9873
"../../../Engine/Content/EngineMaterials/Substrate/Glints2/dict_0001_0185.uasset" 9874
"../../../Engine/Content/EngineMaterials/Substrate/Glints2/dict_0001_0186.uasset" 9875
"../../../Engine/Content/EngineMaterials/Substrate/Glints2/dict_0001_0184.uasset" 9876
"/Engine/EngineMaterials/Substrate/Glints2/dict_0001_0210" 9877
"/Engine/EngineMaterials/Substrate/Glints2/dict_0001_0211" 9878
"/Engine/EngineMaterials/Substrate/Glints2/dict_0001_0212" 9879
"/Engine/EngineMaterials/Substrate/Glints2/dict_0001_0213" 9880
"/Engine/EngineMaterials/Substrate/Glints2/dict_0001_0214" 9881
"/Engine/EngineMaterials/Substrate/Glints2/dict_0001_0215" 9882
"../../../Engine/Content/EngineMaterials/Substrate/Glints2/dict_0001_0183.uasset" 9883
"../../../Engine/Content/EngineMaterials/Substrate/Glints2/dict_0001_0182.uasset" 9884
"/Engine/EngineMaterials/Substrate/Glints2/dict_0001_0184" 9885
"../../../Engine/Content/EngineMaterials/Substrate/Glints2/dict_0001_0181.uasset" 9886
"../../../Engine/Content/EngineMaterials/Substrate/Glints2/dict_0001_0180.uasset" 9887
"../../../Engine/Content/EngineMaterials/Substrate/Glints2/dict_0001_0179.uasset" 9888
"../../../Engine/Content/EngineMaterials/Substrate/Glints2/dict_0001_0178.uasset" 9889
"../../../Engine/Content/EngineMaterials/Substrate/Glints2/dict_0001_0177.uasset" 9890
"../../../Engine/Content/EngineMaterials/Substrate/Glints2/dict_0001_0176.uasset" 9891
"../../../Engine/Content/EngineMaterials/Substrate/Glints2/dict_0001_0175.uasset" 9892
"/Engine/EngineMaterials/Substrate/Glints2/dict_0001_0185" 9893
"/Engine/EngineMaterials/Substrate/Glints2/dict_0001_0186" 9894
"/Engine/EngineMaterials/Substrate/Glints2/dict_0001_0187" 9895
"/Engine/EngineMaterials/Substrate/Glints2/dict_0001_0188" 9896
"/Engine/EngineMaterials/Substrate/Glints2/dict_0001_0189" 9897
"/Engine/EngineMaterials/Substrate/Glints2/dict_0001_0190" 9898
"/Engine/EngineMaterials/Substrate/Glints2/dict_0001_0191" 9899
"/Engine/EngineMaterials/Substrate/Glints2/dict_0001_0192" 9900
"/Engine/EngineMaterials/Substrate/Glints2/dict_0001_0193" 9901
"/Engine/EngineMaterials/Substrate/Glints2/dict_0001_0194" 9902
"/Engine/EngineMaterials/Substrate/Glints2/dict_0001_0195" 9903
"/Engine/EngineMaterials/Substrate/Glints2/dict_0001_0196" 9904
"/Engine/EngineMaterials/Substrate/Glints2/dict_0001_0197" 9905
"/Engine/EngineMaterials/Substrate/Glints2/dict_0001_0198" 9906
"/Engine/EngineMaterials/Substrate/Glints2/dict_0001_0199" 9907
"/Engine/EngineMaterials/Substrate/Glints2/dict_0001_0200" 9908
"/Engine/EngineMaterials/Substrate/Glints2/dict_0001_0201" 9909
"/Engine/EngineMaterials/Substrate/Glints2/dict_0001_0202" 9910
"/Engine/EngineMaterials/Substrate/Glints2/dict_0001_0203" 9911
"/Engine/EngineMaterials/Substrate/Glints2/dict_0001_0204" 9912
"/Engine/EngineMaterials/Substrate/Glints2/dict_0001_0205" 9913
"/Engine/EngineMaterials/Substrate/Glints2/dict_0001_0206" 9914
"../../../Engine/Content/EngineMaterials/Substrate/Glints2/dict_0001_0174.uasset" 9915
"/Engine/EngineMaterials/Substrate/Glints2/dict_0001_0175" 9916
"../../../Engine/Content/EngineMaterials/Substrate/Glints2/dict_0001_0173.uasset" 9917
"../../../Engine/Content/EngineMaterials/Substrate/Glints2/dict_0001_0172.uasset" 9918
"../../../Engine/Content/EngineMaterials/Substrate/Glints2/dict_0001_0171.uasset" 9919
"../../../Engine/Content/EngineMaterials/Substrate/Glints2/dict_0001_0169.uasset" 9920
"../../../Engine/Content/EngineMaterials/Substrate/Glints2/dict_0001_0170.uasset" 9921
"../../../Engine/Content/EngineMaterials/Substrate/Glints2/dict_0001_0168.uasset" 9922
"/Engine/EngineMaterials/Substrate/Glints2/dict_0001_0176" 9923
"../../../Engine/Content/EngineMaterials/Substrate/Glints2/dict_0001_0167.uasset" 9924
"../../../Engine/Content/EngineMaterials/Substrate/Glints2/dict_0001_0166.uasset" 9925
"../../../Engine/Content/EngineMaterials/Substrate/Glints2/dict_0001_0165.uasset" 9926
"../../../Engine/Content/EngineMaterials/Substrate/Glints2/dict_0001_0164.uasset" 9927
"../../../Engine/Content/EngineMaterials/Substrate/Glints2/dict_0001_0163.uasset" 9928
"/Engine/EngineMaterials/Substrate/Glints2/dict_0001_0177" 9929
"../../../Engine/Content/EngineMaterials/Substrate/Glints2/dict_0001_0162.uasset" 9930
"../../../Engine/Content/EngineMaterials/Substrate/Glints2/dict_0001_0161.uasset" 9931
"../../../Engine/Content/EngineMaterials/Substrate/Glints2/dict_0001_0160.uasset" 9932
"../../../Engine/Content/EngineMaterials/Substrate/Glints2/dict_0001_0159.uasset" 9933
"../../../Engine/Content/EngineMaterials/Substrate/Glints2/dict_0001_0158.uasset" 9934
"../../../Engine/Content/EngineMaterials/Substrate/Glints2/dict_0001_0157.uasset" 9935
"../../../Engine/Content/EngineMaterials/Substrate/Glints2/dict_0001_0156.uasset" 9936
"../../../Engine/Content/EngineMaterials/Substrate/Glints2/dict_0001_0155.uasset" 9937
"/Engine/EngineMaterials/Substrate/Glints2/dict_0001_0178" 9938
"../../../Engine/Content/EngineMaterials/Substrate/Glints2/dict_0001_0154.uasset" 9939
"../../../Engine/Content/EngineMaterials/Substrate/Glints2/dict_0001_0153.uasset" 9940
"../../../Engine/Content/EngineMaterials/Substrate/Glints2/dict_0001_0152.uasset" 9941
"/Engine/EngineMaterials/Substrate/Glints2/dict_0001_0179" 9942
"/Engine/EngineMaterials/Substrate/Glints2/dict_0001_0180" 9943
"/Engine/EngineMaterials/Substrate/Glints2/dict_0001_0181" 9944
"/Engine/EngineMaterials/Substrate/Glints2/dict_0001_0182" 9945
"/Engine/EngineMaterials/Substrate/Glints2/dict_0001_0183" 9946
"../../../Engine/Content/EngineMaterials/Substrate/Glints2/dict_0001_0150.uasset" 9947
"../../../Engine/Content/EngineMaterials/Substrate/Glints2/dict_0001_0151.uasset" 9948
"/Engine/EngineMaterials/Substrate/Glints2/dict_0001_0152" 9949
"../../../Engine/Content/EngineMaterials/Substrate/Glints2/dict_0001_0149.uasset" 9950
"../../../Engine/Content/EngineMaterials/Substrate/Glints2/dict_0001_0147.uasset" 9951
"../../../Engine/Content/EngineMaterials/Substrate/Glints2/dict_0001_0148.uasset" 9952
"../../../Engine/Content/EngineMaterials/Substrate/Glints2/dict_0001_0146.uasset" 9953
"../../../Engine/Content/EngineMaterials/Substrate/Glints2/dict_0001_0145.uasset" 9954
"../../../Engine/Content/EngineMaterials/Substrate/Glints2/dict_0001_0144.uasset" 9955
"../../../Engine/Content/EngineMaterials/Substrate/Glints2/dict_0001_0143.uasset" 9956
"/Engine/EngineMaterials/Substrate/Glints2/dict_0001_0153" 9957
"/Engine/EngineMaterials/Substrate/Glints2/dict_0001_0154" 9958
"/Engine/EngineMaterials/Substrate/Glints2/dict_0001_0155" 9959
"/Engine/EngineMaterials/Substrate/Glints2/dict_0001_0156" 9960
"/Engine/EngineMaterials/Substrate/Glints2/dict_0001_0157" 9961
"/Engine/EngineMaterials/Substrate/Glints2/dict_0001_0158" 9962
"/Engine/EngineMaterials/Substrate/Glints2/dict_0001_0159" 9963
"/Engine/EngineMaterials/Substrate/Glints2/dict_0001_0160" 9964
"/Engine/EngineMaterials/Substrate/Glints2/dict_0001_0161" 9965
"/Engine/EngineMaterials/Substrate/Glints2/dict_0001_0162" 9966
"/Engine/EngineMaterials/Substrate/Glints2/dict_0001_0163" 9967
"/Engine/EngineMaterials/Substrate/Glints2/dict_0001_0164" 9968
"/Engine/EngineMaterials/Substrate/Glints2/dict_0001_0165" 9969
"/Engine/EngineMaterials/Substrate/Glints2/dict_0001_0166" 9970
"/Engine/EngineMaterials/Substrate/Glints2/dict_0001_0167" 9971
"/Engine/EngineMaterials/Substrate/Glints2/dict_0001_0168" 9972
"/Engine/EngineMaterials/Substrate/Glints2/dict_0001_0169" 9973
"/Engine/EngineMaterials/Substrate/Glints2/dict_0001_0170" 9974
"/Engine/EngineMaterials/Substrate/Glints2/dict_0001_0171" 9975
"/Engine/EngineMaterials/Substrate/Glints2/dict_0001_0172" 9976
"/Engine/EngineMaterials/Substrate/Glints2/dict_0001_0173" 9977
"/Engine/EngineMaterials/Substrate/Glints2/dict_0001_0174" 9978
"../../../Engine/Content/EngineMaterials/Substrate/Glints2/dict_0001_0142.uasset" 9979
"../../../Engine/Content/EngineMaterials/Substrate/Glints2/dict_0001_0141.uasset" 9980
"/Engine/EngineMaterials/Substrate/Glints2/dict_0001_0143" 9981
"../../../Engine/Content/EngineMaterials/Substrate/Glints2/dict_0001_0140.uasset" 9982
"../../../Engine/Content/EngineMaterials/Substrate/Glints2/dict_0001_0138.uasset" 9983
"../../../Engine/Content/EngineMaterials/Substrate/Glints2/dict_0001_0139.uasset" 9984
"../../../Engine/Content/EngineMaterials/Substrate/Glints2/dict_0001_0137.uasset" 9985
"../../../Engine/Content/EngineMaterials/Substrate/Glints2/dict_0001_0135.uasset" 9986
"../../../Engine/Content/EngineMaterials/Substrate/Glints2/dict_0001_0136.uasset" 9987
"../../../Engine/Content/EngineMaterials/Substrate/Glints2/dict_0001_0134.uasset" 9988
"/Engine/EngineMaterials/Substrate/Glints2/dict_0001_0144" 9989
"../../../Engine/Content/EngineMaterials/Substrate/Glints2/dict_0001_0133.uasset" 9990
"../../../Engine/Content/EngineMaterials/Substrate/Glints2/dict_0001_0132.uasset" 9991
"../../../Engine/Content/EngineMaterials/Substrate/Glints2/dict_0001_0131.uasset" 9992
"../../../Engine/Content/EngineMaterials/Substrate/Glints2/dict_0001_0130.uasset" 9993
"../../../Engine/Content/EngineMaterials/Substrate/Glints2/dict_0001_0129.uasset" 9994
"../../../Engine/Content/EngineMaterials/Substrate/Glints2/dict_0001_0128.uasset" 9995
"/Engine/EngineMaterials/Substrate/Glints2/dict_0001_0145" 9996
"../../../Engine/Content/EngineMaterials/Substrate/Glints2/dict_0001_0127.uasset" 9997
"../../../Engine/Content/EngineMaterials/Substrate/Glints2/dict_0001_0125.uasset" 9998
"../../../Engine/Content/EngineMaterials/Substrate/Glints2/dict_0001_0126.uasset" 9999
"../../../Engine/Content/EngineMaterials/Substrate/Glints2/dict_0001_0124.uasset" 10000
"../../../Engine/Content/EngineMaterials/Substrate/Glints2/dict_0001_0122.uasset" 10001
"../../../Engine/Content/EngineMaterials/Substrate/Glints2/dict_0001_0123.uasset" 10002
"/Engine/EngineMaterials/Substrate/Glints2/dict_0001_0146" 10003
"../../../Engine/Content/EngineMaterials/Substrate/Glints2/dict_0001_0121.uasset" 10004
"../../../Engine/Content/EngineMaterials/Substrate/Glints2/dict_0001_0120.uasset" 10005
"/Engine/EngineMaterials/Substrate/Glints2/dict_0001_0147" 10006
"/Engine/EngineMaterials/Substrate/Glints2/dict_0001_0148" 10007
"/Engine/EngineMaterials/Substrate/Glints2/dict_0001_0149" 10008
"/Engine/EngineMaterials/Substrate/Glints2/dict_0001_0150" 10009
"/Engine/EngineMaterials/Substrate/Glints2/dict_0001_0151" 10010
"../../../Engine/Content/EngineMaterials/Substrate/Glints2/dict_0001_0119.uasset" 10011
"../../../Engine/Content/EngineMaterials/Substrate/Glints2/dict_0001_0118.uasset" 10012
"../../../Engine/Content/EngineMaterials/Substrate/Glints2/dict_0001_0117.uasset" 10013
"../../../Engine/Content/EngineMaterials/Substrate/Glints2/dict_0001_0116.uasset" 10014
"/Engine/EngineMaterials/Substrate/Glints2/dict_0001_0120" 10015
"../../../Engine/Content/EngineMaterials/Substrate/Glints2/dict_0001_0115.uasset" 10016
"../../../Engine/Content/EngineMaterials/Substrate/Glints2/dict_0001_0114.uasset" 10017
"../../../Engine/Content/EngineMaterials/Substrate/Glints2/dict_0001_0113.uasset" 10018
"../../../Engine/Content/EngineMaterials/Substrate/Glints2/dict_0001_0112.uasset" 10019
"../../../Engine/Content/EngineMaterials/Substrate/Glints2/dict_0001_0111.uasset" 10020
"/Engine/EngineMaterials/Substrate/Glints2/dict_0001_0121" 10021
"/Engine/EngineMaterials/Substrate/Glints2/dict_0001_0122" 10022
"/Engine/EngineMaterials/Substrate/Glints2/dict_0001_0123" 10023
"/Engine/EngineMaterials/Substrate/Glints2/dict_0001_0124" 10024
"/Engine/EngineMaterials/Substrate/Glints2/dict_0001_0125" 10025
"/Engine/EngineMaterials/Substrate/Glints2/dict_0001_0126" 10026
"/Engine/EngineMaterials/Substrate/Glints2/dict_0001_0127" 10027
"/Engine/EngineMaterials/Substrate/Glints2/dict_0001_0128" 10028
"/Engine/EngineMaterials/Substrate/Glints2/dict_0001_0129" 10029
"/Engine/EngineMaterials/Substrate/Glints2/dict_0001_0130" 10030
"/Engine/EngineMaterials/Substrate/Glints2/dict_0001_0131" 10031
"/Engine/EngineMaterials/Substrate/Glints2/dict_0001_0118" 10032
"/Engine/EngineMaterials/Substrate/Glints2/dict_0001_0132" 10033
"/Engine/EngineMaterials/Substrate/Glints2/dict_0001_0133" 10034
"/Engine/EngineMaterials/Substrate/Glints2/dict_0001_0134" 10035
"/Engine/EngineMaterials/Substrate/Glints2/dict_0001_0135" 10036
"/Engine/EngineMaterials/Substrate/Glints2/dict_0001_0136" 10037
"/Engine/EngineMaterials/Substrate/Glints2/dict_0001_0137" 10038
"/Engine/EngineMaterials/Substrate/Glints2/dict_0001_0138" 10039
"/Engine/EngineMaterials/Substrate/Glints2/dict_0001_0139" 10040
"/Engine/EngineMaterials/Substrate/Glints2/dict_0001_0140" 10041
"/Engine/EngineMaterials/Substrate/Glints2/dict_0001_0141" 10042
"/Engine/EngineMaterials/Substrate/Glints2/dict_0001_0119" 10043
"/Engine/EngineMaterials/Substrate/Glints2/dict_0001_0142" 10044
"../../../Engine/Content/EngineMaterials/Substrate/Glints2/dict_0001_0109.uasset" 10045
"../../../Engine/Content/EngineMaterials/Substrate/Glints2/dict_0001_0110.uasset" 10046
"/Engine/EngineMaterials/Substrate/Glints2/dict_0001_0111" 10047
"../../../Engine/Content/EngineMaterials/Substrate/Glints2/dict_0001_0108.uasset" 10048
"../../../Engine/Content/EngineMaterials/Substrate/Glints2/dict_0001_0107.uasset" 10049
"../../../Engine/Content/EngineMaterials/Substrate/Glints2/dict_0001_0106.uasset" 10050
"../../../Engine/Content/EngineMaterials/Substrate/Glints2/dict_0001_0105.uasset" 10051
"../../../Engine/Content/EngineMaterials/Substrate/Glints2/dict_0001_0103.uasset" 10052
"../../../Engine/Content/EngineMaterials/Substrate/Glints2/dict_0001_0104.uasset" 10053
"/Engine/EngineMaterials/Substrate/Glints2/dict_0001_0112" 10054
"../../../Engine/Content/EngineMaterials/Substrate/Glints2/dict_0001_0102.uasset" 10055
"../../../Engine/Content/EngineMaterials/Substrate/Glints2/dict_0001_0101.uasset" 10056
"../../../Engine/Content/EngineMaterials/Substrate/Glints2/dict_0001_0100.uasset" 10057
"../../../Engine/Content/EngineMaterials/Substrate/Glints2/dict_0001_0099.uasset" 10058
"../../../Engine/Content/EngineMaterials/Substrate/Glints2/dict_0001_0098.uasset" 10059
"../../../Engine/Content/EngineMaterials/Substrate/Glints2/dict_0001_0097.uasset" 10060
"../../../Engine/Content/EngineMaterials/Substrate/Glints2/dict_0001_0096.uasset" 10061
"../../../Engine/Content/EngineMaterials/Substrate/Glints2/dict_0001_0095.uasset" 10062
"../../../Engine/Content/EngineMaterials/Substrate/Glints2/dict_0001_0094.uasset" 10063
"/Engine/EngineMaterials/Substrate/Glints2/dict_0001_0113" 10064
"../../../Engine/Content/EngineMaterials/Substrate/Glints2/dict_0001_0093.uasset" 10065
"../../../Engine/Content/EngineMaterials/Substrate/Glints2/dict_0001_0092.uasset" 10066
"../../../Engine/Content/EngineMaterials/Substrate/Glints2/dict_0001_0091.uasset" 10067
"../../../Engine/Content/EngineMaterials/Substrate/Glints2/dict_0001_0090.uasset" 10068
"../../../Engine/Content/EngineMaterials/Substrate/Glints2/dict_0001_0089.uasset" 10069
"../../../Engine/Content/EngineMaterials/Substrate/Glints2/dict_0001_0088.uasset" 10070
"../../../Engine/Content/EngineMaterials/Substrate/Glints2/dict_0001_0087.uasset" 10071
"../../../Engine/Content/EngineMaterials/Substrate/Glints2/dict_0001_0086.uasset" 10072
"/Engine/EngineMaterials/Substrate/Glints2/dict_0001_0114" 10073
"/Engine/EngineMaterials/Substrate/Glints2/dict_0001_0115" 10074
"/Engine/EngineMaterials/Substrate/Glints2/dict_0001_0116" 10075
"/Engine/EngineMaterials/Substrate/Glints2/dict_0001_0117" 10076
"../../../Engine/Content/EngineMaterials/Substrate/Glints2/dict_0001_0085.uasset" 10077
"/Engine/EngineMaterials/Substrate/Glints2/dict_0001_0086" 10078
"../../../Engine/Content/EngineMaterials/Substrate/Glints2/dict_0001_0084.uasset" 10079
"../../../Engine/Content/EngineMaterials/Substrate/Glints2/dict_0001_0083.uasset" 10080
"../../../Engine/Content/EngineMaterials/Substrate/Glints2/dict_0001_0082.uasset" 10081
"../../../Engine/Content/EngineMaterials/Substrate/Glints2/dict_0001_0080.uasset" 10082
"../../../Engine/Content/EngineMaterials/Substrate/Glints2/dict_0001_0081.uasset" 10083
"../../../Engine/Content/EngineMaterials/Substrate/Glints2/dict_0001_0079.uasset" 10084
"/Engine/EngineMaterials/Substrate/Glints2/dict_0001_0087" 10085
"/Engine/EngineMaterials/Substrate/Glints2/dict_0001_0088" 10086
"/Engine/EngineMaterials/Substrate/Glints2/dict_0001_0089" 10087
"/Engine/EngineMaterials/Substrate/Glints2/dict_0001_0090" 10088
"/Engine/EngineMaterials/Substrate/Glints2/dict_0001_0091" 10089
"/Engine/EngineMaterials/Substrate/Glints2/dict_0001_0092" 10090
"/Engine/EngineMaterials/Substrate/Glints2/dict_0001_0093" 10091
"/Engine/EngineMaterials/Substrate/Glints2/dict_0001_0094" 10092
"/Engine/EngineMaterials/Substrate/Glints2/dict_0001_0095" 10093
"/Engine/EngineMaterials/Substrate/Glints2/dict_0001_0096" 10094
"/Engine/EngineMaterials/Substrate/Glints2/dict_0001_0097" 10095
"/Engine/EngineMaterials/Substrate/Glints2/dict_0001_0098" 10096
"/Engine/EngineMaterials/Substrate/Glints2/dict_0001_0099" 10097
"/Engine/EngineMaterials/Substrate/Glints2/dict_0001_0100" 10098
"/Engine/EngineMaterials/Substrate/Glints2/dict_0001_0101" 10099
"/Engine/EngineMaterials/Substrate/Glints2/dict_0001_0102" 10100
"/Engine/EngineMaterials/Substrate/Glints2/dict_0001_0103" 10101
"/Engine/EngineMaterials/Substrate/Glints2/dict_0001_0104" 10102
"/Engine/EngineMaterials/Substrate/Glints2/dict_0001_0105" 10103
"/Engine/EngineMaterials/Substrate/Glints2/dict_0001_0106" 10104
"/Engine/EngineMaterials/Substrate/Glints2/dict_0001_0107" 10105
"/Engine/EngineMaterials/Substrate/Glints2/dict_0001_0108" 10106
"/Engine/EngineMaterials/Substrate/Glints2/dict_0001_0109" 10107
"/Engine/EngineMaterials/Substrate/Glints2/dict_0001_0110" 10108
"../../../Engine/Content/EngineMaterials/Substrate/Glints2/dict_0001_0078.uasset" 10109
"../../../Engine/Content/EngineMaterials/Substrate/Glints2/dict_0001_0077.uasset" 10110
"/Engine/EngineMaterials/Substrate/Glints2/dict_0001_0079" 10111
"../../../Engine/Content/EngineMaterials/Substrate/Glints2/dict_0001_0076.uasset" 10112
"../../../Engine/Content/EngineMaterials/Substrate/Glints2/dict_0001_0074.uasset" 10113
"../../../Engine/Content/EngineMaterials/Substrate/Glints2/dict_0001_0075.uasset" 10114
"../../../Engine/Content/EngineMaterials/Substrate/Glints2/dict_0001_0073.uasset" 10115
"../../../Engine/Content/EngineMaterials/Substrate/Glints2/dict_0001_0072.uasset" 10116
"/Engine/EngineMaterials/Substrate/Glints2/dict_0001_0080" 10117
"../../../Engine/Content/EngineMaterials/Substrate/Glints2/dict_0001_0070.uasset" 10118
"../../../Engine/Content/EngineMaterials/Substrate/Glints2/dict_0001_0071.uasset" 10119
"../../../Engine/Content/EngineMaterials/Substrate/Glints2/dict_0001_0069.uasset" 10120
"../../../Engine/Content/EngineMaterials/Substrate/Glints2/dict_0001_0067.uasset" 10121
"../../../Engine/Content/EngineMaterials/Substrate/Glints2/dict_0001_0068.uasset" 10122
"../../../Engine/Content/EngineMaterials/Substrate/Glints2/dict_0001_0066.uasset" 10123
"../../../Engine/Content/EngineMaterials/Substrate/Glints2/dict_0001_0065.uasset" 10124
"/Engine/EngineMaterials/Substrate/Glints2/dict_0001_0081" 10125
"../../../Engine/Content/EngineMaterials/Substrate/Glints2/dict_0001_0064.uasset" 10126
"../../../Engine/Content/EngineMaterials/Substrate/Glints2/dict_0001_0063.uasset" 10127
"../../../Engine/Content/EngineMaterials/Substrate/Glints2/dict_0001_0062.uasset" 10128
"../../../Engine/Content/EngineMaterials/Substrate/Glints2/dict_0001_0061.uasset" 10129
"../../../Engine/Content/EngineMaterials/Substrate/Glints2/dict_0001_0060.uasset" 10130
"../../../Engine/Content/EngineMaterials/Substrate/Glints2/dict_0001_0059.uasset" 10131
"/Engine/EngineMaterials/Substrate/Glints2/dict_0001_0082" 10132
"../../../Engine/Content/EngineMaterials/Substrate/Glints2/dict_0001_0057.uasset" 10133
"../../../Engine/Content/EngineMaterials/Substrate/Glints2/dict_0001_0058.uasset" 10134
"../../../Engine/Content/EngineMaterials/Substrate/Glints2/dict_0001_0056.uasset" 10135
"../../../Engine/Content/EngineMaterials/Substrate/Glints2/dict_0001_0054.uasset" 10136
"../../../Engine/Content/EngineMaterials/Substrate/Glints2/dict_0001_0055.uasset" 10137
"/Engine/EngineMaterials/Substrate/Glints2/dict_0001_0083" 10138
"/Engine/EngineMaterials/Substrate/Glints2/dict_0001_0084" 10139
"/Engine/EngineMaterials/Substrate/Glints2/dict_0001_0085" 10140
"../../../Engine/Content/EngineMaterials/Substrate/Glints2/dict_0001_0053.uasset" 10141
"../../../Engine/Content/EngineMaterials/Substrate/Glints2/dict_0001_0052.uasset" 10142
"/Engine/EngineMaterials/Substrate/Glints2/dict_0001_0054" 10143
"../../../Engine/Content/EngineMaterials/Substrate/Glints2/dict_0001_0051.uasset" 10144
"../../../Engine/Content/EngineMaterials/Substrate/Glints2/dict_0001_0050.uasset" 10145
"../../../Engine/Content/EngineMaterials/Substrate/Glints2/dict_0001_0049.uasset" 10146
"../../../Engine/Content/EngineMaterials/Substrate/Glints2/dict_0001_0048.uasset" 10147
"../../../Engine/Content/EngineMaterials/Substrate/Glints2/dict_0001_0047.uasset" 10148
"/Engine/EngineMaterials/Substrate/Glints2/dict_0001_0055" 10149
"/Engine/EngineMaterials/Substrate/Glints2/dict_0001_0056" 10150
"/Engine/EngineMaterials/Substrate/Glints2/dict_0001_0057" 10151
"/Engine/EngineMaterials/Substrate/Glints2/dict_0001_0058" 10152
"/Engine/EngineMaterials/Substrate/Glints2/dict_0001_0059" 10153
"/Engine/EngineMaterials/Substrate/Glints2/dict_0001_0060" 10154
"/Engine/EngineMaterials/Substrate/Glints2/dict_0001_0061" 10155
"/Engine/EngineMaterials/Substrate/Glints2/dict_0001_0062" 10156
"/Engine/EngineMaterials/Substrate/Glints2/dict_0001_0063" 10157
"/Engine/EngineMaterials/Substrate/Glints2/dict_0001_0064" 10158
"/Engine/EngineMaterials/Substrate/Glints2/dict_0001_0065" 10159
"/Engine/EngineMaterials/Substrate/Glints2/dict_0001_0066" 10160
"/Engine/EngineMaterials/Substrate/Glints2/dict_0001_0067" 10161
"/Engine/EngineMaterials/Substrate/Glints2/dict_0001_0068" 10162
"/Engine/EngineMaterials/Substrate/Glints2/dict_0001_0069" 10163
"/Engine/EngineMaterials/Substrate/Glints2/dict_0001_0070" 10164
"/Engine/EngineMaterials/Substrate/Glints2/dict_0001_0071" 10165
"/Engine/EngineMaterials/Substrate/Glints2/dict_0001_0072" 10166
"/Engine/EngineMaterials/Substrate/Glints2/dict_0001_0073" 10167
"/Engine/EngineMaterials/Substrate/Glints2/dict_0001_0074" 10168
"/Engine/EngineMaterials/Substrate/Glints2/dict_0001_0075" 10169
"/Engine/EngineMaterials/Substrate/Glints2/dict_0001_0076" 10170
"/Engine/EngineMaterials/Substrate/Glints2/dict_0001_0077" 10171
"/Engine/EngineMaterials/Substrate/Glints2/dict_0001_0078" 10172
"../../../Engine/Content/EngineMaterials/Substrate/Glints2/dict_0001_0045.uasset" 10173
"../../../Engine/Content/EngineMaterials/Substrate/Glints2/dict_0001_0046.uasset" 10174
"/Engine/EngineMaterials/Substrate/Glints2/dict_0001_0047" 10175
"../../../Engine/Content/EngineMaterials/Substrate/Glints2/dict_0001_0044.uasset" 10176
"../../../Engine/Content/EngineMaterials/Substrate/Glints2/dict_0001_0043.uasset" 10177
"../../../Engine/Content/EngineMaterials/Substrate/Glints2/dict_0001_0042.uasset" 10178
"../../../Engine/Content/EngineMaterials/Substrate/Glints2/dict_0001_0041.uasset" 10179
"../../../Engine/Content/EngineMaterials/Substrate/Glints2/dict_0001_0040.uasset" 10180
"../../../Engine/Content/EngineMaterials/Substrate/Glints2/dict_0001_0039.uasset" 10181
"../../../Engine/Content/EngineMaterials/Substrate/Glints2/dict_0001_0038.uasset" 10182
"/Engine/EngineMaterials/Substrate/Glints2/dict_0001_0048" 10183
"../../../Engine/Content/EngineMaterials/Substrate/Glints2/dict_0001_0037.uasset" 10184
"../../../Engine/Content/EngineMaterials/Substrate/Glints2/dict_0001_0036.uasset" 10185
"../../../Engine/Content/EngineMaterials/Substrate/Glints2/dict_0001_0035.uasset" 10186
"../../../Engine/Content/EngineMaterials/Substrate/Glints2/dict_0001_0034.uasset" 10187
"../../../Engine/Content/EngineMaterials/Substrate/Glints2/dict_0001_0033.uasset" 10188
"../../../Engine/Content/EngineMaterials/Substrate/Glints2/dict_0001_0032.uasset" 10189
"../../../Engine/Content/EngineMaterials/Substrate/Glints2/dict_0001_0031.uasset" 10190
"../../../Engine/Content/EngineMaterials/Substrate/Glints2/dict_0001_0030.uasset" 10191
"../../../Engine/Content/EngineMaterials/Substrate/Glints2/dict_0001_0029.uasset" 10192
"../../../Engine/Content/EngineMaterials/Substrate/Glints2/dict_0001_0028.uasset" 10193
"/Engine/EngineMaterials/Substrate/Glints2/dict_0001_0049" 10194
"../../../Engine/Content/EngineMaterials/Substrate/Glints2/dict_0001_0027.uasset" 10195
"../../../Engine/Content/EngineMaterials/Substrate/Glints2/dict_0001_0026.uasset" 10196
"../../../Engine/Content/EngineMaterials/Substrate/Glints2/dict_0001_0025.uasset" 10197
"../../../Engine/Content/EngineMaterials/Substrate/Glints2/dict_0001_0024.uasset" 10198
"../../../Engine/Content/EngineMaterials/Substrate/Glints2/dict_0001_0023.uasset" 10199
"../../../Engine/Content/EngineMaterials/Substrate/Glints2/dict_0001_0022.uasset" 10200
"/Engine/EngineMaterials/Substrate/Glints2/dict_0001_0050" 10201
"/Engine/EngineMaterials/Substrate/Glints2/dict_0001_0051" 10202
"/Engine/EngineMaterials/Substrate/Glints2/dict_0001_0052" 10203
"/Engine/EngineMaterials/Substrate/Glints2/dict_0001_0053" 10204
"../../../Engine/Content/EngineMaterials/Substrate/Glints2/dict_0001_0021.uasset" 10205
"../../../Engine/Content/EngineMaterials/Substrate/Glints2/dict_0001_0020.uasset" 10206
"/Engine/EngineMaterials/Substrate/Glints2/dict_0001_0022" 10207
"../../../Engine/Content/EngineMaterials/Substrate/Glints2/dict_0001_0019.uasset" 10208
"../../../Engine/Content/EngineMaterials/Substrate/Glints2/dict_0001_0018.uasset" 10209
"../../../Engine/Content/EngineMaterials/Substrate/Glints2/dict_0001_0017.uasset" 10210
"../../../Engine/Content/EngineMaterials/Substrate/Glints2/dict_0001_0016.uasset" 10211
"../../../Engine/Content/EngineMaterials/Substrate/Glints2/dict_0001_0015.uasset" 10212
"/Engine/EngineMaterials/Substrate/Glints2/dict_0001_0023" 10213
"/Engine/EngineMaterials/Substrate/Glints2/dict_0001_0024" 10214
"/Engine/EngineMaterials/Substrate/Glints2/dict_0001_0025" 10215
"/Engine/EngineMaterials/Substrate/Glints2/dict_0001_0026" 10216
"/Engine/EngineMaterials/Substrate/Glints2/dict_0001_0027" 10217
"/Engine/EngineMaterials/Substrate/Glints2/dict_0001_0028" 10218
"/Engine/EngineMaterials/Substrate/Glints2/dict_0001_0029" 10219
"/Engine/EngineMaterials/Substrate/Glints2/dict_0001_0030" 10220
"/Engine/EngineMaterials/Substrate/Glints2/dict_0001_0031" 10221
"/Engine/EngineMaterials/Substrate/Glints2/dict_0001_0032" 10222
"/Engine/EngineMaterials/Substrate/Glints2/dict_0001_0033" 10223
"/Engine/EngineMaterials/Substrate/Glints2/dict_0001_0034" 10224
"/Engine/EngineMaterials/Substrate/Glints2/dict_0001_0035" 10225
"/Engine/EngineMaterials/Substrate/Glints2/dict_0001_0036" 10226
"/Engine/EngineMaterials/Substrate/Glints2/dict_0001_0037" 10227
"/Engine/EngineMaterials/Substrate/Glints2/dict_0001_0038" 10228
"/Engine/EngineMaterials/Substrate/Glints2/dict_0001_0039" 10229
"/Engine/EngineMaterials/Substrate/Glints2/dict_0001_0040" 10230
"/Engine/EngineMaterials/Substrate/Glints2/dict_0001_0041" 10231
"/Engine/EngineMaterials/Substrate/Glints2/dict_0001_0042" 10232
"/Engine/EngineMaterials/Substrate/Glints2/dict_0001_0043" 10233
"/Engine/EngineMaterials/Substrate/Glints2/dict_0001_0044" 10234
"/Engine/EngineMaterials/Substrate/Glints2/dict_0001_0045" 10235
"/Engine/EngineMaterials/Substrate/Glints2/dict_0001_0046" 10236
"../../../Engine/Content/EngineMaterials/Substrate/Glints2/dict_0001_0013.uasset" 10237
"../../../Engine/Content/EngineMaterials/Substrate/Glints2/dict_0001_0014.uasset" 10238
"/Engine/EngineMaterials/Substrate/Glints2/dict_0001_0015" 10239
"../../../Engine/Content/EngineMaterials/Substrate/Glints2/dict_0001_0012.uasset" 10240
"../../../Engine/Content/EngineMaterials/Substrate/Glints2/dict_0001_0011.uasset" 10241
"../../../Engine/Content/EngineMaterials/Substrate/Glints2/dict_0001_0010.uasset" 10242
"../../../Engine/Content/EngineMaterials/Substrate/Glints2/dict_0001_0009.uasset" 10243
"../../../Engine/Content/EngineMaterials/Substrate/Glints2/dict_0001_0008.uasset" 10244
"../../../Engine/Content/EngineMaterials/Substrate/Glints2/dict_0001_0007.uasset" 10245
"../../../Engine/Content/EngineMaterials/Substrate/Glints2/dict_0001_0006.uasset" 10246
"../../../Engine/Content/EngineMaterials/Substrate/Glints2/dict_0001_0005.uasset" 10247
"/Engine/EngineMaterials/Substrate/Glints2/dict_0001_0016" 10248
"../../../Engine/Content/EngineMaterials/Substrate/Glints2/dict_0001_0004.uasset" 10249
"../../../Engine/Content/EngineMaterials/Substrate/Glints2/dict_0001_0003.uasset" 10250
"../../../Engine/Content/EngineMaterials/Substrate/Glints2/dict_0001_0002.uasset" 10251
"../../../Engine/Content/EngineMaterials/Substrate/Glints2/dict_0001_0001.uasset" 10252
"../../../Engine/Content/EngineMaterials/Substrate/Glints2/dict_0001_0000.uasset" 10253
"../../../Engine/Content/EngineMaterials/Substrate/Glints2/dict_0000_0255.uasset" 10254
"../../../Engine/Content/EngineMaterials/Substrate/Glints2/dict_0000_0254.uasset" 10255
"../../../Engine/Content/EngineMaterials/Substrate/Glints2/dict_0000_0253.uasset" 10256
"/Engine/EngineMaterials/Substrate/Glints2/dict_0001_0017" 10257
"../../../Engine/Content/EngineMaterials/Substrate/Glints2/dict_0000_0252.uasset" 10258
"../../../Engine/Content/EngineMaterials/Substrate/Glints2/dict_0000_0251.uasset" 10259
"../../../Engine/Content/EngineMaterials/Substrate/Glints2/dict_0000_0250.uasset" 10260
"../../../Engine/Content/EngineMaterials/Substrate/Glints2/dict_0000_0249.uasset" 10261
"../../../Engine/Content/EngineMaterials/Substrate/Glints2/dict_0000_0248.uasset" 10262
"../../../Engine/Content/EngineMaterials/Substrate/Glints2/dict_0000_0247.uasset" 10263
"../../../Engine/Content/EngineMaterials/Substrate/Glints2/dict_0000_0246.uasset" 10264
"/Engine/EngineMaterials/Substrate/Glints2/dict_0001_0018" 10265
"/Engine/EngineMaterials/Substrate/Glints2/dict_0001_0019" 10266
"/Engine/EngineMaterials/Substrate/Glints2/dict_0001_0020" 10267
"/Engine/EngineMaterials/Substrate/Glints2/dict_0001_0021" 10268
"../../../Engine/Content/EngineMaterials/Substrate/Glints2/dict_0000_0245.uasset" 10269
"../../../Engine/Content/EngineMaterials/Substrate/Glints2/dict_0000_0244.uasset" 10270
"/Engine/EngineMaterials/Substrate/Glints2/dict_0000_0246" 10271
"../../../Engine/Content/EngineMaterials/Substrate/Glints2/dict_0000_0243.uasset" 10272
"../../../Engine/Content/EngineMaterials/Substrate/Glints2/dict_0000_0242.uasset" 10273
"../../../Engine/Content/EngineMaterials/Substrate/Glints2/dict_0000_0241.uasset" 10274
"../../../Engine/Content/EngineMaterials/Substrate/Glints2/dict_0000_0240.uasset" 10275
"../../../Engine/Content/EngineMaterials/Substrate/Glints2/dict_0000_0239.uasset" 10276
"/Engine/EngineMaterials/Substrate/Glints2/dict_0000_0247" 10277
"/Engine/EngineMaterials/Substrate/Glints2/dict_0000_0248" 10278
"/Engine/EngineMaterials/Substrate/Glints2/dict_0000_0249" 10279
"/Engine/EngineMaterials/Substrate/Glints2/dict_0000_0250" 10280
"/Engine/EngineMaterials/Substrate/Glints2/dict_0000_0251" 10281
"/Engine/EngineMaterials/Substrate/Glints2/dict_0000_0252" 10282
"/Engine/EngineMaterials/Substrate/Glints2/dict_0000_0253" 10283
"/Engine/EngineMaterials/Substrate/Glints2/dict_0000_0254" 10284
"/Engine/EngineMaterials/Substrate/Glints2/dict_0000_0255" 10285
"/Engine/EngineMaterials/Substrate/Glints2/dict_0001_0000" 10286
"/Engine/EngineMaterials/Substrate/Glints2/dict_0001_0001" 10287
"/Engine/EngineMaterials/Substrate/Glints2/dict_0001_0002" 10288
"/Engine/EngineMaterials/Substrate/Glints2/dict_0001_0003" 10289
"/Engine/EngineMaterials/Substrate/Glints2/dict_0001_0004" 10290
"/Engine/EngineMaterials/Substrate/Glints2/dict_0001_0005" 10291
"/Engine/EngineMaterials/Substrate/Glints2/dict_0001_0006" 10292
"/Engine/EngineMaterials/Substrate/Glints2/dict_0001_0007" 10293
"/Engine/EngineMaterials/Substrate/Glints2/dict_0001_0008" 10294
"/Engine/EngineMaterials/Substrate/Glints2/dict_0001_0009" 10295
"/Engine/EngineMaterials/Substrate/Glints2/dict_0001_0010" 10296
"/Engine/EngineMaterials/Substrate/Glints2/dict_0001_0011" 10297
"/Engine/EngineMaterials/Substrate/Glints2/dict_0001_0012" 10298
"/Engine/EngineMaterials/Substrate/Glints2/dict_0001_0013" 10299
"/Engine/EngineMaterials/Substrate/Glints2/dict_0001_0014" 10300
"../../../Engine/Content/EngineMaterials/Substrate/Glints2/dict_0000_0237.uasset" 10301
"../../../Engine/Content/EngineMaterials/Substrate/Glints2/dict_0000_0238.uasset" 10302
"/Engine/EngineMaterials/Substrate/Glints2/dict_0000_0239" 10303
"../../../Engine/Content/EngineMaterials/Substrate/Glints2/dict_0000_0236.uasset" 10304
"../../../Engine/Content/EngineMaterials/Substrate/Glints2/dict_0000_0235.uasset" 10305
"../../../Engine/Content/EngineMaterials/Substrate/Glints2/dict_0000_0233.uasset" 10306
"../../../Engine/Content/EngineMaterials/Substrate/Glints2/dict_0000_0234.uasset" 10307
"../../../Engine/Content/EngineMaterials/Substrate/Glints2/dict_0000_0232.uasset" 10308
"../../../Engine/Content/EngineMaterials/Substrate/Glints2/dict_0000_0231.uasset" 10309
"../../../Engine/Content/EngineMaterials/Substrate/Glints2/dict_0000_0230.uasset" 10310
"../../../Engine/Content/EngineMaterials/Substrate/Glints2/dict_0000_0229.uasset" 10311
"../../../Engine/Content/EngineMaterials/Substrate/Glints2/dict_0000_0228.uasset" 10312
"../../../Engine/Content/EngineMaterials/Substrate/Glints2/dict_0000_0227.uasset" 10313
"/Engine/EngineMaterials/Substrate/Glints2/dict_0000_0240" 10314
"../../../Engine/Content/EngineMaterials/Substrate/Glints2/dict_0000_0226.uasset" 10315
"../../../Engine/Content/EngineMaterials/Substrate/Glints2/dict_0000_0225.uasset" 10316
"../../../Engine/Content/EngineMaterials/Substrate/Glints2/dict_0000_0224.uasset" 10317
"../../../Engine/Content/EngineMaterials/Substrate/Glints2/dict_0000_0223.uasset" 10318
"../../../Engine/Content/EngineMaterials/Substrate/Glints2/dict_0000_0222.uasset" 10319
"../../../Engine/Content/EngineMaterials/Substrate/Glints2/dict_0000_0221.uasset" 10320
"../../../Engine/Content/EngineMaterials/Substrate/Glints2/dict_0000_0220.uasset" 10321
"../../../Engine/Content/EngineMaterials/Substrate/Glints2/dict_0000_0219.uasset" 10322
"../../../Engine/Content/EngineMaterials/Substrate/Glints2/dict_0000_0218.uasset" 10323
"../../../Engine/Content/EngineMaterials/Substrate/Glints2/dict_0000_0217.uasset" 10324
"../../../Engine/Content/EngineMaterials/Substrate/Glints2/dict_0000_0216.uasset" 10325
"/Engine/EngineMaterials/Substrate/Glints2/dict_0000_0241" 10326
"../../../Engine/Content/EngineMaterials/Substrate/Glints2/dict_0000_0215.uasset" 10327
"../../../Engine/Content/EngineMaterials/Substrate/Glints2/dict_0000_0214.uasset" 10328
"/Engine/EngineMaterials/Substrate/Glints2/dict_0000_0242" 10329
"/Engine/EngineMaterials/Substrate/Glints2/dict_0000_0243" 10330
"/Engine/EngineMaterials/Substrate/Glints2/dict_0000_0244" 10331
"/Engine/EngineMaterials/Substrate/Glints2/dict_0000_0245" 10332
"../../../Engine/Content/EngineMaterials/Substrate/Glints2/dict_0000_0213.uasset" 10333
"../../../Engine/Content/EngineMaterials/Substrate/Glints2/dict_0000_0212.uasset" 10334
"../../../Engine/Content/EngineMaterials/Substrate/Glints2/dict_0000_0211.uasset" 10335
"../../../Engine/Content/EngineMaterials/Substrate/Glints2/dict_0000_0210.uasset" 10336
"../../../Engine/Content/EngineMaterials/Substrate/Glints2/dict_0000_0209.uasset" 10337
"../../../Engine/Content/EngineMaterials/Substrate/Glints2/dict_0000_0208.uasset" 10338
"../../../Engine/Content/EngineMaterials/Substrate/Glints2/dict_0000_0207.uasset" 10339
"/Engine/EngineMaterials/Substrate/Glints2/dict_0000_0214" 10340
"/Engine/EngineMaterials/Substrate/Glints2/dict_0000_0215" 10341
"/Engine/EngineMaterials/Substrate/Glints2/dict_0000_0216" 10342
"/Engine/EngineMaterials/Substrate/Glints2/dict_0000_0217" 10343
"/Engine/EngineMaterials/Substrate/Glints2/dict_0000_0218" 10344
"/Engine/EngineMaterials/Substrate/Glints2/dict_0000_0219" 10345
"/Engine/EngineMaterials/Substrate/Glints2/dict_0000_0220" 10346
"/Engine/EngineMaterials/Substrate/Glints2/dict_0000_0221" 10347
"/Engine/EngineMaterials/Substrate/Glints2/dict_0000_0222" 10348
"/Engine/EngineMaterials/Substrate/Glints2/dict_0000_0223" 10349
"/Engine/EngineMaterials/Substrate/Glints2/dict_0000_0224" 10350
"/Engine/EngineMaterials/Substrate/Glints2/dict_0000_0225" 10351
"/Engine/EngineMaterials/Substrate/Glints2/dict_0000_0226" 10352
"/Engine/EngineMaterials/Substrate/Glints2/dict_0000_0227" 10353
"/Engine/EngineMaterials/Substrate/Glints2/dict_0000_0228" 10354
"/Engine/EngineMaterials/Substrate/Glints2/dict_0000_0229" 10355
"/Engine/EngineMaterials/Substrate/Glints2/dict_0000_0230" 10356
"/Engine/EngineMaterials/Substrate/Glints2/dict_0000_0231" 10357
"/Engine/EngineMaterials/Substrate/Glints2/dict_0000_0232" 10358
"/Engine/EngineMaterials/Substrate/Glints2/dict_0000_0233" 10359
"/Engine/EngineMaterials/Substrate/Glints2/dict_0000_0234" 10360
"/Engine/EngineMaterials/Substrate/Glints2/dict_0000_0235" 10361
"/Engine/EngineMaterials/Substrate/Glints2/dict_0000_0236" 10362
"/Engine/EngineMaterials/Substrate/Glints2/dict_0000_0237" 10363
"/Engine/EngineMaterials/Substrate/Glints2/dict_0000_0238" 10364
"../../../Engine/Content/EngineMaterials/Substrate/Glints2/dict_0000_0205.uasset" 10365
"../../../Engine/Content/EngineMaterials/Substrate/Glints2/dict_0000_0206.uasset" 10366
"/Engine/EngineMaterials/Substrate/Glints2/dict_0000_0207" 10367
"../../../Engine/Content/EngineMaterials/Substrate/Glints2/dict_0000_0203.uasset" 10368
"../../../Engine/Content/EngineMaterials/Substrate/Glints2/dict_0000_0204.uasset" 10369
"../../../Engine/Content/EngineMaterials/Substrate/Glints2/dict_0000_0201.uasset" 10370
"../../../Engine/Content/EngineMaterials/Substrate/Glints2/dict_0000_0202.uasset" 10371
"../../../Engine/Content/EngineMaterials/Substrate/Glints2/dict_0000_0200.uasset" 10372
"../../../Engine/Content/EngineMaterials/Substrate/Glints2/dict_0000_0199.uasset" 10373
"../../../Engine/Content/EngineMaterials/Substrate/Glints2/dict_0000_0198.uasset" 10374
"../../../Engine/Content/EngineMaterials/Substrate/Glints2/dict_0000_0197.uasset" 10375
"../../../Engine/Content/EngineMaterials/Substrate/Glints2/dict_0000_0196.uasset" 10376
"../../../Engine/Content/EngineMaterials/Substrate/Glints2/dict_0000_0194.uasset" 10377
"../../../Engine/Content/EngineMaterials/Substrate/Glints2/dict_0000_0195.uasset" 10378
"../../../Engine/Content/EngineMaterials/Substrate/Glints2/dict_0000_0193.uasset" 10379
"/Engine/EngineMaterials/Substrate/Glints2/dict_0000_0208" 10380
"../../../Engine/Content/EngineMaterials/Substrate/Glints2/dict_0000_0192.uasset" 10381
"../../../Engine/Content/EngineMaterials/Substrate/Glints2/dict_0000_0191.uasset" 10382
"../../../Engine/Content/EngineMaterials/Substrate/Glints2/dict_0000_0190.uasset" 10383
"../../../Engine/Content/EngineMaterials/Substrate/Glints2/dict_0000_0188.uasset" 10384
"../../../Engine/Content/EngineMaterials/Substrate/Glints2/dict_0000_0187.uasset" 10385
"../../../Engine/Content/EngineMaterials/Substrate/Glints2/dict_0000_0189.uasset" 10386
"../../../Engine/Content/EngineMaterials/Substrate/Glints2/dict_0000_0186.uasset" 10387
"../../../Engine/Content/EngineMaterials/Substrate/Glints2/dict_0000_0185.uasset" 10388
"../../../Engine/Content/EngineMaterials/Substrate/Glints2/dict_0000_0183.uasset" 10389
"../../../Engine/Content/EngineMaterials/Substrate/Glints2/dict_0000_0184.uasset" 10390
"../../../Engine/Content/EngineMaterials/Substrate/Glints2/dict_0000_0182.uasset" 10391
"/Engine/EngineMaterials/Substrate/Glints2/dict_0000_0209" 10392
"/Engine/EngineMaterials/Substrate/Glints2/dict_0000_0210" 10393
"/Engine/EngineMaterials/Substrate/Glints2/dict_0000_0211" 10394
"/Engine/EngineMaterials/Substrate/Glints2/dict_0000_0212" 10395
"/Engine/EngineMaterials/Substrate/Glints2/dict_0000_0213" 10396
"../../../Engine/Content/EngineMaterials/Substrate/Glints2/dict_0000_0181.uasset" 10397
"../../../Engine/Content/EngineMaterials/Substrate/Glints2/dict_0000_0180.uasset" 10398
"/Engine/EngineMaterials/Substrate/Glints2/dict_0000_0182" 10399
"../../../Engine/Content/EngineMaterials/Substrate/Glints2/dict_0000_0179.uasset" 10400
"../../../Engine/Content/EngineMaterials/Substrate/Glints2/dict_0000_0178.uasset" 10401
"../../../Engine/Content/EngineMaterials/Substrate/Glints2/dict_0000_0177.uasset" 10402
"../../../Engine/Content/EngineMaterials/Substrate/Glints2/dict_0000_0176.uasset" 10403
"../../../Engine/Content/EngineMaterials/Substrate/Glints2/dict_0000_0175.uasset" 10404
"/Engine/EngineMaterials/Substrate/Glints2/dict_0000_0183" 10405
"/Engine/EngineMaterials/Substrate/Glints2/dict_0000_0184" 10406
"/Engine/EngineMaterials/Substrate/Glints2/dict_0000_0185" 10407
"/Engine/EngineMaterials/Substrate/Glints2/dict_0000_0186" 10408
"/Engine/EngineMaterials/Substrate/Glints2/dict_0000_0187" 10409
"/Engine/EngineMaterials/Substrate/Glints2/dict_0000_0188" 10410
"/Engine/EngineMaterials/Substrate/Glints2/dict_0000_0189" 10411
"/Engine/EngineMaterials/Substrate/Glints2/dict_0000_0190" 10412
"/Engine/EngineMaterials/Substrate/Glints2/dict_0000_0191" 10413
"/Engine/EngineMaterials/Substrate/Glints2/dict_0000_0192" 10414
"/Engine/EngineMaterials/Substrate/Glints2/dict_0000_0193" 10415
"/Engine/EngineMaterials/Substrate/Glints2/dict_0000_0194" 10416
"/Engine/EngineMaterials/Substrate/Glints2/dict_0000_0195" 10417
"/Engine/EngineMaterials/Substrate/Glints2/dict_0000_0196" 10418
"/Engine/EngineMaterials/Substrate/Glints2/dict_0000_0197" 10419
"/Engine/EngineMaterials/Substrate/Glints2/dict_0000_0198" 10420
"/Engine/EngineMaterials/Substrate/Glints2/dict_0000_0199" 10421
"/Engine/EngineMaterials/Substrate/Glints2/dict_0000_0200" 10422
"/Engine/EngineMaterials/Substrate/Glints2/dict_0000_0201" 10423
"/Engine/EngineMaterials/Substrate/Glints2/dict_0000_0202" 10424
"/Engine/EngineMaterials/Substrate/Glints2/dict_0000_0203" 10425
"/Engine/EngineMaterials/Substrate/Glints2/dict_0000_0204" 10426
"/Engine/EngineMaterials/Substrate/Glints2/dict_0000_0205" 10427
"/Engine/EngineMaterials/Substrate/Glints2/dict_0000_0206" 10428
"../../../Engine/Content/EngineMaterials/Substrate/Glints2/dict_0000_0173.uasset" 10429
"../../../Engine/Content/EngineMaterials/Substrate/Glints2/dict_0000_0174.uasset" 10430
"/Engine/EngineMaterials/Substrate/Glints2/dict_0000_0175" 10431
"../../../Engine/Content/EngineMaterials/Substrate/Glints2/dict_0000_0172.uasset" 10432
"../../../Engine/Content/EngineMaterials/Substrate/Glints2/dict_0000_0171.uasset" 10433
"../../../Engine/Content/EngineMaterials/Substrate/Glints2/dict_0000_0170.uasset" 10434
"../../../Engine/Content/EngineMaterials/Substrate/Glints2/dict_0000_0169.uasset" 10435
"../../../Engine/Content/EngineMaterials/Substrate/Glints2/dict_0000_0168.uasset" 10436
"../../../Engine/Content/EngineMaterials/Substrate/Glints2/dict_0000_0167.uasset" 10437
"../../../Engine/Content/EngineMaterials/Substrate/Glints2/dict_0000_0165.uasset" 10438
"../../../Engine/Content/EngineMaterials/Substrate/Glints2/dict_0000_0166.uasset" 10439
"/Engine/EngineMaterials/Substrate/Glints2/dict_0000_0176" 10440
"../../../Engine/Content/EngineMaterials/Substrate/Glints2/dict_0000_0164.uasset" 10441
"../../../Engine/Content/EngineMaterials/Substrate/Glints2/dict_0000_0163.uasset" 10442
"../../../Engine/Content/EngineMaterials/Substrate/Glints2/dict_0000_0162.uasset" 10443
"../../../Engine/Content/EngineMaterials/Substrate/Glints2/dict_0000_0161.uasset" 10444
"../../../Engine/Content/EngineMaterials/Substrate/Glints2/dict_0000_0160.uasset" 10445
"../../../Engine/Content/EngineMaterials/Substrate/Glints2/dict_0000_0159.uasset" 10446
"../../../Engine/Content/EngineMaterials/Substrate/Glints2/dict_0000_0158.uasset" 10447
"../../../Engine/Content/EngineMaterials/Substrate/Glints2/dict_0000_0157.uasset" 10448
"/Engine/EngineMaterials/Substrate/Glints2/dict_0000_0177" 10449
"../../../Engine/Content/EngineMaterials/Substrate/Glints2/dict_0000_0156.uasset" 10450
"../../../Engine/Content/EngineMaterials/Substrate/Glints2/dict_0000_0155.uasset" 10451
"../../../Engine/Content/EngineMaterials/Substrate/Glints2/dict_0000_0154.uasset" 10452
"../../../Engine/Content/EngineMaterials/Substrate/Glints2/dict_0000_0153.uasset" 10453
"../../../Engine/Content/EngineMaterials/Substrate/Glints2/dict_0000_0152.uasset" 10454
"../../../Engine/Content/EngineMaterials/Substrate/Glints2/dict_0000_0151.uasset" 10455
"../../../Engine/Content/EngineMaterials/Substrate/Glints2/dict_0000_0150.uasset" 10456
"/Engine/EngineMaterials/Substrate/Glints2/dict_0000_0178" 10457
"/Engine/EngineMaterials/Substrate/Glints2/dict_0000_0179" 10458
"/Engine/EngineMaterials/Substrate/Glints2/dict_0000_0180" 10459
"/Engine/EngineMaterials/Substrate/Glints2/dict_0000_0181" 10460
"../../../Engine/Content/EngineMaterials/Substrate/Glints2/dict_0000_0149.uasset" 10461
"../../../Engine/Content/EngineMaterials/Substrate/Glints2/dict_0000_0148.uasset" 10462
"/Engine/EngineMaterials/Substrate/Glints2/dict_0000_0150" 10463
"../../../Engine/Content/EngineMaterials/Substrate/Glints2/dict_0000_0147.uasset" 10464
"../../../Engine/Content/EngineMaterials/Substrate/Glints2/dict_0000_0146.uasset" 10465
"../../../Engine/Content/EngineMaterials/Substrate/Glints2/dict_0000_0145.uasset" 10466
"../../../Engine/Content/EngineMaterials/Substrate/Glints2/dict_0000_0144.uasset" 10467
"../../../Engine/Content/EngineMaterials/Substrate/Glints2/dict_0000_0143.uasset" 10468
"/Engine/EngineMaterials/Substrate/Glints2/dict_0000_0151" 10469
"/Engine/EngineMaterials/Substrate/Glints2/dict_0000_0152" 10470
"/Engine/EngineMaterials/Substrate/Glints2/dict_0000_0153" 10471
"/Engine/EngineMaterials/Substrate/Glints2/dict_0000_0154" 10472
"/Engine/EngineMaterials/Substrate/Glints2/dict_0000_0155" 10473
"/Engine/EngineMaterials/Substrate/Glints2/dict_0000_0156" 10474
"/Engine/EngineMaterials/Substrate/Glints2/dict_0000_0157" 10475
"/Engine/EngineMaterials/Substrate/Glints2/dict_0000_0158" 10476
"/Engine/EngineMaterials/Substrate/Glints2/dict_0000_0159" 10477
"/Engine/EngineMaterials/Substrate/Glints2/dict_0000_0160" 10478
"/Engine/EngineMaterials/Substrate/Glints2/dict_0000_0161" 10479
"/Engine/EngineMaterials/Substrate/Glints2/dict_0000_0162" 10480
"/Engine/EngineMaterials/Substrate/Glints2/dict_0000_0163" 10481
"/Engine/EngineMaterials/Substrate/Glints2/dict_0000_0164" 10482
"/Engine/EngineMaterials/Substrate/Glints2/dict_0000_0165" 10483
"/Engine/EngineMaterials/Substrate/Glints2/dict_0000_0166" 10484
"/Engine/EngineMaterials/Substrate/Glints2/dict_0000_0167" 10485
"/Engine/EngineMaterials/Substrate/Glints2/dict_0000_0168" 10486
"/Engine/EngineMaterials/Substrate/Glints2/dict_0000_0169" 10487
"/Engine/EngineMaterials/Substrate/Glints2/dict_0000_0170" 10488
"/Engine/EngineMaterials/Substrate/Glints2/dict_0000_0171" 10489
"/Engine/EngineMaterials/Substrate/Glints2/dict_0000_0172" 10490
"/Engine/EngineMaterials/Substrate/Glints2/dict_0000_0173" 10491
"/Engine/EngineMaterials/Substrate/Glints2/dict_0000_0174" 10492
"../../../Engine/Content/EngineMaterials/Substrate/Glints2/dict_0000_0141.uasset" 10493
"../../../Engine/Content/EngineMaterials/Substrate/Glints2/dict_0000_0142.uasset" 10494
"/Engine/EngineMaterials/Substrate/Glints2/dict_0000_0143" 10495
"../../../Engine/Content/EngineMaterials/Substrate/Glints2/dict_0000_0140.uasset" 10496
"../../../Engine/Content/EngineMaterials/Substrate/Glints2/dict_0000_0139.uasset" 10497
"../../../Engine/Content/EngineMaterials/Substrate/Glints2/dict_0000_0138.uasset" 10498
"../../../Engine/Content/EngineMaterials/Substrate/Glints2/dict_0000_0137.uasset" 10499
"../../../Engine/Content/EngineMaterials/Substrate/Glints2/dict_0000_0136.uasset" 10500
"../../../Engine/Content/EngineMaterials/Substrate/Glints2/dict_0000_0135.uasset" 10501
"/Engine/EngineMaterials/Substrate/Glints2/dict_0000_0144" 10502
"../../../Engine/Content/EngineMaterials/Substrate/Glints2/dict_0000_0134.uasset" 10503
"../../../Engine/Content/EngineMaterials/Substrate/Glints2/dict_0000_0133.uasset" 10504
"../../../Engine/Content/EngineMaterials/Substrate/Glints2/dict_0000_0132.uasset" 10505
"../../../Engine/Content/EngineMaterials/Substrate/Glints2/dict_0000_0131.uasset" 10506
"../../../Engine/Content/EngineMaterials/Substrate/Glints2/dict_0000_0130.uasset" 10507
"../../../Engine/Content/EngineMaterials/Substrate/Glints2/dict_0000_0129.uasset" 10508
"../../../Engine/Content/EngineMaterials/Substrate/Glints2/dict_0000_0128.uasset" 10509
"../../../Engine/Content/EngineMaterials/Substrate/Glints2/dict_0000_0127.uasset" 10510
"../../../Engine/Content/EngineMaterials/Substrate/Glints2/dict_0000_0126.uasset" 10511
"../../../Engine/Content/EngineMaterials/Substrate/Glints2/dict_0000_0125.uasset" 10512
"/Engine/EngineMaterials/Substrate/Glints2/dict_0000_0145" 10513
"../../../Engine/Content/EngineMaterials/Substrate/Glints2/dict_0000_0123.uasset" 10514
"../../../Engine/Content/EngineMaterials/Substrate/Glints2/dict_0000_0124.uasset" 10515
"../../../Engine/Content/EngineMaterials/Substrate/Glints2/dict_0000_0122.uasset" 10516
"../../../Engine/Content/EngineMaterials/Substrate/Glints2/dict_0000_0121.uasset" 10517
"../../../Engine/Content/EngineMaterials/Substrate/Glints2/dict_0000_0120.uasset" 10518
"../../../Engine/Content/EngineMaterials/Substrate/Glints2/dict_0000_0118.uasset" 10519
"/Engine/EngineMaterials/Substrate/Glints2/dict_0000_0146" 10520
"../../../Engine/Content/EngineMaterials/Substrate/Glints2/dict_0000_0119.uasset" 10521
"/Engine/EngineMaterials/Substrate/Glints2/dict_0000_0147" 10522
"/Engine/EngineMaterials/Substrate/Glints2/dict_0000_0148" 10523
"/Engine/EngineMaterials/Substrate/Glints2/dict_0000_0149" 10524
"../../../Engine/Content/EngineMaterials/Substrate/Glints2/dict_0000_0117.uasset" 10525
"../../../Engine/Content/EngineMaterials/Substrate/Glints2/dict_0000_0116.uasset" 10526
"/Engine/EngineMaterials/Substrate/Glints2/dict_0000_0118" 10527
"../../../Engine/Content/EngineMaterials/Substrate/Glints2/dict_0000_0115.uasset" 10528
"../../../Engine/Content/EngineMaterials/Substrate/Glints2/dict_0000_0113.uasset" 10529
"../../../Engine/Content/EngineMaterials/Substrate/Glints2/dict_0000_0114.uasset" 10530
"../../../Engine/Content/EngineMaterials/Substrate/Glints2/dict_0000_0112.uasset" 10531
"/Engine/EngineMaterials/Substrate/Glints2/dict_0000_0119" 10532
"../../../Engine/Content/EngineMaterials/Substrate/Glints2/dict_0000_0111.uasset" 10533
"/Engine/EngineMaterials/Substrate/Glints2/dict_0000_0120" 10534
"/Engine/EngineMaterials/Substrate/Glints2/dict_0000_0121" 10535
"/Engine/EngineMaterials/Substrate/Glints2/dict_0000_0122" 10536
"/Engine/EngineMaterials/Substrate/Glints2/dict_0000_0123" 10537
"/Engine/EngineMaterials/Substrate/Glints2/dict_0000_0124" 10538
"/Engine/EngineMaterials/Substrate/Glints2/dict_0000_0125" 10539
"/Engine/EngineMaterials/Substrate/Glints2/dict_0000_0126" 10540
"/Engine/EngineMaterials/Substrate/Glints2/dict_0000_0127" 10541
"/Engine/EngineMaterials/Substrate/Glints2/dict_0000_0128" 10542
"/Engine/EngineMaterials/Substrate/Glints2/dict_0000_0129" 10543
"/Engine/EngineMaterials/Substrate/Glints2/dict_0000_0130" 10544
"/Engine/EngineMaterials/Substrate/Glints2/dict_0000_0131" 10545
"/Engine/EngineMaterials/Substrate/Glints2/dict_0000_0132" 10546
"/Engine/EngineMaterials/Substrate/Glints2/dict_0000_0133" 10547
"/Engine/EngineMaterials/Substrate/Glints2/dict_0000_0134" 10548
"/Engine/EngineMaterials/Substrate/Glints2/dict_0000_0135" 10549
"/Engine/EngineMaterials/Substrate/Glints2/dict_0000_0136" 10550
"/Engine/EngineMaterials/Substrate/Glints2/dict_0000_0137" 10551
"/Engine/EngineMaterials/Substrate/Glints2/dict_0000_0138" 10552
"/Engine/EngineMaterials/Substrate/Glints2/dict_0000_0139" 10553
"/Engine/EngineMaterials/Substrate/Glints2/dict_0000_0140" 10554
"/Engine/EngineMaterials/Substrate/Glints2/dict_0000_0141" 10555
"/Engine/EngineMaterials/Substrate/Glints2/dict_0000_0142" 10556
"../../../Engine/Content/EngineMaterials/Substrate/Glints2/dict_0000_0110.uasset" 10557
"../../../Engine/Content/EngineMaterials/Substrate/Glints2/dict_0000_0109.uasset" 10558
"/Engine/EngineMaterials/Substrate/Glints2/dict_0000_0111" 10559
"../../../Engine/Content/EngineMaterials/Substrate/Glints2/dict_0000_0108.uasset" 10560
"../../../Engine/Content/EngineMaterials/Substrate/Glints2/dict_0000_0107.uasset" 10561
"../../../Engine/Content/EngineMaterials/Substrate/Glints2/dict_0000_0106.uasset" 10562
"../../../Engine/Content/EngineMaterials/Substrate/Glints2/dict_0000_0105.uasset" 10563
"../../../Engine/Content/EngineMaterials/Substrate/Glints2/dict_0000_0103.uasset" 10564
"../../../Engine/Content/EngineMaterials/Substrate/Glints2/dict_0000_0104.uasset" 10565
"../../../Engine/Content/EngineMaterials/Substrate/Glints2/dict_0000_0102.uasset" 10566
"../../../Engine/Content/EngineMaterials/Substrate/Glints2/dict_0000_0101.uasset" 10567
"/Engine/EngineMaterials/Substrate/Glints2/dict_0000_0112" 10568
"../../../Engine/Content/EngineMaterials/Substrate/Glints2/dict_0000_0100.uasset" 10569
"../../../Engine/Content/EngineMaterials/Substrate/Glints2/dict_0000_0099.uasset" 10570
"../../../Engine/Content/EngineMaterials/Substrate/Glints2/dict_0000_0098.uasset" 10571
"../../../Engine/Content/EngineMaterials/Substrate/Glints2/dict_0000_0097.uasset" 10572
"../../../Engine/Content/EngineMaterials/Substrate/Glints2/dict_0000_0096.uasset" 10573
"../../../Engine/Content/EngineMaterials/Substrate/Glints2/dict_0000_0095.uasset" 10574
"../../../Engine/Content/EngineMaterials/Substrate/Glints2/dict_0000_0094.uasset" 10575
"../../../Engine/Content/EngineMaterials/Substrate/Glints2/dict_0000_0093.uasset" 10576
"../../../Engine/Content/EngineMaterials/Substrate/Glints2/dict_0000_0092.uasset" 10577
"../../../Engine/Content/EngineMaterials/Substrate/Glints2/dict_0000_0091.uasset" 10578
"/Engine/EngineMaterials/Substrate/Glints2/dict_0000_0113" 10579
"../../../Engine/Content/EngineMaterials/Substrate/Glints2/dict_0000_0090.uasset" 10580
"../../../Engine/Content/EngineMaterials/Substrate/Glints2/dict_0000_0089.uasset" 10581
"../../../Engine/Content/EngineMaterials/Substrate/Glints2/dict_0000_0088.uasset" 10582
"../../../Engine/Content/EngineMaterials/Substrate/Glints2/dict_0000_0087.uasset" 10583
"../../../Engine/Content/EngineMaterials/Substrate/Glints2/dict_0000_0086.uasset" 10584
"/Engine/EngineMaterials/Substrate/Glints2/dict_0000_0114" 10585
"/Engine/EngineMaterials/Substrate/Glints2/dict_0000_0115" 10586
"/Engine/EngineMaterials/Substrate/Glints2/dict_0000_0116" 10587
"/Engine/EngineMaterials/Substrate/Glints2/dict_0000_0117" 10588
"../../../Engine/Content/EngineMaterials/Substrate/Glints2/dict_0000_0085.uasset" 10589
"../../../Engine/Content/EngineMaterials/Substrate/Glints2/dict_0000_0084.uasset" 10590
"../../../Engine/Content/EngineMaterials/Substrate/Glints2/dict_0000_0083.uasset" 10591
"/Engine/EngineMaterials/Substrate/Glints2/dict_0000_0086" 10592
"../../../Engine/Content/EngineMaterials/Substrate/Glints2/dict_0000_0082.uasset" 10593
"../../../Engine/Content/EngineMaterials/Substrate/Glints2/dict_0000_0081.uasset" 10594
"../../../Engine/Content/EngineMaterials/Substrate/Glints2/dict_0000_0080.uasset" 10595
"../../../Engine/Content/EngineMaterials/Substrate/Glints2/dict_0000_0079.uasset" 10596
"/Engine/EngineMaterials/Substrate/Glints2/dict_0000_0087" 10597
"/Engine/EngineMaterials/Substrate/Glints2/dict_0000_0088" 10598
"/Engine/EngineMaterials/Substrate/Glints2/dict_0000_0089" 10599
"/Engine/EngineMaterials/Substrate/Glints2/dict_0000_0090" 10600
"/Engine/EngineMaterials/Substrate/Glints2/dict_0000_0091" 10601
"/Engine/EngineMaterials/Substrate/Glints2/dict_0000_0092" 10602
"/Engine/EngineMaterials/Substrate/Glints2/dict_0000_0093" 10603
"/Engine/EngineMaterials/Substrate/Glints2/dict_0000_0094" 10604
"/Engine/EngineMaterials/Substrate/Glints2/dict_0000_0095" 10605
"/Engine/EngineMaterials/Substrate/Glints2/dict_0000_0096" 10606
"/Engine/EngineMaterials/Substrate/Glints2/dict_0000_0097" 10607
"/Engine/EngineMaterials/Substrate/Glints2/dict_0000_0098" 10608
"/Engine/EngineMaterials/Substrate/Glints2/dict_0000_0099" 10609
"/Engine/EngineMaterials/Substrate/Glints2/dict_0000_0100" 10610
"/Engine/EngineMaterials/Substrate/Glints2/dict_0000_0101" 10611
"/Engine/EngineMaterials/Substrate/Glints2/dict_0000_0102" 10612
"/Engine/EngineMaterials/Substrate/Glints2/dict_0000_0103" 10613
"/Engine/EngineMaterials/Substrate/Glints2/dict_0000_0104" 10614
"/Engine/EngineMaterials/Substrate/Glints2/dict_0000_0105" 10615
"/Engine/EngineMaterials/Substrate/Glints2/dict_0000_0106" 10616
"/Engine/EngineMaterials/Substrate/Glints2/dict_0000_0107" 10617
"/Engine/EngineMaterials/Substrate/Glints2/dict_0000_0108" 10618
"/Engine/EngineMaterials/Substrate/Glints2/dict_0000_0109" 10619
"/Engine/EngineMaterials/Substrate/Glints2/dict_0000_0110" 10620
"../../../Engine/Content/EngineMaterials/Substrate/Glints2/dict_0000_0078.uasset" 10621
"../../../Engine/Content/EngineMaterials/Substrate/Glints2/dict_0000_0077.uasset" 10622
"/Engine/EngineMaterials/Substrate/Glints2/dict_0000_0079" 10623
"../../../Engine/Content/EngineMaterials/Substrate/Glints2/dict_0000_0076.uasset" 10624
"../../../Engine/Content/EngineMaterials/Substrate/Glints2/dict_0000_0075.uasset" 10625
"../../../Engine/Content/EngineMaterials/Substrate/Glints2/dict_0000_0074.uasset" 10626
"../../../Engine/Content/EngineMaterials/Substrate/Glints2/dict_0000_0073.uasset" 10627
"../../../Engine/Content/EngineMaterials/Substrate/Glints2/dict_0000_0071.uasset" 10628
"../../../Engine/Content/EngineMaterials/Substrate/Glints2/dict_0000_0072.uasset" 10629
"/Engine/EngineMaterials/Substrate/Glints2/dict_0000_0080" 10630
"../../../Engine/Content/EngineMaterials/Substrate/Glints2/dict_0000_0069.uasset" 10631
"../../../Engine/Content/EngineMaterials/Substrate/Glints2/dict_0000_0070.uasset" 10632
"../../../Engine/Content/EngineMaterials/Substrate/Glints2/dict_0000_0068.uasset" 10633
"../../../Engine/Content/EngineMaterials/Substrate/Glints2/dict_0000_0067.uasset" 10634
"../../../Engine/Content/EngineMaterials/Substrate/Glints2/dict_0000_0065.uasset" 10635
"../../../Engine/Content/EngineMaterials/Substrate/Glints2/dict_0000_0066.uasset" 10636
"../../../Engine/Content/EngineMaterials/Substrate/Glints2/dict_0000_0064.uasset" 10637
"../../../Engine/Content/EngineMaterials/Substrate/Glints2/dict_0000_0063.uasset" 10638
"../../../Engine/Content/EngineMaterials/Substrate/Glints2/dict_0000_0062.uasset" 10639
"/Engine/EngineMaterials/Substrate/Glints2/dict_0000_0081" 10640
"../../../Engine/Content/EngineMaterials/Substrate/Glints2/dict_0000_0061.uasset" 10641
"../../../Engine/Content/EngineMaterials/Substrate/Glints2/dict_0000_0060.uasset" 10642
"../../../Engine/Content/EngineMaterials/Substrate/Glints2/dict_0000_0059.uasset" 10643
"../../../Engine/Content/EngineMaterials/Substrate/Glints2/dict_0000_0058.uasset" 10644
"../../../Engine/Content/EngineMaterials/Substrate/Glints2/dict_0000_0057.uasset" 10645
"../../../Engine/Content/EngineMaterials/Substrate/Glints2/dict_0000_0056.uasset" 10646
"../../../Engine/Content/EngineMaterials/Substrate/Glints2/dict_0000_0055.uasset" 10647
"../../../Engine/Content/EngineMaterials/Substrate/Glints2/dict_0000_0054.uasset" 10648
"/Engine/EngineMaterials/Substrate/Glints2/dict_0000_0082" 10649
"/Engine/EngineMaterials/Substrate/Glints2/dict_0000_0083" 10650
"/Engine/EngineMaterials/Substrate/Glints2/dict_0000_0084" 10651
"/Engine/EngineMaterials/Substrate/Glints2/dict_0000_0085" 10652
"../../../Engine/Content/EngineMaterials/Substrate/Glints2/dict_0000_0053.uasset" 10653
"/Engine/EngineMaterials/Substrate/Glints2/dict_0000_0054" 10654
"../../../Engine/Content/EngineMaterials/Substrate/Glints2/dict_0000_0052.uasset" 10655
"../../../Engine/Content/EngineMaterials/Substrate/Glints2/dict_0000_0051.uasset" 10656
"../../../Engine/Content/EngineMaterials/Substrate/Glints2/dict_0000_0050.uasset" 10657
"../../../Engine/Content/EngineMaterials/Substrate/Glints2/dict_0000_0049.uasset" 10658
"../../../Engine/Content/EngineMaterials/Substrate/Glints2/dict_0000_0048.uasset" 10659
"../../../Engine/Content/EngineMaterials/Substrate/Glints2/dict_0000_0047.uasset" 10660
"/Engine/EngineMaterials/Substrate/Glints2/dict_0000_0055" 10661
"/Engine/EngineMaterials/Substrate/Glints2/dict_0000_0056" 10662
"/Engine/EngineMaterials/Substrate/Glints2/dict_0000_0057" 10663
"/Engine/EngineMaterials/Substrate/Glints2/dict_0000_0058" 10664
"/Engine/EngineMaterials/Substrate/Glints2/dict_0000_0059" 10665
"/Engine/EngineMaterials/Substrate/Glints2/dict_0000_0060" 10666
"/Engine/EngineMaterials/Substrate/Glints2/dict_0000_0061" 10667
"/Engine/EngineMaterials/Substrate/Glints2/dict_0000_0062" 10668
"/Engine/EngineMaterials/Substrate/Glints2/dict_0000_0063" 10669
"/Engine/EngineMaterials/Substrate/Glints2/dict_0000_0064" 10670
"/Engine/EngineMaterials/Substrate/Glints2/dict_0000_0065" 10671
"/Engine/EngineMaterials/Substrate/Glints2/dict_0000_0066" 10672
"/Engine/EngineMaterials/Substrate/Glints2/dict_0000_0067" 10673
"/Engine/EngineMaterials/Substrate/Glints2/dict_0000_0068" 10674
"/Engine/EngineMaterials/Substrate/Glints2/dict_0000_0069" 10675
"/Engine/EngineMaterials/Substrate/Glints2/dict_0000_0070" 10676
"/Engine/EngineMaterials/Substrate/Glints2/dict_0000_0071" 10677
"/Engine/EngineMaterials/Substrate/Glints2/dict_0000_0072" 10678
"/Engine/EngineMaterials/Substrate/Glints2/dict_0000_0073" 10679
"/Engine/EngineMaterials/Substrate/Glints2/dict_0000_0074" 10680
"/Engine/EngineMaterials/Substrate/Glints2/dict_0000_0075" 10681
"/Engine/EngineMaterials/Substrate/Glints2/dict_0000_0076" 10682
"/Engine/EngineMaterials/Substrate/Glints2/dict_0000_0077" 10683
"/Engine/EngineMaterials/Substrate/Glints2/dict_0000_0078" 10684
"../../../Engine/Content/EngineMaterials/Substrate/Glints2/dict_0000_0046.uasset" 10685
"../../../Engine/Content/EngineMaterials/Substrate/Glints2/dict_0000_0045.uasset" 10686
"/Engine/EngineMaterials/Substrate/Glints2/dict_0000_0047" 10687
"../../../Engine/Content/EngineMaterials/Substrate/Glints2/dict_0000_0044.uasset" 10688
"../../../Engine/Content/EngineMaterials/Substrate/Glints2/dict_0000_0043.uasset" 10689
"../../../Engine/Content/EngineMaterials/Substrate/Glints2/dict_0000_0042.uasset" 10690
"../../../Engine/Content/EngineMaterials/Substrate/Glints2/dict_0000_0041.uasset" 10691
"../../../Engine/Content/EngineMaterials/Substrate/Glints2/dict_0000_0040.uasset" 10692
"../../../Engine/Content/EngineMaterials/Substrate/Glints2/dict_0000_0039.uasset" 10693
"../../../Engine/Content/EngineMaterials/Substrate/Glints2/dict_0000_0038.uasset" 10694
"../../../Engine/Content/EngineMaterials/Substrate/Glints2/dict_0000_0037.uasset" 10695
"../../../Engine/Content/EngineMaterials/Substrate/Glints2/dict_0000_0036.uasset" 10696
"../../../Engine/Content/EngineMaterials/Substrate/Glints2/dict_0000_0035.uasset" 10697
"../../../Engine/Content/EngineMaterials/Substrate/Glints2/dict_0000_0034.uasset" 10698
"../../../Engine/Content/EngineMaterials/Substrate/Glints2/dict_0000_0033.uasset" 10699
"../../../Engine/Content/EngineMaterials/Substrate/Glints2/dict_0000_0031.uasset" 10700
"/Engine/EngineMaterials/Substrate/Glints2/dict_0000_0048" 10701
"../../../Engine/Content/EngineMaterials/Substrate/Glints2/dict_0000_0032.uasset" 10702
"../../../Engine/Content/EngineMaterials/Substrate/Glints2/dict_0000_0030.uasset" 10703
"../../../Engine/Content/EngineMaterials/Substrate/Glints2/dict_0000_0028.uasset" 10704
"../../../Engine/Content/EngineMaterials/Substrate/Glints2/dict_0000_0029.uasset" 10705
"../../../Engine/Content/EngineMaterials/Substrate/Glints2/dict_0000_0027.uasset" 10706
"../../../Engine/Content/EngineMaterials/Substrate/Glints2/dict_0000_0026.uasset" 10707
"../../../Engine/Content/EngineMaterials/Substrate/Glints2/dict_0000_0025.uasset" 10708
"../../../Engine/Content/EngineMaterials/Substrate/Glints2/dict_0000_0024.uasset" 10709
"../../../Engine/Content/EngineMaterials/Substrate/Glints2/dict_0000_0023.uasset" 10710
"../../../Engine/Content/EngineMaterials/Substrate/Glints2/dict_0000_0022.uasset" 10711
"/Engine/EngineMaterials/Substrate/Glints2/dict_0000_0049" 10712
"/Engine/EngineMaterials/Substrate/Glints2/dict_0000_0050" 10713
"/Engine/EngineMaterials/Substrate/Glints2/dict_0000_0051" 10714
"/Engine/EngineMaterials/Substrate/Glints2/dict_0000_0052" 10715
"/Engine/EngineMaterials/Substrate/Glints2/dict_0000_0053" 10716
"../../../Engine/Content/EngineMaterials/Substrate/Glints2/dict_0000_0021.uasset" 10717
"../../../Engine/Content/EngineMaterials/Substrate/Glints2/dict_0000_0020.uasset" 10718
"/Engine/EngineMaterials/Substrate/Glints2/dict_0000_0022" 10719
"../../../Engine/Content/EngineMaterials/Substrate/Glints2/dict_0000_0019.uasset" 10720
"../../../Engine/Content/EngineMaterials/Substrate/Glints2/dict_0000_0018.uasset" 10721
"../../../Engine/Content/EngineMaterials/Substrate/Glints2/dict_0000_0017.uasset" 10722
"/Engine/EngineMaterials/Substrate/Glints2/dict_0000_0023" 10723
"../../../Engine/Content/EngineMaterials/Substrate/Glints2/dict_0000_0016.uasset" 10724
"../../../Engine/Content/EngineMaterials/Substrate/Glints2/dict_0000_0015.uasset" 10725
"/Engine/EngineMaterials/Substrate/Glints2/dict_0000_0024" 10726
"/Engine/EngineMaterials/Substrate/Glints2/dict_0000_0025" 10727
"/Engine/EngineMaterials/Substrate/Glints2/dict_0000_0026" 10728
"/Engine/EngineMaterials/Substrate/Glints2/dict_0000_0027" 10729
"/Engine/EngineMaterials/Substrate/Glints2/dict_0000_0028" 10730
"/Engine/EngineMaterials/Substrate/Glints2/dict_0000_0029" 10731
"/Engine/EngineMaterials/Substrate/Glints2/dict_0000_0030" 10732
"/Engine/EngineMaterials/Substrate/Glints2/dict_0000_0031" 10733
"/Engine/EngineMaterials/Substrate/Glints2/dict_0000_0032" 10734
"/Engine/EngineMaterials/Substrate/Glints2/dict_0000_0033" 10735
"/Engine/EngineMaterials/Substrate/Glints2/dict_0000_0034" 10736
"/Engine/EngineMaterials/Substrate/Glints2/dict_0000_0035" 10737
"/Engine/EngineMaterials/Substrate/Glints2/dict_0000_0036" 10738
"/Engine/EngineMaterials/Substrate/Glints2/dict_0000_0037" 10739
"/Engine/EngineMaterials/Substrate/Glints2/dict_0000_0038" 10740
"/Engine/EngineMaterials/Substrate/Glints2/dict_0000_0039" 10741
"/Engine/EngineMaterials/Substrate/Glints2/dict_0000_0040" 10742
"/Engine/EngineMaterials/Substrate/Glints2/dict_0000_0041" 10743
"/Engine/EngineMaterials/Substrate/Glints2/dict_0000_0042" 10744
"/Engine/EngineMaterials/Substrate/Glints2/dict_0000_0043" 10745
"/Engine/EngineMaterials/Substrate/Glints2/dict_0000_0044" 10746
"/Engine/EngineMaterials/Substrate/Glints2/dict_0000_0045" 10747
"/Engine/EngineMaterials/Substrate/Glints2/dict_0000_0046" 10748
"../../../Engine/Content/EngineMaterials/Substrate/Glints2/dict_0000_0014.uasset" 10749
"../../../Engine/Content/EngineMaterials/Substrate/Glints2/dict_0000_0013.uasset" 10750
"/Engine/EngineMaterials/Substrate/Glints2/dict_0000_0015" 10751
"../../../Engine/Content/EngineMaterials/Substrate/Glints2/dict_0000_0011.uasset" 10752
"../../../Engine/Content/EngineMaterials/Substrate/Glints2/dict_0000_0012.uasset" 10753
"../../../Engine/Content/EngineMaterials/Substrate/Glints2/dict_0000_0010.uasset" 10754
"../../../Engine/Content/EngineMaterials/Substrate/Glints2/dict_0000_0009.uasset" 10755
"../../../Engine/Content/EngineMaterials/Substrate/Glints2/dict_0000_0008.uasset" 10756
"../../../Engine/Content/EngineMaterials/Substrate/Glints2/dict_0000_0007.uasset" 10757
"../../../Engine/Content/EngineMaterials/Substrate/Glints2/dict_0000_0006.uasset" 10758
"/Engine/EngineMaterials/Substrate/Glints2/dict_0000_0016" 10759
"../../../Engine/Content/EngineMaterials/Substrate/Glints2/dict_0000_0005.uasset" 10760
"../../../Engine/Content/EngineMaterials/Substrate/Glints2/dict_0000_0004.uasset" 10761
"../../../Engine/Content/EngineMaterials/Substrate/Glints2/dict_0000_0003.uasset" 10762
"../../../Engine/Content/EngineMaterials/Substrate/Glints2/dict_0000_0002.uasset" 10763
"../../../Engine/Content/EngineMaterials/Substrate/Glints2/dict_0000_0001.uasset" 10764
"../../../Engine/Content/EngineMaterials/Substrate/Glints2/dict_0000_0000.uasset" 10765
"../../../Engine/Content/EngineMaterials/Substrate/Glints2/AGlintTex2dArray2.uasset" 10766
"../../../Engine/Content/EngineMaterials/Substrate/Volume/SubstrateSimpleVolumeLUT2D.uasset" 10767
"/Engine/EngineMaterials/Substrate/Glints2/dict_0000_0017" 10768
"../../../Engine/Content/EngineMaterials/Substrate/Volume/SubstrateSimpleVolumeLUT3D.uasset" 10769
"../../../Engine/Content/EngineMaterials/Substrate/Volume/SubstrateSimpleVolumeEnvLUT2D.uasset" 10770
"../../../Engine/Content/EngineMaterials/Substrate/Volume/SubstrateSimpleVolumeEnvLUT3D.uasset" 10771
"../../../Engine/Content/EngineMaterials/DefaultCalibrationColor.uasset" 10772
"../../../Engine/Content/EngineMaterials/PPM_DefaultCalibrationColor.uasset" 10773
"../../../Engine/Content/EngineMaterials/DefaultCalibrationGrayscale.uasset" 10774
"/Engine/EngineMaterials/Substrate/Glints2/dict_0000_0018" 10775
"../../../Engine/Content/EngineMaterials/PPM_DefaultCalibrationGrayscale.uasset" 10776
"../../../Engine/Content/Functions/MaterialLayerFunctions/MatLayerBlend_OverrideOpacity.uasset" 10777
"/Engine/EngineMaterials/Substrate/Glints2/dict_0000_0019" 10778
"/Engine/EngineMaterials/Substrate/Glints2/dict_0000_0020" 10779
"/Engine/EngineMaterials/Substrate/Glints2/dict_0000_0021" 10780
"../../../Engine/Plugins/Interchange/Assets/Content/Functions/MX_Surface.uasset" 10781
"../../../Engine/Content/Functions/Engine_MaterialFunctions03/Procedurals/HeightToNormalSmooth.uasset" 10782
"../../../Engine/Content/Functions/Engine_MaterialFunctions02/Utility/BlendAngleCorrectedNormals.uasset" 10783
"../../../Engine/Plugins/Interchange/Assets/Content/Functions/MX_Displacement.uasset" 10784
"../../../Engine/Plugins/NNE/NNEDenoiser/Content/NNEDIM_ColorAlbedoNormal_Alpha.uasset" 10785
"/Engine/Functions/MaterialLayerFunctions/MatLayerBlend_OverrideOpacity" 10786
"../../../Engine/Plugins/NNE/NNEDenoiser/Content/NNEDIM_ColorAlbedoNormal_Default.uasset" 10787
"../../../Engine/Plugins/NNE/NNEDenoiser/Content/NNEDIM_HighQuality_Alpha.uasset" 10788
"/Engine/EngineMaterials/PPM_DefaultCalibrationGrayscale" 10789
"/Engine/EngineMaterials/PPM_DefaultCalibrationColor" 10790
"/Engine/EngineMaterials/Substrate/Volume/SubstrateSimpleVolumeEnvLUT3D" 10791
"/Engine/EngineMaterials/Substrate/Volume/SubstrateSimpleVolumeLUT3D" 10792
"/Engine/EngineMaterials/Substrate/Glints2/AGlintTex2dArray2" 10793
"/Engine/Functions/Engine_MaterialFunctions03/Procedurals/HeightToNormalSmooth" 10794
"/InterchangeAssets/Functions/MX_Surface" 10795
"/NNEDenoiser/NNEDIM_HighQuality_Alpha" 10796
"../../../Engine/Plugins/NNE/NNEDenoiser/Content/NNEDOM_Output_Alpha.uasset" 10797
"../../../Engine/Plugins/NNE/NNEDenoiser/Content/NNEDIM_HighQuality_Default.uasset" 10798
"../../../Engine/Plugins/NNE/NNEDenoiser/Content/NNEDTIM_ColorAlbedoNormal_Alpha.uasset" 10799
"../../../Engine/Plugins/NNE/NNEDenoiser/Content/NNEDOM_Output_Default.uasset" 10800
"../../../Engine/Plugins/NNE/NNEDenoiser/Content/NNEDTIM_ColorAlbedoNormal_Default.uasset" 10801
"../../../Engine/Plugins/NNE/NNEDenoiser/Content/NNEDTOM_Output_Default.uasset" 10802
"../../../Engine/Plugins/NNE/NNEDenoiser/Content/NNEDTOM_Output_Alpha.uasset" 10803
"../../../Engine/Plugins/NNE/NNEDenoiser/Content/NNEDT_Oidn2-3_Balanced.uasset" 10804
"/NNEDenoiser/NNEDIM_ColorAlbedoNormal_Default" 10805
"/NNEDenoiser/NNEDIM_ColorAlbedoNormal_Alpha" 10806
"/InterchangeAssets/Functions/MX_Displacement" 10807
"../../../Engine/Plugins/NNE/NNEDenoiser/Content/NNED_Oidn2-3_Balanced.uasset" 10808
"../../../Engine/Plugins/NNE/NNEDenoiser/Content/NNEDT_Oidn2-3_Balanced_Alpha.uasset" 10809
"../../../Engine/Plugins/NNE/NNEDenoiser/Content/NNED_Oidn2-3_Balanced_Alpha.uasset" 10810
"../../../Engine/Plugins/NNE/NNEDenoiser/Content/NNED_Oidn2-3_Fast.uasset" 10811
"../../../Engine/Plugins/NNE/NNEDenoiser/Content/NNED_Oidn2-3_Fast_Alpha.uasset" 10812
"../../../Engine/Plugins/NNE/NNEDenoiser/Content/NNED_Oidn2-3_HighQuality.uasset" 10813
"../../../Engine/Plugins/NNE/NNEDenoiser/Content/NNED_Oidn2-3_HighQuality_Alpha.uasset" 10814
"../../../Engine/Plugins/NNE/NNEDenoiser/Content/NNE_oidn2-3-0_rt_hdr_alb_nrm_small__dyn__fp16_opset11_DenoiseAlpha.uasset" 10815
"../../../Engine/Plugins/NNE/NNEDenoiser/Content/NNE_oidn2-3-0_rt_hdr_alb_nrm_small__dyn__fp16_opset11_ForwardAlpha.uasset" 10816
"../../../Engine/Plugins/NNE/NNEDenoiser/Content/NNE_oidn2-3-0_rt_hdr_alb_nrm__dyn__fp16_opset11_DenoiseAlpha.uasset" 10817
"../../../Engine/Plugins/NNE/NNEDenoiser/Content/NNE_oidn2-3-0_rt_hdr_alb_nrm__dyn__fp16_opset11_ForwardAlpha.uasset" 10818
"../../../Engine/Plugins/NNE/NNEDenoiser/Content/NNE_oidn2-3-0_rt_hdr_calb_cnrm_large__dyn__fp16_opset11_DenoiseAlpha.uasset" 10819
"../../../Engine/Plugins/NNE/NNEDenoiser/Content/NNE_oidn2-3-0_rt_hdr_calb_cnrm_large__dyn__fp16_opset11_ForwardAlpha.uasset" 10820
"D:/game_develop/github/Orka2026-1/Orka/Content/MY/MyLevelSequence/SEO_BadEnding.uasset" 10821
"D:/game_develop/github/Orka2026-1/Orka/Content/MY/MyLevelSequence/SEO_HappyEnding.uasset" 10822
"/NNEDenoiser/NNEDT_Oidn2-3_Balanced" 10823
"/NNEDenoiser/NNEDTOM_Output_Default" 10824
"/NNEDenoiser/NNEDTOM_Output_Alpha" 10825
"/NNEDenoiser/NNEDTIM_ColorAlbedoNormal_Default" 10826
"/NNEDenoiser/NNEDTIM_ColorAlbedoNormal_Alpha" 10827
"/NNEDenoiser/NNEDOM_Output_Default" 10828
"/NNEDenoiser/NNEDOM_Output_Alpha" 10829
"/NNEDenoiser/NNEDIM_HighQuality_Default" 10830
"/Game/MY/MyLevelSequence/SEO_HappyEnding" 10831
"/Game/MY/MyLevelSequence/SEO_BadEnding" 10832
"/NNEDenoiser/NNED_Oidn2-3_Fast_Alpha" 10833
"/NNEDenoiser/NNED_Oidn2-3_Fast" 10834
"/NNEDenoiser/NNE_oidn2-3-0_rt_hdr_calb_cnrm_large__dyn__fp16_opset11_ForwardAlpha" 10835
"/NNEDenoiser/NNED_Oidn2-3_Balanced_Alpha" 10836
"/NNEDenoiser/NNED_Oidn2-3_Balanced" 10837
"D:/game_develop/github/Orka2026-1/Orka/Intermediate/ORTOptimizerPass_Optimized1024C532459FB2A6FA5134988EFEB6A2.onnx" 10838
"D:/game_develop/github/Orka2026-1/Orka/Intermediate/ORTOptimizerPass_Optimized177570CF427BF89D0BDEF8B7BE260E49.onnx" 10839
"/NNEDenoiser/NNEDT_Oidn2-3_Balanced_Alpha" 10840
"/NNEDenoiser/NNE_oidn2-3-0_rt_hdr_calb_cnrm_large__dyn__fp16_opset11_DenoiseAlpha" 10841
"/NNEDenoiser/NNE_oidn2-3-0_rt_hdr_alb_nrm__dyn__fp16_opset11_ForwardAlpha" 10842
"/NNEDenoiser/NNE_oidn2-3-0_rt_hdr_alb_nrm__dyn__fp16_opset11_DenoiseAlpha" 10843
"/NNEDenoiser/NNE_oidn2-3-0_rt_hdr_alb_nrm_small__dyn__fp16_opset11_ForwardAlpha" 10844
"/NNEDenoiser/NNE_oidn2-3-0_rt_hdr_alb_nrm_small__dyn__fp16_opset11_DenoiseAlpha" 10845
"/NNEDenoiser/NNED_Oidn2-3_HighQuality_Alpha" 10846
"/NNEDenoiser/NNED_Oidn2-3_HighQuality" 10847
"D:/game_develop/github/Orka2026-1/Orka/Intermediate/ORTOptimizerPass_OptimizedB8599A9046F6E87A99EE508E9861E121.onnx" 10848
"D:/game_develop/github/Orka2026-1/Orka/Intermediate/ORTOptimizerPass_Optimized8930918B41F6F97CEDD09FB12DD56B19.onnx" 10849
"D:/game_develop/github/Orka2026-1/Orka/Intermediate/ORTOptimizerPass_Optimized5081E99C44068FF4678422BE7F2B9078.onnx" 10850
"D:/game_develop/github/Orka2026-1/Orka/Intermediate/ORTOptimizerPass_Optimized192EF4AB4AA9D33522DC41A60BE2D7C2.onnx" 10851
"D:/game_develop/github/Orka2026-1/Orka/Intermediate/ORTOptimizerPass_OptimizedA730166E4C258CE8B80F4387EA90F6CD.onnx" 10852
"D:/game_develop/github/Orka2026-1/Orka/Intermediate/ORTOptimizerPass_OptimizedE132B999482B6422C1F525B78C82CC16.onnx" 10853
"D:/game_develop/github/Orka2026-1/Orka/Intermediate/ORTOptimizerPass_Optimized4FE285DB406B5A18AD3D168A2EF786A4.onnx" 10854
"D:/game_develop/github/Orka2026-1/Orka/Intermediate/ORTOptimizerPass_OptimizedC94BA77147849BE7AE8AB6BC6B0B01DB.onnx" 10855
"D:/game_develop/github/Orka2026-1/Orka/Intermediate/ORTOptimizerPass_Optimized20D9A7984B0D39C980D6D29F735E8C67.onnx" 10856
"D:/game_develop/github/Orka2026-1/Orka/Intermediate/ORTOptimizerPass_Optimized7A4FCEA340DB371DC28D04BA3BC12243.onnx" 10857
"../../../Engine/Content/EditorResources/BSPVertex.uasset" 10858
"../../../Engine/Content/EngineMaterials/DefaultBloomKernel.uasset" 10859
"../../../Engine/Content/EngineResources/FilmGrains/Marcie_Grain_v3_128_M2_000.uasset" 10860
"../../../Engine/Content/EngineResources/Development/ZenLogo_64.uasset" 10861
"../../../Engine/Content/EngineDebugMaterials/DebugEditorMaterial.uasset" 10862
"../../../Engine/Content/EngineMaterials/FastBlueNoise_scalar_128x128x64.uasset" 10863
"../../../Engine/Content/EngineMaterials/FastBlueNoise_scalar_128x128x8.uasset" 10864
"../../../Engine/Content/EngineMaterials/FastBlueNoise_vec2_128x128x64.uasset" 10865
"../../../Engine/Content/EngineMaterials/EnergyConservation/SheenLegacy_Energy.uasset" 10866
"../../../Engine/Content/EngineMaterials/SMAAAreaTex.uasset" 10867
"/Engine/EngineMaterials/SMAAAreaTex" 10868
"/Engine/EngineMaterials/EnergyConservation/SheenLegacy_Energy" 10869
"/Engine/EngineMaterials/FastBlueNoise_vec2_128x128x64" 10870
"/Engine/EngineMaterials/FastBlueNoise_scalar_128x128x8" 10871
"/Engine/EngineMaterials/FastBlueNoise_scalar_128x128x64" 10872
"/Engine/EngineDebugMaterials/DebugEditorMaterial" 10873
"/Engine/EngineResources/Development/ZenLogo_64" 10874
"/Engine/EngineResources/FilmGrains/Marcie_Grain_v3_128_M2_000" 10875
"/Engine/EngineMaterials/DefaultBloomKernel" 10876
"/Engine/EditorResources/BSPVertex" 10877
"../../../Engine/Content/EngineSounds/Master.uasset" 10878
"../../../Engine/Content/EngineMaterials/SMAASearchTex.uasset" 10879
"../../../Engine/Plugins/Interchange/Runtime/Content/Pipelines/DefaultAssetsPipeline.uasset" 10880
"../../../Engine/Plugins/Interchange/Runtime/Content/Pipelines/DefaultMaterialXPipeline.uasset" 10881
"../../../Engine/Plugins/Interchange/Runtime/Content/Pipelines/DefaultGLTFAssetsPipeline.uasset" 10882
"../../../Engine/Plugins/Interchange/Runtime/Content/Pipelines/DefaultGLTFPipeline.uasset" 10883
"../../../Engine/Plugins/Interchange/Runtime/Content/Pipelines/DefaultMaterialPipeline.uasset" 10884
"../../../Engine/Plugins/Interchange/Runtime/Content/Pipelines/DefaultTexturePipeline.uasset" 10885
"../../../Engine/Plugins/Interchange/Runtime/Content/Pipelines/DefaultAudioPipeline.uasset" 10886
"../../../Engine/Plugins/Interchange/Runtime/Content/Pipelines/DefaultSceneAssetsPipeline.uasset" 10887
"../../../Engine/Plugins/Interchange/Runtime/Content/Pipelines/DefaultSceneLevelPipeline.uasset" 10888
"../../../Engine/Plugins/Interchange/Runtime/Content/Pipelines/DefaultGLTFSceneAssetsPipeline.uasset" 10889
"../../../Engine/Plugins/Interchange/Assets/Content/Functions/MX_SurfaceUnlit.uasset" 10890
"../../../Engine/Plugins/Interchange/Assets/Content/Functions/MX_UsdPreviewSurface.uasset" 10891
"../../../Engine/Plugins/Interchange/Assets/Content/Substrate/MX_SimpleVolume.uasset" 10892
"../../../Engine/Plugins/Interchange/Assets/Content/Functions/MX_BurleyDiffuseBSDF.uasset" 10893
"../../../Engine/Plugins/Interchange/Assets/Content/Functions/MX_OrenNayarBSDF.uasset" 10894
"../../../Engine/Plugins/Interchange/Assets/Content/Functions/MX_TranslucentBSDF.uasset" 10895
"../../../Engine/Plugins/Interchange/Assets/Content/Functions/MX_ConductorBSDF.uasset" 10896
"../../../Engine/Plugins/Interchange/Assets/Content/Functions/MX_GeneralizedSchlickBSDF.uasset" 10897
"../../../Engine/Plugins/Interchange/Assets/Content/Functions/MX_DielectricBSDF.uasset" 10898
"../../../Engine/Plugins/Interchange/Assets/Content/Functions/MX_SubsurfaceBSDF.uasset" 10899
"../../../Engine/Plugins/Interchange/Assets/Content/Functions/MX_SheenBSDF.uasset" 10900
"../../../Engine/Plugins/Interchange/Assets/Content/Functions/MX_UniformEDF.uasset" 10901
"../../../Engine/Plugins/Interchange/Assets/Content/Functions/MX_ChiangHairBSDF.uasset" 10902
"../../../Engine/Plugins/Interchange/Assets/Content/Functions/MX_ConicalEDF.uasset" 10903
"../../../Engine/Plugins/Interchange/Assets/Content/Functions/MX_MeasuredEDF.uasset" 10904
"../../../Engine/Plugins/Interchange/Assets/Content/Functions/MX_AnisotropicVDF.uasset" 10905
"../../../Engine/Plugins/Interchange/Assets/Content/Functions/MX_AbsorptionVDF.uasset" 10906
"../../../Engine/Plugins/Animation/ControlRig/Content/Controls/ControlRigGizmoMaterial.uasset" 10907
"/ControlRig/Controls/ControlRigGizmoMaterial" 10908
"/InterchangeAssets/Functions/MX_AnisotropicVDF" 10909
"/InterchangeAssets/Functions/MX_AbsorptionVDF" 10910
"/InterchangeAssets/Functions/MX_MeasuredEDF" 10911
"/InterchangeAssets/Functions/MX_ConicalEDF" 10912
"/InterchangeAssets/Functions/MX_UniformEDF" 10913
"/InterchangeAssets/Functions/MX_ChiangHairBSDF" 10914
"/InterchangeAssets/Substrate/MX_SimpleVolume" 10915
"/InterchangeAssets/Functions/MX_UsdPreviewSurface" 10916
"/InterchangeAssets/Functions/MX_SurfaceUnlit" 10917
"/Interchange/Pipelines/DefaultGLTFSceneAssetsPipeline" 10918
"/Interchange/Pipelines/DefaultSceneLevelPipeline" 10919
"/Interchange/Pipelines/DefaultSceneAssetsPipeline" 10920
"/Interchange/Pipelines/DefaultAudioPipeline" 10921
"/Interchange/Pipelines/DefaultTexturePipeline" 10922
"/Interchange/Pipelines/DefaultMaterialPipeline" 10923
"/Interchange/Pipelines/DefaultGLTFPipeline" 10924
"/Interchange/Pipelines/DefaultGLTFAssetsPipeline" 10925
"/Interchange/Pipelines/DefaultMaterialXPipeline" 10926
"/Interchange/Pipelines/DefaultAssetsPipeline" 10927
"/Engine/EngineSounds/Master" 10928
"/Engine/EngineMaterials/SMAASearchTex" 10929
"/InterchangeAssets/Functions/MX_SheenBSDF" 10930
"/InterchangeAssets/Functions/MX_SubsurfaceBSDF" 10931
"/InterchangeAssets/Functions/MX_GeneralizedSchlickBSDF" 10932
"/InterchangeAssets/Functions/MX_ConductorBSDF" 10933
"/InterchangeAssets/Functions/MX_DielectricBSDF" 10934
"/InterchangeAssets/Functions/MX_TranslucentBSDF" 10935
"/InterchangeAssets/Functions/MX_BurleyDiffuseBSDF" 10936
"/InterchangeAssets/Functions/MX_OrenNayarBSDF" 10937
"D:/game_develop/github/Orka2026-1/Orka/DerivedDataCache/VT/TEXTURE_7C16439390E24F1F9468894FB4D4BC55_VTCHUNKD2DAB16BFF152507817E734DBB935160EA97A322" 10938
"D:/game_develop/github/Orka2026-1/Orka/DerivedDataCache/VT/TEXTURE_7C16439390E24F1F9468894FB4D4BC55_VTCHUNK38740DBD4108040D6985AA56705D97D46F27920C" 10939
"D:/game_develop/github/Orka2026-1/Orka/DerivedDataCache/VT/TEXTURE_7C16439390E24F1F9468894FB4D4BC55_VTCHUNK84C05FFC339C0CEFE446DED1628C0AFB5362331E" 10940
"D:/game_develop/github/Orka2026-1/Orka/DerivedDataCache/VT/TEXTURE_7C16439390E24F1F9468894FB4D4BC55_VTCHUNKC0393DE8C5B4673D99D1BECB92AA8C1F72FEB491" 10941
"D:/game_develop/github/Orka2026-1/Orka/DerivedDataCache/VT/TEXTURE_7C16439390E24F1F9468894FB4D4BC55_VTCHUNK02D4C3BCAD7DFA48AB32B8281FB06B8B83DB6275" 10942
"D:/game_develop/github/Orka2026-1/Orka/Saved/Cooked/Windows/Orka/Metadata/CookedSettings.txt" 10943
